width,repeat_id,seed,seed_simulator,noise_scale,setting,theta,shots,transpiled_depth,sx_gate_count,cx_gate_count,operations_json,counts_json
2,0,71000,3123956110,1,population,,512,5,1,1,"{""rz"": 2, ""measure"": 2, ""sx"": 1, ""cx"": 1, ""barrier"": 1}","{""00"": 243, ""01"": 24, ""10"": 17, ""11"": 228}"
2,0,71000,3014009126,1,parity_0,0.0,512,9,3,1,"{""rz"": 8, ""sx"": 3, ""measure"": 2, ""cx"": 1, ""barrier"": 1}","{""00"": 253, ""01"": 19, ""10"": 25, ""11"": 215}"
2,0,71000,3354249834,1,parity_1,1.5707963267948966,512,9,3,1,"{""rz"": 8, ""sx"": 3, ""measure"": 2, ""cx"": 1, ""barrier"": 1}","{""00"": 11, ""01"": 237, ""10"": 252, ""11"": 12}"
2,0,71000,4035286715,3,population,,512,13,3,3,"{""rz"": 6, ""sx"": 3, ""cx"": 3, ""measure"": 2, ""barrier"": 1}","{""00"": 226, ""01"": 29, ""10"": 27, ""11"": 230}"
2,0,71000,3869888962,3,parity_0,0.0,512,17,5,3,"{""rz"": 12, ""sx"": 5, ""cx"": 3, ""measure"": 2, ""barrier"": 1}","{""00"": 232, ""01"": 29, ""10"": 33, ""11"": 218}"
2,0,71000,2465405671,3,parity_1,1.5707963267948966,512,17,5,3,"{""rz"": 12, ""sx"": 5, ""cx"": 3, ""measure"": 2, ""barrier"": 1}","{""00"": 28, ""01"": 224, ""10"": 247, ""11"": 13}"
2,0,71000,3040638493,5,population,,512,21,5,5,"{""rz"": 10, ""sx"": 5, ""cx"": 5, ""measure"": 2, ""barrier"": 1}","{""00"": 234, ""01"": 26, ""10"": 30, ""11"": 222}"
2,0,71000,3264997536,5,parity_0,0.0,512,25,7,5,"{""rz"": 16, ""sx"": 7, ""cx"": 5, ""measure"": 2, ""barrier"": 1}","{""00"": 234, ""01"": 33, ""10"": 22, ""11"": 223}"
2,0,71000,3893968956,5,parity_1,1.5707963267948966,512,25,7,5,"{""rz"": 16, ""sx"": 7, ""cx"": 5, ""measure"": 2, ""barrier"": 1}","{""00"": 39, ""01"": 211, ""10"": 238, ""11"": 24}"
2,1,71001,32060913,1,population,,512,5,1,1,"{""rz"": 2, ""measure"": 2, ""sx"": 1, ""cx"": 1, ""barrier"": 1}","{""00"": 249, ""01"": 16, ""10"": 19, ""11"": 228}"
2,1,71001,3796531272,1,parity_0,0.0,512,9,3,1,"{""rz"": 8, ""sx"": 3, ""measure"": 2, ""cx"": 1, ""barrier"": 1}","{""00"": 257, ""01"": 20, ""10"": 31, ""11"": 204}"
2,1,71001,2844432932,1,parity_1,1.5707963267948966,512,9,3,1,"{""rz"": 8, ""sx"": 3, ""measure"": 2, ""cx"": 1, ""barrier"": 1}","{""00"": 22, ""01"": 243, ""10"": 230, ""11"": 17}"
2,1,71001,3975978890,3,population,,512,13,3,3,"{""rz"": 6, ""sx"": 3, ""cx"": 3, ""measure"": 2, ""barrier"": 1}","{""00"": 261, ""01"": 25, ""10"": 31, ""11"": 195}"
2,1,71001,2664148112,3,parity_0,0.0,512,17,5,3,"{""rz"": 12, ""sx"": 5, ""cx"": 3, ""measure"": 2, ""barrier"": 1}","{""00"": 240, ""01"": 22, ""10"": 23, ""11"": 227}"
2,1,71001,4047217941,3,parity_1,1.5707963267948966,512,17,5,3,"{""rz"": 12, ""sx"": 5, ""cx"": 3, ""measure"": 2, ""barrier"": 1}","{""00"": 33, ""01"": 231, ""10"": 229, ""11"": 19}"
2,1,71001,1275128933,5,population,,512,21,5,5,"{""rz"": 10, ""sx"": 5, ""cx"": 5, ""measure"": 2, ""barrier"": 1}","{""00"": 243, ""01"": 29, ""10"": 25, ""11"": 215}"
2,1,71001,3712285771,5,parity_0,0.0,512,25,7,5,"{""rz"": 16, ""sx"": 7, ""cx"": 5, ""measure"": 2, ""barrier"": 1}","{""00"": 238, ""01"": 29, ""10"": 29, ""11"": 216}"
2,1,71001,1255244543,5,parity_1,1.5707963267948966,512,25,7,5,"{""rz"": 16, ""sx"": 7, ""cx"": 5, ""measure"": 2, ""barrier"": 1}","{""00"": 41, ""01"": 227, ""10"": 225, ""11"": 19}"
2,2,71002,724914195,1,population,,512,5,1,1,"{""rz"": 2, ""measure"": 2, ""sx"": 1, ""cx"": 1, ""barrier"": 1}","{""00"": 231, ""01"": 28, ""10"": 19, ""11"": 234}"
2,2,71002,2301712058,1,parity_0,0.0,512,9,3,1,"{""rz"": 8, ""sx"": 3, ""measure"": 2, ""cx"": 1, ""barrier"": 1}","{""00"": 235, ""01"": 15, ""10"": 16, ""11"": 246}"
2,2,71002,595643133,1,parity_1,1.5707963267948966,512,9,3,1,"{""rz"": 8, ""sx"": 3, ""measure"": 2, ""cx"": 1, ""barrier"": 1}","{""00"": 27, ""01"": 252, ""10"": 219, ""11"": 14}"
2,2,71002,653684499,3,population,,512,13,3,3,"{""rz"": 6, ""sx"": 3, ""cx"": 3, ""measure"": 2, ""barrier"": 1}","{""00"": 222, ""01"": 25, ""10"": 35, ""11"": 230}"
2,2,71002,334909911,3,parity_0,0.0,512,17,5,3,"{""rz"": 12, ""sx"": 5, ""cx"": 3, ""measure"": 2, ""barrier"": 1}","{""00"": 239, ""01"": 27, ""10"": 19, ""11"": 227}"
2,2,71002,4268039584,3,parity_1,1.5707963267948966,512,17,5,3,"{""rz"": 12, ""sx"": 5, ""cx"": 3, ""measure"": 2, ""barrier"": 1}","{""00"": 33, ""01"": 239, ""10"": 223, ""11"": 17}"
2,2,71002,1579731830,5,population,,512,21,5,5,"{""rz"": 10, ""sx"": 5, ""cx"": 5, ""measure"": 2, ""barrier"": 1}","{""00"": 260, ""01"": 31, ""10"": 28, ""11"": 193}"
2,2,71002,2163990039,5,parity_0,0.0,512,25,7,5,"{""rz"": 16, ""sx"": 7, ""cx"": 5, ""measure"": 2, ""barrier"": 1}","{""00"": 234, ""01"": 24, ""10"": 30, ""11"": 224}"
2,2,71002,741187186,5,parity_1,1.5707963267948966,512,25,7,5,"{""rz"": 16, ""sx"": 7, ""cx"": 5, ""measure"": 2, ""barrier"": 1}","{""00"": 35, ""01"": 229, ""10"": 222, ""11"": 26}"
2,3,71003,4003078749,1,population,,512,5,1,1,"{""rz"": 2, ""measure"": 2, ""sx"": 1, ""cx"": 1, ""barrier"": 1}","{""00"": 231, ""01"": 24, ""10"": 20, ""11"": 237}"
2,3,71003,342206618,1,parity_0,0.0,512,9,3,1,"{""rz"": 8, ""sx"": 3, ""measure"": 2, ""cx"": 1, ""barrier"": 1}","{""00"": 232, ""01"": 18, ""10"": 17, ""11"": 245}"
2,3,71003,1912832846,1,parity_1,1.5707963267948966,512,9,3,1,"{""rz"": 8, ""sx"": 3, ""measure"": 2, ""cx"": 1, ""barrier"": 1}","{""00"": 29, ""01"": 243, ""10"": 219, ""11"": 21}"
2,3,71003,3971433176,3,population,,512,13,3,3,"{""rz"": 6, ""sx"": 3, ""cx"": 3, ""measure"": 2, ""barrier"": 1}","{""00"": 237, ""01"": 19, ""10"": 23, ""11"": 233}"
2,3,71003,1035466986,3,parity_0,0.0,512,17,5,3,"{""rz"": 12, ""sx"": 5, ""cx"": 3, ""measure"": 2, ""barrier"": 1}","{""00"": 212, ""01"": 32, ""10"": 28, ""11"": 240}"
2,3,71003,1875785615,3,parity_1,1.5707963267948966,512,17,5,3,"{""rz"": 12, ""sx"": 5, ""cx"": 3, ""measure"": 2, ""barrier"": 1}","{""00"": 30, ""01"": 215, ""10"": 240, ""11"": 27}"
2,3,71003,3784585551,5,population,,512,21,5,5,"{""rz"": 10, ""sx"": 5, ""cx"": 5, ""measure"": 2, ""barrier"": 1}","{""00"": 234, ""01"": 28, ""10"": 17, ""11"": 233}"
2,3,71003,2663427114,5,parity_0,0.0,512,25,7,5,"{""rz"": 16, ""sx"": 7, ""cx"": 5, ""measure"": 2, ""barrier"": 1}","{""00"": 223, ""01"": 34, ""10"": 21, ""11"": 234}"
2,3,71003,2164223763,5,parity_1,1.5707963267948966,512,25,7,5,"{""rz"": 16, ""sx"": 7, ""cx"": 5, ""measure"": 2, ""barrier"": 1}","{""00"": 34, ""01"": 210, ""10"": 250, ""11"": 18}"
2,4,71004,1536608238,1,population,,512,5,1,1,"{""rz"": 2, ""measure"": 2, ""sx"": 1, ""cx"": 1, ""barrier"": 1}","{""00"": 227, ""01"": 21, ""10"": 21, ""11"": 243}"
2,4,71004,3406993120,1,parity_0,0.0,512,9,3,1,"{""rz"": 8, ""sx"": 3, ""measure"": 2, ""cx"": 1, ""barrier"": 1}","{""00"": 240, ""01"": 23, ""10"": 28, ""11"": 221}"
2,4,71004,140407772,1,parity_1,1.5707963267948966,512,9,3,1,"{""rz"": 8, ""sx"": 3, ""measure"": 2, ""cx"": 1, ""barrier"": 1}","{""00"": 17, ""01"": 228, ""10"": 239, ""11"": 28}"
2,4,71004,1497154381,3,population,,512,13,3,3,"{""rz"": 6, ""sx"": 3, ""cx"": 3, ""measure"": 2, ""barrier"": 1}","{""00"": 237, ""01"": 21, ""10"": 41, ""11"": 213}"
2,4,71004,3082524948,3,parity_0,0.0,512,17,5,3,"{""rz"": 12, ""sx"": 5, ""cx"": 3, ""measure"": 2, ""barrier"": 1}","{""00"": 250, ""01"": 21, ""10"": 22, ""11"": 219}"
2,4,71004,2089405799,3,parity_1,1.5707963267948966,512,17,5,3,"{""rz"": 12, ""sx"": 5, ""cx"": 3, ""measure"": 2, ""barrier"": 1}","{""00"": 28, ""01"": 223, ""10"": 238, ""11"": 23}"
2,4,71004,3132772925,5,population,,512,21,5,5,"{""rz"": 10, ""sx"": 5, ""cx"": 5, ""measure"": 2, ""barrier"": 1}","{""00"": 239, ""01"": 19, ""10"": 29, ""11"": 225}"
2,4,71004,522429710,5,parity_0,0.0,512,25,7,5,"{""rz"": 16, ""sx"": 7, ""cx"": 5, ""measure"": 2, ""barrier"": 1}","{""00"": 242, ""01"": 27, ""10"": 25, ""11"": 218}"
2,4,71004,742985889,5,parity_1,1.5707963267948966,512,25,7,5,"{""rz"": 16, ""sx"": 7, ""cx"": 5, ""measure"": 2, ""barrier"": 1}","{""00"": 38, ""01"": 226, ""10"": 231, ""11"": 17}"
2,5,71005,307296902,1,population,,512,5,1,1,"{""rz"": 2, ""measure"": 2, ""sx"": 1, ""cx"": 1, ""barrier"": 1}","{""00"": 239, ""01"": 16, ""10"": 23, ""11"": 234}"
2,5,71005,3023565115,1,parity_0,0.0,512,9,3,1,"{""rz"": 8, ""sx"": 3, ""measure"": 2, ""cx"": 1, ""barrier"": 1}","{""00"": 231, ""01"": 26, ""10"": 20, ""11"": 235}"
2,5,71005,2196729704,1,parity_1,1.5707963267948966,512,9,3,1,"{""rz"": 8, ""sx"": 3, ""measure"": 2, ""cx"": 1, ""barrier"": 1}","{""00"": 24, ""01"": 224, ""10"": 250, ""11"": 14}"
2,5,71005,380007942,3,population,,512,13,3,3,"{""rz"": 6, ""sx"": 3, ""cx"": 3, ""measure"": 2, ""barrier"": 1}","{""00"": 233, ""01"": 24, ""10"": 32, ""11"": 223}"
2,5,71005,2109813741,3,parity_0,0.0,512,17,5,3,"{""rz"": 12, ""sx"": 5, ""cx"": 3, ""measure"": 2, ""barrier"": 1}","{""00"": 249, ""01"": 22, ""10"": 24, ""11"": 217}"
2,5,71005,4014740941,3,parity_1,1.5707963267948966,512,17,5,3,"{""rz"": 12, ""sx"": 5, ""cx"": 3, ""measure"": 2, ""barrier"": 1}","{""00"": 26, ""01"": 232, ""10"": 234, ""11"": 20}"
2,5,71005,344533787,5,population,,512,21,5,5,"{""rz"": 10, ""sx"": 5, ""cx"": 5, ""measure"": 2, ""barrier"": 1}","{""00"": 212, ""01"": 35, ""10"": 37, ""11"": 228}"
2,5,71005,101172964,5,parity_0,0.0,512,25,7,5,"{""rz"": 16, ""sx"": 7, ""cx"": 5, ""measure"": 2, ""barrier"": 1}","{""00"": 221, ""01"": 29, ""10"": 34, ""11"": 228}"
2,5,71005,2365134292,5,parity_1,1.5707963267948966,512,25,7,5,"{""rz"": 16, ""sx"": 7, ""cx"": 5, ""measure"": 2, ""barrier"": 1}","{""00"": 31, ""01"": 245, ""10"": 208, ""11"": 28}"
2,6,71006,2911063788,1,population,,512,5,1,1,"{""rz"": 2, ""measure"": 2, ""sx"": 1, ""cx"": 1, ""barrier"": 1}","{""00"": 243, ""01"": 24, ""10"": 14, ""11"": 231}"
2,6,71006,1157380805,1,parity_0,0.0,512,9,3,1,"{""rz"": 8, ""sx"": 3, ""measure"": 2, ""cx"": 1, ""barrier"": 1}","{""00"": 228, ""01"": 22, ""10"": 25, ""11"": 237}"
2,6,71006,3060178917,1,parity_1,1.5707963267948966,512,9,3,1,"{""rz"": 8, ""sx"": 3, ""measure"": 2, ""cx"": 1, ""barrier"": 1}","{""00"": 29, ""01"": 254, ""10"": 210, ""11"": 19}"
2,6,71006,3860419437,3,population,,512,13,3,3,"{""rz"": 6, ""sx"": 3, ""cx"": 3, ""measure"": 2, ""barrier"": 1}","{""00"": 230, ""01"": 27, ""10"": 34, ""11"": 221}"
2,6,71006,2894703713,3,parity_0,0.0,512,17,5,3,"{""rz"": 12, ""sx"": 5, ""cx"": 3, ""measure"": 2, ""barrier"": 1}","{""00"": 237, ""01"": 25, ""10"": 26, ""11"": 224}"
2,6,71006,2332984270,3,parity_1,1.5707963267948966,512,17,5,3,"{""rz"": 12, ""sx"": 5, ""cx"": 3, ""measure"": 2, ""barrier"": 1}","{""00"": 20, ""01"": 244, ""10"": 232, ""11"": 16}"
2,6,71006,2956531031,5,population,,512,21,5,5,"{""rz"": 10, ""sx"": 5, ""cx"": 5, ""measure"": 2, ""barrier"": 1}","{""00"": 250, ""01"": 27, ""10"": 31, ""11"": 204}"
2,6,71006,2992343278,5,parity_0,0.0,512,25,7,5,"{""rz"": 16, ""sx"": 7, ""cx"": 5, ""measure"": 2, ""barrier"": 1}","{""00"": 226, ""01"": 26, ""10"": 26, ""11"": 234}"
2,6,71006,871835896,5,parity_1,1.5707963267948966,512,25,7,5,"{""rz"": 16, ""sx"": 7, ""cx"": 5, ""measure"": 2, ""barrier"": 1}","{""00"": 26, ""01"": 223, ""10"": 240, ""11"": 23}"
2,7,71007,684896684,1,population,,512,5,1,1,"{""rz"": 2, ""measure"": 2, ""sx"": 1, ""cx"": 1, ""barrier"": 1}","{""00"": 249, ""01"": 27, ""10"": 22, ""11"": 214}"
2,7,71007,69666354,1,parity_0,0.0,512,9,3,1,"{""rz"": 8, ""sx"": 3, ""measure"": 2, ""cx"": 1, ""barrier"": 1}","{""00"": 245, ""01"": 18, ""10"": 17, ""11"": 232}"
2,7,71007,913152573,1,parity_1,1.5707963267948966,512,9,3,1,"{""rz"": 8, ""sx"": 3, ""measure"": 2, ""cx"": 1, ""barrier"": 1}","{""00"": 31, ""01"": 243, ""10"": 222, ""11"": 16}"
2,7,71007,2369769575,3,population,,512,13,3,3,"{""rz"": 6, ""sx"": 3, ""cx"": 3, ""measure"": 2, ""barrier"": 1}","{""00"": 220, ""01"": 27, ""10"": 29, ""11"": 236}"
2,7,71007,1702367624,3,parity_0,0.0,512,17,5,3,"{""rz"": 12, ""sx"": 5, ""cx"": 3, ""measure"": 2, ""barrier"": 1}","{""00"": 207, ""01"": 30, ""10"": 27, ""11"": 248}"
2,7,71007,1376191890,3,parity_1,1.5707963267948966,512,17,5,3,"{""rz"": 12, ""sx"": 5, ""cx"": 3, ""measure"": 2, ""barrier"": 1}","{""00"": 23, ""01"": 226, ""10"": 239, ""11"": 24}"
2,7,71007,3450844687,5,population,,512,21,5,5,"{""rz"": 10, ""sx"": 5, ""cx"": 5, ""measure"": 2, ""barrier"": 1}","{""00"": 243, ""01"": 18, ""10"": 21, ""11"": 230}"
2,7,71007,285235194,5,parity_0,0.0,512,25,7,5,"{""rz"": 16, ""sx"": 7, ""cx"": 5, ""measure"": 2, ""barrier"": 1}","{""00"": 236, ""01"": 30, ""10"": 32, ""11"": 214}"
2,7,71007,1843056291,5,parity_1,1.5707963267948966,512,25,7,5,"{""rz"": 16, ""sx"": 7, ""cx"": 5, ""measure"": 2, ""barrier"": 1}","{""00"": 29, ""01"": 213, ""10"": 234, ""11"": 36}"
2,8,71008,2088027179,1,population,,512,5,1,1,"{""rz"": 2, ""measure"": 2, ""sx"": 1, ""cx"": 1, ""barrier"": 1}","{""00"": 232, ""01"": 28, ""10"": 20, ""11"": 232}"
2,8,71008,1394852994,1,parity_0,0.0,512,9,3,1,"{""rz"": 8, ""sx"": 3, ""measure"": 2, ""cx"": 1, ""barrier"": 1}","{""00"": 240, ""01"": 21, ""10"": 16, ""11"": 235}"
2,8,71008,472472951,1,parity_1,1.5707963267948966,512,9,3,1,"{""rz"": 8, ""sx"": 3, ""measure"": 2, ""cx"": 1, ""barrier"": 1}","{""00"": 36, ""01"": 234, ""10"": 227, ""11"": 15}"
2,8,71008,2227176478,3,population,,512,13,3,3,"{""rz"": 6, ""sx"": 3, ""cx"": 3, ""measure"": 2, ""barrier"": 1}","{""00"": 223, ""01"": 20, ""10"": 26, ""11"": 243}"
2,8,71008,1963696856,3,parity_0,0.0,512,17,5,3,"{""rz"": 12, ""sx"": 5, ""cx"": 3, ""measure"": 2, ""barrier"": 1}","{""00"": 241, ""01"": 21, ""10"": 26, ""11"": 224}"
2,8,71008,4038829709,3,parity_1,1.5707963267948966,512,17,5,3,"{""rz"": 12, ""sx"": 5, ""cx"": 3, ""measure"": 2, ""barrier"": 1}","{""00"": 32, ""01"": 230, ""10"": 229, ""11"": 21}"
2,8,71008,455269621,5,population,,512,21,5,5,"{""rz"": 10, ""sx"": 5, ""cx"": 5, ""measure"": 2, ""barrier"": 1}","{""00"": 240, ""01"": 35, ""10"": 26, ""11"": 211}"
2,8,71008,2060191230,5,parity_0,0.0,512,25,7,5,"{""rz"": 16, ""sx"": 7, ""cx"": 5, ""measure"": 2, ""barrier"": 1}","{""00"": 238, ""01"": 22, ""10"": 22, ""11"": 230}"
2,8,71008,3647600377,5,parity_1,1.5707963267948966,512,25,7,5,"{""rz"": 16, ""sx"": 7, ""cx"": 5, ""measure"": 2, ""barrier"": 1}","{""00"": 27, ""01"": 247, ""10"": 215, ""11"": 23}"
2,9,71009,3126935438,1,population,,512,5,1,1,"{""rz"": 2, ""measure"": 2, ""sx"": 1, ""cx"": 1, ""barrier"": 1}","{""00"": 253, ""01"": 24, ""10"": 23, ""11"": 212}"
2,9,71009,1966415441,1,parity_0,0.0,512,9,3,1,"{""rz"": 8, ""sx"": 3, ""measure"": 2, ""cx"": 1, ""barrier"": 1}","{""00"": 208, ""01"": 16, ""10"": 32, ""11"": 256}"
2,9,71009,1858254559,1,parity_1,1.5707963267948966,512,9,3,1,"{""rz"": 8, ""sx"": 3, ""measure"": 2, ""cx"": 1, ""barrier"": 1}","{""00"": 33, ""01"": 237, ""10"": 231, ""11"": 11}"
2,9,71009,3620834075,3,population,,512,13,3,3,"{""rz"": 6, ""sx"": 3, ""cx"": 3, ""measure"": 2, ""barrier"": 1}","{""00"": 223, ""01"": 25, ""10"": 28, ""11"": 236}"
2,9,71009,2043499744,3,parity_0,0.0,512,17,5,3,"{""rz"": 12, ""sx"": 5, ""cx"": 3, ""measure"": 2, ""barrier"": 1}","{""00"": 217, ""01"": 22, ""10"": 36, ""11"": 237}"
2,9,71009,3724471315,3,parity_1,1.5707963267948966,512,17,5,3,"{""rz"": 12, ""sx"": 5, ""cx"": 3, ""measure"": 2, ""barrier"": 1}","{""00"": 31, ""01"": 225, ""10"": 232, ""11"": 24}"
2,9,71009,1934241892,5,population,,512,21,5,5,"{""rz"": 10, ""sx"": 5, ""cx"": 5, ""measure"": 2, ""barrier"": 1}","{""00"": 255, ""01"": 34, ""10"": 30, ""11"": 193}"
2,9,71009,1052382903,5,parity_0,0.0,512,25,7,5,"{""rz"": 16, ""sx"": 7, ""cx"": 5, ""measure"": 2, ""barrier"": 1}","{""00"": 230, ""01"": 25, ""10"": 33, ""11"": 224}"
2,9,71009,2966290727,5,parity_1,1.5707963267948966,512,25,7,5,"{""rz"": 16, ""sx"": 7, ""cx"": 5, ""measure"": 2, ""barrier"": 1}","{""00"": 22, ""01"": 231, ""10"": 230, ""11"": 29}"
2,10,71010,59667914,1,population,,512,5,1,1,"{""rz"": 2, ""measure"": 2, ""sx"": 1, ""cx"": 1, ""barrier"": 1}","{""00"": 236, ""01"": 18, ""10"": 21, ""11"": 237}"
2,10,71010,2958584498,1,parity_0,0.0,512,9,3,1,"{""rz"": 8, ""sx"": 3, ""measure"": 2, ""cx"": 1, ""barrier"": 1}","{""00"": 225, ""01"": 29, ""10"": 23, ""11"": 235}"
2,10,71010,2282921583,1,parity_1,1.5707963267948966,512,9,3,1,"{""rz"": 8, ""sx"": 3, ""measure"": 2, ""cx"": 1, ""barrier"": 1}","{""00"": 20, ""01"": 250, ""10"": 223, ""11"": 19}"
2,10,71010,102767192,3,population,,512,13,3,3,"{""rz"": 6, ""sx"": 3, ""cx"": 3, ""measure"": 2, ""barrier"": 1}","{""00"": 233, ""01"": 19, ""10"": 28, ""11"": 232}"
2,10,71010,2868067840,3,parity_0,0.0,512,17,5,3,"{""rz"": 12, ""sx"": 5, ""cx"": 3, ""measure"": 2, ""barrier"": 1}","{""00"": 238, ""01"": 29, ""10"": 24, ""11"": 221}"
2,10,71010,2529983039,3,parity_1,1.5707963267948966,512,17,5,3,"{""rz"": 12, ""sx"": 5, ""cx"": 3, ""measure"": 2, ""barrier"": 1}","{""00"": 37, ""01"": 245, ""10"": 213, ""11"": 17}"
2,10,71010,3087056219,5,population,,512,21,5,5,"{""rz"": 10, ""sx"": 5, ""cx"": 5, ""measure"": 2, ""barrier"": 1}","{""00"": 241, ""01"": 36, ""10"": 26, ""11"": 209}"
2,10,71010,239820425,5,parity_0,0.0,512,25,7,5,"{""rz"": 16, ""sx"": 7, ""cx"": 5, ""measure"": 2, ""barrier"": 1}","{""00"": 241, ""01"": 34, ""10"": 26, ""11"": 211}"
2,10,71010,2308345424,5,parity_1,1.5707963267948966,512,25,7,5,"{""rz"": 16, ""sx"": 7, ""cx"": 5, ""measure"": 2, ""barrier"": 1}","{""00"": 40, ""01"": 211, ""10"": 233, ""11"": 28}"
2,11,71011,1593274668,1,population,,512,5,1,1,"{""rz"": 2, ""measure"": 2, ""sx"": 1, ""cx"": 1, ""barrier"": 1}","{""00"": 235, ""01"": 19, ""10"": 18, ""11"": 240}"
2,11,71011,3243447128,1,parity_0,0.0,512,9,3,1,"{""rz"": 8, ""sx"": 3, ""measure"": 2, ""cx"": 1, ""barrier"": 1}","{""00"": 247, ""01"": 23, ""10"": 12, ""11"": 230}"
2,11,71011,158853844,1,parity_1,1.5707963267948966,512,9,3,1,"{""rz"": 8, ""sx"": 3, ""measure"": 2, ""cx"": 1, ""barrier"": 1}","{""00"": 24, ""01"": 230, ""10"": 239, ""11"": 19}"
2,11,71011,1200236104,3,population,,512,13,3,3,"{""rz"": 6, ""sx"": 3, ""cx"": 3, ""measure"": 2, ""barrier"": 1}","{""00"": 240, ""01"": 18, ""10"": 32, ""11"": 222}"
2,11,71011,4283261381,3,parity_0,0.0,512,17,5,3,"{""rz"": 12, ""sx"": 5, ""cx"": 3, ""measure"": 2, ""barrier"": 1}","{""00"": 252, ""01"": 25, ""10"": 26, ""11"": 209}"
2,11,71011,449241338,3,parity_1,1.5707963267948966,512,17,5,3,"{""rz"": 12, ""sx"": 5, ""cx"": 3, ""measure"": 2, ""barrier"": 1}","{""00"": 28, ""01"": 221, ""10"": 246, ""11"": 17}"
2,11,71011,3508520161,5,population,,512,21,5,5,"{""rz"": 10, ""sx"": 5, ""cx"": 5, ""measure"": 2, ""barrier"": 1}","{""00"": 219, ""01"": 31, ""10"": 24, ""11"": 238}"
2,11,71011,3443374654,5,parity_0,0.0,512,25,7,5,"{""rz"": 16, ""sx"": 7, ""cx"": 5, ""measure"": 2, ""barrier"": 1}","{""00"": 254, ""01"": 30, ""10"": 26, ""11"": 202}"
2,11,71011,1995915655,5,parity_1,1.5707963267948966,512,25,7,5,"{""rz"": 16, ""sx"": 7, ""cx"": 5, ""measure"": 2, ""barrier"": 1}","{""00"": 37, ""01"": 235, ""10"": 215, ""11"": 25}"
2,12,71012,93860213,1,population,,512,5,1,1,"{""rz"": 2, ""measure"": 2, ""sx"": 1, ""cx"": 1, ""barrier"": 1}","{""00"": 248, ""01"": 22, ""10"": 19, ""11"": 223}"
2,12,71012,2966894268,1,parity_0,0.0,512,9,3,1,"{""rz"": 8, ""sx"": 3, ""measure"": 2, ""cx"": 1, ""barrier"": 1}","{""00"": 227, ""01"": 14, ""10"": 21, ""11"": 250}"
2,12,71012,3314708079,1,parity_1,1.5707963267948966,512,9,3,1,"{""rz"": 8, ""sx"": 3, ""measure"": 2, ""cx"": 1, ""barrier"": 1}","{""00"": 21, ""01"": 236, ""10"": 229, ""11"": 26}"
2,12,71012,3684062584,3,population,,512,13,3,3,"{""rz"": 6, ""sx"": 3, ""cx"": 3, ""measure"": 2, ""barrier"": 1}","{""00"": 238, ""01"": 21, ""10"": 28, ""11"": 225}"
2,12,71012,3349433402,3,parity_0,0.0,512,17,5,3,"{""rz"": 12, ""sx"": 5, ""cx"": 3, ""measure"": 2, ""barrier"": 1}","{""00"": 236, ""01"": 27, ""10"": 28, ""11"": 221}"
2,12,71012,4132637373,3,parity_1,1.5707963267948966,512,17,5,3,"{""rz"": 12, ""sx"": 5, ""cx"": 3, ""measure"": 2, ""barrier"": 1}","{""00"": 20, ""01"": 244, ""10"": 223, ""11"": 25}"
2,12,71012,2635835904,5,population,,512,21,5,5,"{""rz"": 10, ""sx"": 5, ""cx"": 5, ""measure"": 2, ""barrier"": 1}","{""00"": 228, ""01"": 31, ""10"": 38, ""11"": 215}"
2,12,71012,3660414541,5,parity_0,0.0,512,25,7,5,"{""rz"": 16, ""sx"": 7, ""cx"": 5, ""measure"": 2, ""barrier"": 1}","{""00"": 242, ""01"": 26, ""10"": 36, ""11"": 208}"
2,12,71012,2578293238,5,parity_1,1.5707963267948966,512,25,7,5,"{""rz"": 16, ""sx"": 7, ""cx"": 5, ""measure"": 2, ""barrier"": 1}","{""00"": 31, ""01"": 228, ""10"": 234, ""11"": 19}"
2,13,71013,2620781210,1,population,,512,5,1,1,"{""rz"": 2, ""measure"": 2, ""sx"": 1, ""cx"": 1, ""barrier"": 1}","{""00"": 246, ""01"": 25, ""10"": 17, ""11"": 224}"
2,13,71013,2254000086,1,parity_0,0.0,512,9,3,1,"{""rz"": 8, ""sx"": 3, ""measure"": 2, ""cx"": 1, ""barrier"": 1}","{""00"": 253, ""01"": 23, ""10"": 27, ""11"": 209}"
2,13,71013,2128671057,1,parity_1,1.5707963267948966,512,9,3,1,"{""rz"": 8, ""sx"": 3, ""measure"": 2, ""cx"": 1, ""barrier"": 1}","{""00"": 24, ""01"": 246, ""10"": 231, ""11"": 11}"
2,13,71013,393505843,3,population,,512,13,3,3,"{""rz"": 6, ""sx"": 3, ""cx"": 3, ""measure"": 2, ""barrier"": 1}","{""00"": 248, ""01"": 29, ""10"": 16, ""11"": 219}"
2,13,71013,3176203919,3,parity_0,0.0,512,17,5,3,"{""rz"": 12, ""sx"": 5, ""cx"": 3, ""measure"": 2, ""barrier"": 1}","{""00"": 233, ""01"": 39, ""10"": 24, ""11"": 216}"
2,13,71013,3848948350,3,parity_1,1.5707963267948966,512,17,5,3,"{""rz"": 12, ""sx"": 5, ""cx"": 3, ""measure"": 2, ""barrier"": 1}","{""00"": 34, ""01"": 224, ""10"": 238, ""11"": 16}"
2,13,71013,3183329678,5,population,,512,21,5,5,"{""rz"": 10, ""sx"": 5, ""cx"": 5, ""measure"": 2, ""barrier"": 1}","{""00"": 222, ""01"": 31, ""10"": 28, ""11"": 231}"
2,13,71013,301328101,5,parity_0,0.0,512,25,7,5,"{""rz"": 16, ""sx"": 7, ""cx"": 5, ""measure"": 2, ""barrier"": 1}","{""00"": 238, ""01"": 19, ""10"": 30, ""11"": 225}"
2,13,71013,1375860202,5,parity_1,1.5707963267948966,512,25,7,5,"{""rz"": 16, ""sx"": 7, ""cx"": 5, ""measure"": 2, ""barrier"": 1}","{""00"": 32, ""01"": 247, ""10"": 199, ""11"": 34}"
2,14,71014,2852159587,1,population,,512,5,1,1,"{""rz"": 2, ""measure"": 2, ""sx"": 1, ""cx"": 1, ""barrier"": 1}","{""00"": 229, ""01"": 23, ""10"": 25, ""11"": 235}"
2,14,71014,2698537646,1,parity_0,0.0,512,9,3,1,"{""rz"": 8, ""sx"": 3, ""measure"": 2, ""cx"": 1, ""barrier"": 1}","{""00"": 229, ""01"": 22, ""10"": 26, ""11"": 235}"
2,14,71014,4096512843,1,parity_1,1.5707963267948966,512,9,3,1,"{""rz"": 8, ""sx"": 3, ""measure"": 2, ""cx"": 1, ""barrier"": 1}","{""00"": 27, ""01"": 249, ""10"": 224, ""11"": 12}"
2,14,71014,2368336483,3,population,,512,13,3,3,"{""rz"": 6, ""sx"": 3, ""cx"": 3, ""measure"": 2, ""barrier"": 1}","{""00"": 238, ""01"": 30, ""10"": 23, ""11"": 221}"
2,14,71014,440615433,3,parity_0,0.0,512,17,5,3,"{""rz"": 12, ""sx"": 5, ""cx"": 3, ""measure"": 2, ""barrier"": 1}","{""00"": 245, ""01"": 30, ""10"": 29, ""11"": 208}"
2,14,71014,3700068365,3,parity_1,1.5707963267948966,512,17,5,3,"{""rz"": 12, ""sx"": 5, ""cx"": 3, ""measure"": 2, ""barrier"": 1}","{""00"": 29, ""01"": 218, ""10"": 247, ""11"": 18}"
2,14,71014,473858133,5,population,,512,21,5,5,"{""rz"": 10, ""sx"": 5, ""cx"": 5, ""measure"": 2, ""barrier"": 1}","{""00"": 229, ""01"": 29, ""10"": 35, ""11"": 219}"
2,14,71014,1265036737,5,parity_0,0.0,512,25,7,5,"{""rz"": 16, ""sx"": 7, ""cx"": 5, ""measure"": 2, ""barrier"": 1}","{""00"": 212, ""01"": 26, ""10"": 36, ""11"": 238}"
2,14,71014,1531662641,5,parity_1,1.5707963267948966,512,25,7,5,"{""rz"": 16, ""sx"": 7, ""cx"": 5, ""measure"": 2, ""barrier"": 1}","{""00"": 42, ""01"": 213, ""10"": 226, ""11"": 31}"
2,15,71015,3411551552,1,population,,512,5,1,1,"{""rz"": 2, ""measure"": 2, ""sx"": 1, ""cx"": 1, ""barrier"": 1}","{""00"": 236, ""01"": 21, ""10"": 32, ""11"": 223}"
2,15,71015,3387688526,1,parity_0,0.0,512,9,3,1,"{""rz"": 8, ""sx"": 3, ""measure"": 2, ""cx"": 1, ""barrier"": 1}","{""00"": 220, ""01"": 27, ""10"": 14, ""11"": 251}"
2,15,71015,827291834,1,parity_1,1.5707963267948966,512,9,3,1,"{""rz"": 8, ""sx"": 3, ""measure"": 2, ""cx"": 1, ""barrier"": 1}","{""00"": 26, ""01"": 233, ""10"": 236, ""11"": 17}"
2,15,71015,1599379387,3,population,,512,13,3,3,"{""rz"": 6, ""sx"": 3, ""cx"": 3, ""measure"": 2, ""barrier"": 1}","{""00"": 250, ""01"": 23, ""10"": 27, ""11"": 212}"
2,15,71015,257137689,3,parity_0,0.0,512,17,5,3,"{""rz"": 12, ""sx"": 5, ""cx"": 3, ""measure"": 2, ""barrier"": 1}","{""00"": 239, ""01"": 29, ""10"": 19, ""11"": 225}"
2,15,71015,1731580487,3,parity_1,1.5707963267948966,512,17,5,3,"{""rz"": 12, ""sx"": 5, ""cx"": 3, ""measure"": 2, ""barrier"": 1}","{""00"": 29, ""01"": 239, ""10"": 218, ""11"": 26}"
2,15,71015,989138522,5,population,,512,21,5,5,"{""rz"": 10, ""sx"": 5, ""cx"": 5, ""measure"": 2, ""barrier"": 1}","{""00"": 209, ""01"": 37, ""10"": 28, ""11"": 238}"
2,15,71015,3125517838,5,parity_0,0.0,512,25,7,5,"{""rz"": 16, ""sx"": 7, ""cx"": 5, ""measure"": 2, ""barrier"": 1}","{""00"": 227, ""01"": 32, ""10"": 23, ""11"": 230}"
2,15,71015,1251812983,5,parity_1,1.5707963267948966,512,25,7,5,"{""rz"": 16, ""sx"": 7, ""cx"": 5, ""measure"": 2, ""barrier"": 1}","{""00"": 34, ""01"": 213, ""10"": 237, ""11"": 28}"
2,16,71016,3953415687,1,population,,512,5,1,1,"{""rz"": 2, ""measure"": 2, ""sx"": 1, ""cx"": 1, ""barrier"": 1}","{""00"": 239, ""01"": 26, ""10"": 17, ""11"": 230}"
2,16,71016,2738763384,1,parity_0,0.0,512,9,3,1,"{""rz"": 8, ""sx"": 3, ""measure"": 2, ""cx"": 1, ""barrier"": 1}","{""00"": 267, ""01"": 14, ""10"": 23, ""11"": 208}"
2,16,71016,3586584841,1,parity_1,1.5707963267948966,512,9,3,1,"{""rz"": 8, ""sx"": 3, ""measure"": 2, ""cx"": 1, ""barrier"": 1}","{""00"": 28, ""01"": 230, ""10"": 239, ""11"": 15}"
2,16,71016,3612805538,3,population,,512,13,3,3,"{""rz"": 6, ""sx"": 3, ""cx"": 3, ""measure"": 2, ""barrier"": 1}","{""00"": 232, ""01"": 24, ""10"": 13, ""11"": 243}"
2,16,71016,1720634838,3,parity_0,0.0,512,17,5,3,"{""rz"": 12, ""sx"": 5, ""cx"": 3, ""measure"": 2, ""barrier"": 1}","{""00"": 237, ""01"": 24, ""10"": 23, ""11"": 228}"
2,16,71016,804160319,3,parity_1,1.5707963267948966,512,17,5,3,"{""rz"": 12, ""sx"": 5, ""cx"": 3, ""measure"": 2, ""barrier"": 1}","{""00"": 30, ""01"": 204, ""10"": 256, ""11"": 22}"
2,16,71016,2391253344,5,population,,512,21,5,5,"{""rz"": 10, ""sx"": 5, ""cx"": 5, ""measure"": 2, ""barrier"": 1}","{""00"": 236, ""01"": 19, ""10"": 33, ""11"": 224}"
2,16,71016,4154333327,5,parity_0,0.0,512,25,7,5,"{""rz"": 16, ""sx"": 7, ""cx"": 5, ""measure"": 2, ""barrier"": 1}","{""00"": 238, ""01"": 20, ""10"": 26, ""11"": 228}"
2,16,71016,105726924,5,parity_1,1.5707963267948966,512,25,7,5,"{""rz"": 16, ""sx"": 7, ""cx"": 5, ""measure"": 2, ""barrier"": 1}","{""00"": 34, ""01"": 226, ""10"": 218, ""11"": 34}"
2,17,71017,155574251,1,population,,512,5,1,1,"{""rz"": 2, ""measure"": 2, ""sx"": 1, ""cx"": 1, ""barrier"": 1}","{""00"": 244, ""01"": 18, ""10"": 19, ""11"": 231}"
2,17,71017,4141279051,1,parity_0,0.0,512,9,3,1,"{""rz"": 8, ""sx"": 3, ""measure"": 2, ""cx"": 1, ""barrier"": 1}","{""00"": 254, ""01"": 20, ""10"": 23, ""11"": 215}"
2,17,71017,1906663413,1,parity_1,1.5707963267948966,512,9,3,1,"{""rz"": 8, ""sx"": 3, ""measure"": 2, ""cx"": 1, ""barrier"": 1}","{""00"": 27, ""01"": 225, ""10"": 249, ""11"": 11}"
2,17,71017,638511707,3,population,,512,13,3,3,"{""rz"": 6, ""sx"": 3, ""cx"": 3, ""measure"": 2, ""barrier"": 1}","{""00"": 220, ""01"": 28, ""10"": 23, ""11"": 241}"
2,17,71017,1380490152,3,parity_0,0.0,512,17,5,3,"{""rz"": 12, ""sx"": 5, ""cx"": 3, ""measure"": 2, ""barrier"": 1}","{""00"": 239, ""01"": 22, ""10"": 20, ""11"": 231}"
2,17,71017,1973378918,3,parity_1,1.5707963267948966,512,17,5,3,"{""rz"": 12, ""sx"": 5, ""cx"": 3, ""measure"": 2, ""barrier"": 1}","{""00"": 31, ""01"": 224, ""10"": 235, ""11"": 22}"
2,17,71017,606750833,5,population,,512,21,5,5,"{""rz"": 10, ""sx"": 5, ""cx"": 5, ""measure"": 2, ""barrier"": 1}","{""00"": 248, ""01"": 20, ""10"": 27, ""11"": 217}"
2,17,71017,1230667681,5,parity_0,0.0,512,25,7,5,"{""rz"": 16, ""sx"": 7, ""cx"": 5, ""measure"": 2, ""barrier"": 1}","{""00"": 233, ""01"": 17, ""10"": 34, ""11"": 228}"
2,17,71017,1901439488,5,parity_1,1.5707963267948966,512,25,7,5,"{""rz"": 16, ""sx"": 7, ""cx"": 5, ""measure"": 2, ""barrier"": 1}","{""00"": 31, ""01"": 243, ""10"": 213, ""11"": 25}"
2,18,71018,625192484,1,population,,512,5,1,1,"{""rz"": 2, ""measure"": 2, ""sx"": 1, ""cx"": 1, ""barrier"": 1}","{""00"": 240, ""01"": 24, ""10"": 24, ""11"": 224}"
2,18,71018,4028056416,1,parity_0,0.0,512,9,3,1,"{""rz"": 8, ""sx"": 3, ""measure"": 2, ""cx"": 1, ""barrier"": 1}","{""00"": 237, ""01"": 23, ""10"": 27, ""11"": 225}"
2,18,71018,4240593157,1,parity_1,1.5707963267948966,512,9,3,1,"{""rz"": 8, ""sx"": 3, ""measure"": 2, ""cx"": 1, ""barrier"": 1}","{""00"": 22, ""01"": 230, ""10"": 242, ""11"": 18}"
2,18,71018,2042740186,3,population,,512,13,3,3,"{""rz"": 6, ""sx"": 3, ""cx"": 3, ""measure"": 2, ""barrier"": 1}","{""00"": 243, ""01"": 32, ""10"": 29, ""11"": 208}"
2,18,71018,762161677,3,parity_0,0.0,512,17,5,3,"{""rz"": 12, ""sx"": 5, ""cx"": 3, ""measure"": 2, ""barrier"": 1}","{""00"": 224, ""01"": 30, ""10"": 27, ""11"": 231}"
2,18,71018,2396467576,3,parity_1,1.5707963267948966,512,17,5,3,"{""rz"": 12, ""sx"": 5, ""cx"": 3, ""measure"": 2, ""barrier"": 1}","{""00"": 31, ""01"": 238, ""10"": 217, ""11"": 26}"
2,18,71018,2924833770,5,population,,512,21,5,5,"{""rz"": 10, ""sx"": 5, ""cx"": 5, ""measure"": 2, ""barrier"": 1}","{""00"": 237, ""01"": 20, ""10"": 29, ""11"": 226}"
2,18,71018,1656811674,5,parity_0,0.0,512,25,7,5,"{""rz"": 16, ""sx"": 7, ""cx"": 5, ""measure"": 2, ""barrier"": 1}","{""00"": 220, ""01"": 36, ""10"": 27, ""11"": 229}"
2,18,71018,1866050174,5,parity_1,1.5707963267948966,512,25,7,5,"{""rz"": 16, ""sx"": 7, ""cx"": 5, ""measure"": 2, ""barrier"": 1}","{""00"": 37, ""01"": 208, ""10"": 239, ""11"": 28}"
2,19,71019,1838681994,1,population,,512,5,1,1,"{""rz"": 2, ""measure"": 2, ""sx"": 1, ""cx"": 1, ""barrier"": 1}","{""00"": 241, ""01"": 16, ""10"": 25, ""11"": 230}"
2,19,71019,925571319,1,parity_0,0.0,512,9,3,1,"{""rz"": 8, ""sx"": 3, ""measure"": 2, ""cx"": 1, ""barrier"": 1}","{""00"": 229, ""01"": 20, ""10"": 28, ""11"": 235}"
2,19,71019,3985469527,1,parity_1,1.5707963267948966,512,9,3,1,"{""rz"": 8, ""sx"": 3, ""measure"": 2, ""cx"": 1, ""barrier"": 1}","{""00"": 28, ""01"": 220, ""10"": 246, ""11"": 18}"
2,19,71019,3568621531,3,population,,512,13,3,3,"{""rz"": 6, ""sx"": 3, ""cx"": 3, ""measure"": 2, ""barrier"": 1}","{""00"": 240, ""01"": 25, ""10"": 23, ""11"": 224}"
2,19,71019,3626698962,3,parity_0,0.0,512,17,5,3,"{""rz"": 12, ""sx"": 5, ""cx"": 3, ""measure"": 2, ""barrier"": 1}","{""00"": 231, ""01"": 17, ""10"": 23, ""11"": 241}"
2,19,71019,1900520723,3,parity_1,1.5707963267948966,512,17,5,3,"{""rz"": 12, ""sx"": 5, ""cx"": 3, ""measure"": 2, ""barrier"": 1}","{""00"": 39, ""01"": 219, ""10"": 236, ""11"": 18}"
2,19,71019,3754536562,5,population,,512,21,5,5,"{""rz"": 10, ""sx"": 5, ""cx"": 5, ""measure"": 2, ""barrier"": 1}","{""00"": 241, ""01"": 25, ""10"": 34, ""11"": 212}"
2,19,71019,1734554372,5,parity_0,0.0,512,25,7,5,"{""rz"": 16, ""sx"": 7, ""cx"": 5, ""measure"": 2, ""barrier"": 1}","{""00"": 237, ""01"": 25, ""10"": 26, ""11"": 224}"
2,19,71019,1429231893,5,parity_1,1.5707963267948966,512,25,7,5,"{""rz"": 16, ""sx"": 7, ""cx"": 5, ""measure"": 2, ""barrier"": 1}","{""00"": 49, ""01"": 196, ""10"": 249, ""11"": 18}"
3,0,72000,1280328934,1,population,,512,6,1,2,"{""measure"": 3, ""rz"": 2, ""cx"": 2, ""sx"": 1, ""barrier"": 1}","{""000"": 224, ""001"": 10, ""010"": 9, ""011"": 11, ""100"": 9, ""101"": 13, ""110"": 16, ""111"": 220}"
3,0,72000,3627695065,1,parity_0,0.0,512,10,4,2,"{""rz"": 11, ""sx"": 4, ""measure"": 3, ""cx"": 2, ""barrier"": 1}","{""000"": 130, ""001"": 15, ""010"": 19, ""011"": 100, ""100"": 13, ""101"": 111, ""110"": 110, ""111"": 14}"
3,0,72000,2739357346,1,parity_1,1.0471975511965976,512,10,4,2,"{""rz"": 11, ""sx"": 4, ""measure"": 3, ""cx"": 2, ""barrier"": 1}","{""000"": 25, ""001"": 112, ""010"": 112, ""011"": 12, ""100"": 115, ""101"": 10, ""110"": 19, ""111"": 107}"
3,0,72000,2993281835,1,parity_2,2.0943951023931953,512,10,4,2,"{""rz"": 11, ""sx"": 4, ""measure"": 3, ""cx"": 2, ""barrier"": 1}","{""000"": 107, ""001"": 21, ""010"": 22, ""011"": 101, ""100"": 20, ""101"": 113, ""110"": 109, ""111"": 19}"
3,0,72000,1783428891,3,population,,512,16,3,6,"{""rz"": 6, ""cx"": 6, ""sx"": 3, ""measure"": 3, ""barrier"": 1}","{""000"": 223, ""001"": 16, ""010"": 10, ""011"": 9, ""100"": 13, ""101"": 16, ""110"": 22, ""111"": 203}"
3,0,72000,2671193992,3,parity_0,0.0,512,20,6,6,"{""rz"": 15, ""sx"": 6, ""cx"": 6, ""measure"": 3, ""barrier"": 1}","{""000"": 107, ""001"": 21, ""010"": 19, ""011"": 103, ""100"": 15, ""101"": 132, ""110"": 98, ""111"": 17}"
3,0,72000,1795775357,3,parity_1,1.0471975511965976,512,20,6,6,"{""rz"": 15, ""sx"": 6, ""cx"": 6, ""measure"": 3, ""barrier"": 1}","{""000"": 19, ""001"": 107, ""010"": 118, ""011"": 14, ""100"": 114, ""101"": 19, ""110"": 21, ""111"": 100}"
3,0,72000,79068503,3,parity_2,2.0943951023931953,512,20,6,6,"{""rz"": 15, ""sx"": 6, ""cx"": 6, ""measure"": 3, ""barrier"": 1}","{""000"": 128, ""001"": 24, ""010"": 16, ""011"": 103, ""100"": 16, ""101"": 111, ""110"": 93, ""111"": 21}"
3,0,72000,2053498448,5,population,,512,26,5,10,"{""rz"": 10, ""cx"": 10, ""sx"": 5, ""measure"": 3, ""barrier"": 1}","{""000"": 204, ""001"": 20, ""010"": 11, ""011"": 11, ""100"": 12, ""101"": 20, ""110"": 33, ""111"": 201}"
3,0,72000,2373794372,5,parity_0,0.0,512,30,8,10,"{""rz"": 19, ""cx"": 10, ""sx"": 8, ""measure"": 3, ""barrier"": 1}","{""000"": 100, ""001"": 18, ""010"": 36, ""011"": 119, ""100"": 14, ""101"": 100, ""110"": 109, ""111"": 16}"
3,0,72000,4195707155,5,parity_1,1.0471975511965976,512,30,8,10,"{""rz"": 19, ""cx"": 10, ""sx"": 8, ""measure"": 3, ""barrier"": 1}","{""000"": 32, ""001"": 104, ""010"": 98, ""011"": 20, ""100"": 97, ""101"": 22, ""110"": 21, ""111"": 118}"
3,0,72000,2419487157,5,parity_2,2.0943951023931953,512,30,8,10,"{""rz"": 19, ""cx"": 10, ""sx"": 8, ""measure"": 3, ""barrier"": 1}","{""000"": 129, ""001"": 21, ""010"": 14, ""011"": 90, ""100"": 19, ""101"": 116, ""110"": 104, ""111"": 19}"
3,1,72001,1920043824,1,population,,512,6,1,2,"{""measure"": 3, ""rz"": 2, ""cx"": 2, ""sx"": 1, ""barrier"": 1}","{""000"": 231, ""001"": 9, ""010"": 6, ""011"": 11, ""100"": 12, ""101"": 12, ""110"": 16, ""111"": 215}"
3,1,72001,1055084168,1,parity_0,0.0,512,10,4,2,"{""rz"": 11, ""sx"": 4, ""measure"": 3, ""cx"": 2, ""barrier"": 1}","{""000"": 106, ""001"": 23, ""010"": 21, ""011"": 119, ""100"": 9, ""101"": 125, ""110"": 99, ""111"": 10}"
3,1,72001,1418736703,1,parity_1,1.0471975511965976,512,10,4,2,"{""rz"": 11, ""sx"": 4, ""measure"": 3, ""cx"": 2, ""barrier"": 1}","{""000"": 18, ""001"": 117, ""010"": 119, ""011"": 17, ""100"": 104, ""101"": 17, ""110"": 22, ""111"": 98}"
3,1,72001,1893697466,1,parity_2,2.0943951023931953,512,10,4,2,"{""rz"": 11, ""sx"": 4, ""measure"": 3, ""cx"": 2, ""barrier"": 1}","{""000"": 113, ""001"": 13, ""010"": 18, ""011"": 113, ""100"": 13, ""101"": 133, ""110"": 97, ""111"": 12}"
3,1,72001,2469475052,3,population,,512,16,3,6,"{""rz"": 6, ""cx"": 6, ""sx"": 3, ""measure"": 3, ""barrier"": 1}","{""000"": 209, ""001"": 19, ""010"": 12, ""011"": 12, ""100"": 11, ""101"": 16, ""110"": 11, ""111"": 222}"
3,1,72001,3841223424,3,parity_0,0.0,512,20,6,6,"{""rz"": 15, ""sx"": 6, ""cx"": 6, ""measure"": 3, ""barrier"": 1}","{""000"": 129, ""001"": 19, ""010"": 22, ""011"": 118, ""100"": 27, ""101"": 103, ""110"": 80, ""111"": 14}"
3,1,72001,2002297628,3,parity_1,1.0471975511965976,512,20,6,6,"{""rz"": 15, ""sx"": 6, ""cx"": 6, ""measure"": 3, ""barrier"": 1}","{""000"": 23, ""001"": 98, ""010"": 100, ""011"": 21, ""100"": 120, ""101"": 18, ""110"": 14, ""111"": 118}"
3,1,72001,1246491918,3,parity_2,2.0943951023931953,512,20,6,6,"{""rz"": 15, ""sx"": 6, ""cx"": 6, ""measure"": 3, ""barrier"": 1}","{""000"": 109, ""001"": 12, ""010"": 18, ""011"": 105, ""100"": 19, ""101"": 111, ""110"": 129, ""111"": 9}"
3,1,72001,826633306,5,population,,512,26,5,10,"{""rz"": 10, ""cx"": 10, ""sx"": 5, ""measure"": 3, ""barrier"": 1}","{""000"": 231, ""001"": 17, ""010"": 11, ""011"": 14, ""100"": 15, ""101"": 15, ""110"": 18, ""111"": 191}"
3,1,72001,1695107264,5,parity_0,0.0,512,30,8,10,"{""rz"": 19, ""cx"": 10, ""sx"": 8, ""measure"": 3, ""barrier"": 1}","{""000"": 112, ""001"": 23, ""010"": 24, ""011"": 106, ""100"": 22, ""101"": 102, ""110"": 108, ""111"": 15}"
3,1,72001,3528230635,5,parity_1,1.0471975511965976,512,30,8,10,"{""rz"": 19, ""cx"": 10, ""sx"": 8, ""measure"": 3, ""barrier"": 1}","{""000"": 26, ""001"": 116, ""010"": 92, ""011"": 15, ""100"": 116, ""101"": 23, ""110"": 12, ""111"": 112}"
3,1,72001,802354833,5,parity_2,2.0943951023931953,512,30,8,10,"{""rz"": 19, ""cx"": 10, ""sx"": 8, ""measure"": 3, ""barrier"": 1}","{""000"": 118, ""001"": 30, ""010"": 27, ""011"": 111, ""100"": 19, ""101"": 78, ""110"": 115, ""111"": 14}"
3,2,72002,1195600868,1,population,,512,6,1,2,"{""measure"": 3, ""rz"": 2, ""cx"": 2, ""sx"": 1, ""barrier"": 1}","{""000"": 251, ""001"": 11, ""010"": 6, ""011"": 10, ""100"": 7, ""101"": 13, ""110"": 19, ""111"": 195}"
3,2,72002,1600012390,1,parity_0,0.0,512,10,4,2,"{""rz"": 11, ""sx"": 4, ""measure"": 3, ""cx"": 2, ""barrier"": 1}","{""000"": 109, ""001"": 19, ""010"": 12, ""011"": 117, ""100"": 19, ""101"": 114, ""110"": 104, ""111"": 18}"
3,2,72002,1288916323,1,parity_1,1.0471975511965976,512,10,4,2,"{""rz"": 11, ""sx"": 4, ""measure"": 3, ""cx"": 2, ""barrier"": 1}","{""000"": 24, ""001"": 95, ""010"": 112, ""011"": 14, ""100"": 124, ""101"": 12, ""110"": 21, ""111"": 110}"
3,2,72002,4207751397,1,parity_2,2.0943951023931953,512,10,4,2,"{""rz"": 11, ""sx"": 4, ""measure"": 3, ""cx"": 2, ""barrier"": 1}","{""000"": 112, ""001"": 22, ""010"": 14, ""011"": 122, ""100"": 14, ""101"": 111, ""110"": 104, ""111"": 13}"
3,2,72002,2957760243,3,population,,512,16,3,6,"{""rz"": 6, ""cx"": 6, ""sx"": 3, ""measure"": 3, ""barrier"": 1}","{""000"": 204, ""001"": 12, ""010"": 13, ""011"": 14, ""100"": 16, ""101"": 16, ""110"": 17, ""111"": 220}"
3,2,72002,968330970,3,parity_0,0.0,512,20,6,6,"{""rz"": 15, ""sx"": 6, ""cx"": 6, ""measure"": 3, ""barrier"": 1}","{""000"": 122, ""001"": 14, ""010"": 20, ""011"": 111, ""100"": 21, ""101"": 100, ""110"": 102, ""111"": 22}"
3,2,72002,775491431,3,parity_1,1.0471975511965976,512,20,6,6,"{""rz"": 15, ""sx"": 6, ""cx"": 6, ""measure"": 3, ""barrier"": 1}","{""000"": 23, ""001"": 104, ""010"": 118, ""011"": 11, ""100"": 110, ""101"": 15, ""110"": 22, ""111"": 109}"
3,2,72002,2261728108,3,parity_2,2.0943951023931953,512,20,6,6,"{""rz"": 15, ""sx"": 6, ""cx"": 6, ""measure"": 3, ""barrier"": 1}","{""000"": 117, ""001"": 18, ""010"": 19, ""011"": 111, ""100"": 15, ""101"": 108, ""110"": 103, ""111"": 21}"
3,2,72002,1095619607,5,population,,512,26,5,10,"{""rz"": 10, ""cx"": 10, ""sx"": 5, ""measure"": 3, ""barrier"": 1}","{""000"": 211, ""001"": 28, ""010"": 12, ""011"": 11, ""100"": 18, ""101"": 16, ""110"": 24, ""111"": 192}"
3,2,72002,1055368118,5,parity_0,0.0,512,30,8,10,"{""rz"": 19, ""cx"": 10, ""sx"": 8, ""measure"": 3, ""barrier"": 1}","{""000"": 112, ""001"": 18, ""010"": 27, ""011"": 108, ""100"": 23, ""101"": 117, ""110"": 89, ""111"": 18}"
3,2,72002,682729381,5,parity_1,1.0471975511965976,512,30,8,10,"{""rz"": 19, ""cx"": 10, ""sx"": 8, ""measure"": 3, ""barrier"": 1}","{""000"": 21, ""001"": 95, ""010"": 95, ""011"": 29, ""100"": 110, ""101"": 25, ""110"": 23, ""111"": 114}"
3,2,72002,3409686180,5,parity_2,2.0943951023931953,512,30,8,10,"{""rz"": 19, ""cx"": 10, ""sx"": 8, ""measure"": 3, ""barrier"": 1}","{""000"": 121, ""001"": 26, ""010"": 23, ""011"": 105, ""100"": 30, ""101"": 95, ""110"": 89, ""111"": 23}"
3,3,72003,4184180571,1,population,,512,6,1,2,"{""measure"": 3, ""rz"": 2, ""cx"": 2, ""sx"": 1, ""barrier"": 1}","{""000"": 242, ""001"": 7, ""010"": 10, ""011"": 12, ""100"": 11, ""101"": 16, ""110"": 11, ""111"": 203}"
3,3,72003,2079922169,1,parity_0,0.0,512,10,4,2,"{""rz"": 11, ""sx"": 4, ""measure"": 3, ""cx"": 2, ""barrier"": 1}","{""000"": 119, ""001"": 18, ""010"": 18, ""011"": 108, ""100"": 22, ""101"": 115, ""110"": 103, ""111"": 9}"
3,3,72003,2377467390,1,parity_1,1.0471975511965976,512,10,4,2,"{""rz"": 11, ""sx"": 4, ""measure"": 3, ""cx"": 2, ""barrier"": 1}","{""000"": 24, ""001"": 110, ""010"": 112, ""011"": 13, ""100"": 124, ""101"": 14, ""110"": 17, ""111"": 98}"
3,3,72003,2839712605,1,parity_2,2.0943951023931953,512,10,4,2,"{""rz"": 11, ""sx"": 4, ""measure"": 3, ""cx"": 2, ""barrier"": 1}","{""000"": 128, ""001"": 12, ""010"": 15, ""011"": 105, ""100"": 14, ""101"": 121, ""110"": 98, ""111"": 19}"
3,3,72003,2103612560,3,population,,512,16,3,6,"{""rz"": 6, ""cx"": 6, ""sx"": 3, ""measure"": 3, ""barrier"": 1}","{""000"": 197, ""001"": 20, ""010"": 7, ""011"": 13, ""100"": 9, ""101"": 16, ""110"": 16, ""111"": 234}"
3,3,72003,1129646108,3,parity_0,0.0,512,20,6,6,"{""rz"": 15, ""sx"": 6, ""cx"": 6, ""measure"": 3, ""barrier"": 1}","{""000"": 97, ""001"": 23, ""010"": 13, ""011"": 98, ""100"": 25, ""101"": 118, ""110"": 120, ""111"": 18}"
3,3,72003,3715217215,3,parity_1,1.0471975511965976,512,20,6,6,"{""rz"": 15, ""sx"": 6, ""cx"": 6, ""measure"": 3, ""barrier"": 1}","{""000"": 28, ""001"": 97, ""010"": 95, ""011"": 18, ""100"": 117, ""101"": 29, ""110"": 12, ""111"": 116}"
3,3,72003,1017522748,3,parity_2,2.0943951023931953,512,20,6,6,"{""rz"": 15, ""sx"": 6, ""cx"": 6, ""measure"": 3, ""barrier"": 1}","{""000"": 123, ""001"": 17, ""010"": 19, ""011"": 111, ""100"": 23, ""101"": 107, ""110"": 93, ""111"": 19}"
3,3,72003,2378414801,5,population,,512,26,5,10,"{""rz"": 10, ""cx"": 10, ""sx"": 5, ""measure"": 3, ""barrier"": 1}","{""000"": 209, ""001"": 23, ""010"": 15, ""011"": 16, ""100"": 17, ""101"": 14, ""110"": 22, ""111"": 196}"
3,3,72003,835341672,5,parity_0,0.0,512,30,8,10,"{""rz"": 19, ""cx"": 10, ""sx"": 8, ""measure"": 3, ""barrier"": 1}","{""000"": 124, ""001"": 12, ""010"": 23, ""011"": 111, ""100"": 25, ""101"": 89, ""110"": 113, ""111"": 15}"
3,3,72003,211582375,5,parity_1,1.0471975511965976,512,30,8,10,"{""rz"": 19, ""cx"": 10, ""sx"": 8, ""measure"": 3, ""barrier"": 1}","{""000"": 27, ""001"": 88, ""010"": 119, ""011"": 26, ""100"": 100, ""101"": 20, ""110"": 26, ""111"": 106}"
3,3,72003,444035005,5,parity_2,2.0943951023931953,512,30,8,10,"{""rz"": 19, ""cx"": 10, ""sx"": 8, ""measure"": 3, ""barrier"": 1}","{""000"": 102, ""001"": 31, ""010"": 31, ""011"": 101, ""100"": 22, ""101"": 100, ""110"": 110, ""111"": 15}"
3,4,72004,1185463174,1,population,,512,6,1,2,"{""measure"": 3, ""rz"": 2, ""cx"": 2, ""sx"": 1, ""barrier"": 1}","{""000"": 215, ""001"": 7, ""010"": 9, ""011"": 10, ""100"": 10, ""101"": 15, ""110"": 14, ""111"": 232}"
3,4,72004,3509432543,1,parity_0,0.0,512,10,4,2,"{""rz"": 11, ""sx"": 4, ""measure"": 3, ""cx"": 2, ""barrier"": 1}","{""000"": 105, ""001"": 17, ""010"": 18, ""011"": 112, ""100"": 18, ""101"": 119, ""110"": 113, ""111"": 10}"
3,4,72004,56825423,1,parity_1,1.0471975511965976,512,10,4,2,"{""rz"": 11, ""sx"": 4, ""measure"": 3, ""cx"": 2, ""barrier"": 1}","{""000"": 24, ""001"": 118, ""010"": 106, ""011"": 17, ""100"": 116, ""101"": 17, ""110"": 16, ""111"": 98}"
3,4,72004,474514532,1,parity_2,2.0943951023931953,512,10,4,2,"{""rz"": 11, ""sx"": 4, ""measure"": 3, ""cx"": 2, ""barrier"": 1}","{""000"": 135, ""001"": 7, ""010"": 18, ""011"": 114, ""100"": 10, ""101"": 94, ""110"": 123, ""111"": 11}"
3,4,72004,1468872511,3,population,,512,16,3,6,"{""rz"": 6, ""cx"": 6, ""sx"": 3, ""measure"": 3, ""barrier"": 1}","{""000"": 210, ""001"": 12, ""010"": 11, ""011"": 11, ""100"": 15, ""101"": 15, ""110"": 19, ""111"": 219}"
3,4,72004,1805602086,3,parity_0,0.0,512,20,6,6,"{""rz"": 15, ""sx"": 6, ""cx"": 6, ""measure"": 3, ""barrier"": 1}","{""000"": 102, ""001"": 33, ""010"": 20, ""011"": 113, ""100"": 20, ""101"": 102, ""110"": 105, ""111"": 17}"
3,4,72004,2182849306,3,parity_1,1.0471975511965976,512,20,6,6,"{""rz"": 15, ""sx"": 6, ""cx"": 6, ""measure"": 3, ""barrier"": 1}","{""000"": 22, ""001"": 119, ""010"": 105, ""011"": 13, ""100"": 114, ""101"": 19, ""110"": 12, ""111"": 108}"
3,4,72004,3803819439,3,parity_2,2.0943951023931953,512,20,6,6,"{""rz"": 15, ""sx"": 6, ""cx"": 6, ""measure"": 3, ""barrier"": 1}","{""000"": 108, ""001"": 17, ""010"": 17, ""011"": 107, ""100"": 27, ""101"": 110, ""110"": 114, ""111"": 12}"
3,4,72004,1628131987,5,population,,512,26,5,10,"{""rz"": 10, ""cx"": 10, ""sx"": 5, ""measure"": 3, ""barrier"": 1}","{""000"": 207, ""001"": 18, ""010"": 15, ""011"": 18, ""100"": 14, ""101"": 14, ""110"": 27, ""111"": 199}"
3,4,72004,4282395647,5,parity_0,0.0,512,30,8,10,"{""rz"": 19, ""cx"": 10, ""sx"": 8, ""measure"": 3, ""barrier"": 1}","{""000"": 116, ""001"": 28, ""010"": 17, ""011"": 105, ""100"": 19, ""101"": 90, ""110"": 112, ""111"": 25}"
3,4,72004,1408348704,5,parity_1,1.0471975511965976,512,30,8,10,"{""rz"": 19, ""cx"": 10, ""sx"": 8, ""measure"": 3, ""barrier"": 1}","{""000"": 24, ""001"": 106, ""010"": 98, ""011"": 16, ""100"": 117, ""101"": 23, ""110"": 19, ""111"": 109}"
3,4,72004,2175163018,5,parity_2,2.0943951023931953,512,30,8,10,"{""rz"": 19, ""cx"": 10, ""sx"": 8, ""measure"": 3, ""barrier"": 1}","{""000"": 105, ""001"": 26, ""010"": 19, ""011"": 111, ""100"": 25, ""101"": 101, ""110"": 109, ""111"": 16}"
3,5,72005,3713166798,1,population,,512,6,1,2,"{""measure"": 3, ""rz"": 2, ""cx"": 2, ""sx"": 1, ""barrier"": 1}","{""000"": 221, ""001"": 11, ""010"": 11, ""011"": 16, ""100"": 8, ""101"": 13, ""110"": 10, ""111"": 222}"
3,5,72005,1155895964,1,parity_0,0.0,512,10,4,2,"{""rz"": 11, ""sx"": 4, ""measure"": 3, ""cx"": 2, ""barrier"": 1}","{""000"": 109, ""001"": 17, ""010"": 17, ""011"": 115, ""100"": 26, ""101"": 100, ""110"": 121, ""111"": 7}"
3,5,72005,4070044624,1,parity_1,1.0471975511965976,512,10,4,2,"{""rz"": 11, ""sx"": 4, ""measure"": 3, ""cx"": 2, ""barrier"": 1}","{""000"": 19, ""001"": 121, ""010"": 103, ""011"": 12, ""100"": 114, ""101"": 14, ""110"": 15, ""111"": 114}"
3,5,72005,2515422206,1,parity_2,2.0943951023931953,512,10,4,2,"{""rz"": 11, ""sx"": 4, ""measure"": 3, ""cx"": 2, ""barrier"": 1}","{""000"": 111, ""001"": 12, ""010"": 21, ""011"": 109, ""100"": 23, ""101"": 112, ""110"": 113, ""111"": 11}"
3,5,72005,1261676637,3,population,,512,16,3,6,"{""rz"": 6, ""cx"": 6, ""sx"": 3, ""measure"": 3, ""barrier"": 1}","{""000"": 213, ""001"": 21, ""010"": 10, ""011"": 18, ""100"": 7, ""101"": 15, ""110"": 13, ""111"": 215}"
3,5,72005,2887448912,3,parity_0,0.0,512,20,6,6,"{""rz"": 15, ""sx"": 6, ""cx"": 6, ""measure"": 3, ""barrier"": 1}","{""000"": 124, ""001"": 22, ""010"": 24, ""011"": 97, ""100"": 24, ""101"": 110, ""110"": 95, ""111"": 16}"
3,5,72005,506570232,3,parity_1,1.0471975511965976,512,20,6,6,"{""rz"": 15, ""sx"": 6, ""cx"": 6, ""measure"": 3, ""barrier"": 1}","{""000"": 13, ""001"": 110, ""010"": 143, ""011"": 14, ""100"": 98, ""101"": 19, ""110"": 19, ""111"": 96}"
3,5,72005,2964515539,3,parity_2,2.0943951023931953,512,20,6,6,"{""rz"": 15, ""sx"": 6, ""cx"": 6, ""measure"": 3, ""barrier"": 1}","{""000"": 122, ""001"": 13, ""010"": 25, ""011"": 107, ""100"": 20, ""101"": 109, ""110"": 103, ""111"": 13}"
3,5,72005,2615244643,5,population,,512,26,5,10,"{""rz"": 10, ""cx"": 10, ""sx"": 5, ""measure"": 3, ""barrier"": 1}","{""000"": 231, ""001"": 20, ""010"": 7, ""011"": 20, ""100"": 10, ""101"": 15, ""110"": 24, ""111"": 185}"
3,5,72005,1098056232,5,parity_0,0.0,512,30,8,10,"{""rz"": 19, ""cx"": 10, ""sx"": 8, ""measure"": 3, ""barrier"": 1}","{""000"": 106, ""001"": 19, ""010"": 30, ""011"": 111, ""100"": 29, ""101"": 92, ""110"": 107, ""111"": 18}"
3,5,72005,1534071320,5,parity_1,1.0471975511965976,512,30,8,10,"{""rz"": 19, ""cx"": 10, ""sx"": 8, ""measure"": 3, ""barrier"": 1}","{""000"": 22, ""001"": 109, ""010"": 108, ""011"": 15, ""100"": 112, ""101"": 18, ""110"": 27, ""111"": 101}"
3,5,72005,4154962600,5,parity_2,2.0943951023931953,512,30,8,10,"{""rz"": 19, ""cx"": 10, ""sx"": 8, ""measure"": 3, ""barrier"": 1}","{""000"": 110, ""001"": 20, ""010"": 26, ""011"": 119, ""100"": 22, ""101"": 100, ""110"": 94, ""111"": 21}"
3,6,72006,2941041639,1,population,,512,6,1,2,"{""measure"": 3, ""rz"": 2, ""cx"": 2, ""sx"": 1, ""barrier"": 1}","{""000"": 221, ""001"": 12, ""010"": 11, ""011"": 12, ""100"": 7, ""101"": 19, ""110"": 12, ""111"": 218}"
3,6,72006,2540763810,1,parity_0,0.0,512,10,4,2,"{""rz"": 11, ""sx"": 4, ""measure"": 3, ""cx"": 2, ""barrier"": 1}","{""000"": 110, ""001"": 25, ""010"": 14, ""011"": 110, ""100"": 19, ""101"": 107, ""110"": 118, ""111"": 9}"
3,6,72006,1646700659,1,parity_1,1.0471975511965976,512,10,4,2,"{""rz"": 11, ""sx"": 4, ""measure"": 3, ""cx"": 2, ""barrier"": 1}","{""000"": 19, ""001"": 117, ""010"": 105, ""011"": 12, ""100"": 116, ""101"": 18, ""110"": 20, ""111"": 105}"
3,6,72006,1048312067,1,parity_2,2.0943951023931953,512,10,4,2,"{""rz"": 11, ""sx"": 4, ""measure"": 3, ""cx"": 2, ""barrier"": 1}","{""000"": 115, ""001"": 16, ""010"": 16, ""011"": 113, ""100"": 18, ""101"": 111, ""110"": 109, ""111"": 14}"
3,6,72006,991835000,3,population,,512,16,3,6,"{""rz"": 6, ""cx"": 6, ""sx"": 3, ""measure"": 3, ""barrier"": 1}","{""000"": 238, ""001"": 14, ""010"": 12, ""011"": 14, ""100"": 5, ""101"": 10, ""110"": 16, ""111"": 203}"
3,6,72006,4086739079,3,parity_0,0.0,512,20,6,6,"{""rz"": 15, ""sx"": 6, ""cx"": 6, ""measure"": 3, ""barrier"": 1}","{""000"": 109, ""001"": 24, ""010"": 17, ""011"": 123, ""100"": 17, ""101"": 119, ""110"": 93, ""111"": 10}"
3,6,72006,2439577210,3,parity_1,1.0471975511965976,512,20,6,6,"{""rz"": 15, ""sx"": 6, ""cx"": 6, ""measure"": 3, ""barrier"": 1}","{""000"": 21, ""001"": 130, ""010"": 119, ""011"": 19, ""100"": 92, ""101"": 15, ""110"": 19, ""111"": 97}"
3,6,72006,2824782148,3,parity_2,2.0943951023931953,512,20,6,6,"{""rz"": 15, ""sx"": 6, ""cx"": 6, ""measure"": 3, ""barrier"": 1}","{""000"": 114, ""001"": 25, ""010"": 22, ""011"": 115, ""100"": 21, ""101"": 104, ""110"": 96, ""111"": 15}"
3,6,72006,567451771,5,population,,512,26,5,10,"{""rz"": 10, ""cx"": 10, ""sx"": 5, ""measure"": 3, ""barrier"": 1}","{""000"": 193, ""001"": 24, ""010"": 12, ""011"": 16, ""100"": 17, ""101"": 20, ""110"": 28, ""111"": 202}"
3,6,72006,2204379899,5,parity_0,0.0,512,30,8,10,"{""rz"": 19, ""cx"": 10, ""sx"": 8, ""measure"": 3, ""barrier"": 1}","{""000"": 130, ""001"": 27, ""010"": 27, ""011"": 100, ""100"": 20, ""101"": 84, ""110"": 107, ""111"": 17}"
3,6,72006,2141062250,5,parity_1,1.0471975511965976,512,30,8,10,"{""rz"": 19, ""cx"": 10, ""sx"": 8, ""measure"": 3, ""barrier"": 1}","{""000"": 24, ""001"": 113, ""010"": 118, ""011"": 21, ""100"": 106, ""101"": 14, ""110"": 13, ""111"": 103}"
3,6,72006,3896812484,5,parity_2,2.0943951023931953,512,30,8,10,"{""rz"": 19, ""cx"": 10, ""sx"": 8, ""measure"": 3, ""barrier"": 1}","{""000"": 116, ""001"": 28, ""010"": 19, ""011"": 107, ""100"": 32, ""101"": 95, ""110"": 96, ""111"": 19}"
3,7,72007,3664764841,1,population,,512,6,1,2,"{""measure"": 3, ""rz"": 2, ""cx"": 2, ""sx"": 1, ""barrier"": 1}","{""000"": 217, ""001"": 11, ""010"": 4, ""011"": 23, ""100"": 12, ""101"": 9, ""110"": 13, ""111"": 223}"
3,7,72007,1598057782,1,parity_0,0.0,512,10,4,2,"{""rz"": 11, ""sx"": 4, ""measure"": 3, ""cx"": 2, ""barrier"": 1}","{""000"": 119, ""001"": 18, ""010"": 14, ""011"": 100, ""100"": 22, ""101"": 114, ""110"": 114, ""111"": 11}"
3,7,72007,687760048,1,parity_1,1.0471975511965976,512,10,4,2,"{""rz"": 11, ""sx"": 4, ""measure"": 3, ""cx"": 2, ""barrier"": 1}","{""000"": 19, ""001"": 113, ""010"": 106, ""011"": 19, ""100"": 113, ""101"": 12, ""110"": 11, ""111"": 119}"
3,7,72007,2927767694,1,parity_2,2.0943951023931953,512,10,4,2,"{""rz"": 11, ""sx"": 4, ""measure"": 3, ""cx"": 2, ""barrier"": 1}","{""000"": 127, ""001"": 23, ""010"": 13, ""011"": 98, ""100"": 14, ""101"": 110, ""110"": 114, ""111"": 13}"
3,7,72007,536119265,3,population,,512,16,3,6,"{""rz"": 6, ""cx"": 6, ""sx"": 3, ""measure"": 3, ""barrier"": 1}","{""000"": 227, ""001"": 17, ""010"": 16, ""011"": 17, ""100"": 14, ""101"": 21, ""110"": 9, ""111"": 191}"
3,7,72007,3543453091,3,parity_0,0.0,512,20,6,6,"{""rz"": 15, ""sx"": 6, ""cx"": 6, ""measure"": 3, ""barrier"": 1}","{""000"": 119, ""001"": 19, ""010"": 12, ""011"": 110, ""100"": 21, ""101"": 105, ""110"": 115, ""111"": 11}"
3,7,72007,222622618,3,parity_1,1.0471975511965976,512,20,6,6,"{""rz"": 15, ""sx"": 6, ""cx"": 6, ""measure"": 3, ""barrier"": 1}","{""000"": 28, ""001"": 108, ""010"": 105, ""011"": 21, ""100"": 96, ""101"": 19, ""110"": 18, ""111"": 117}"
3,7,72007,1695878606,3,parity_2,2.0943951023931953,512,20,6,6,"{""rz"": 15, ""sx"": 6, ""cx"": 6, ""measure"": 3, ""barrier"": 1}","{""000"": 112, ""001"": 26, ""010"": 20, ""011"": 99, ""100"": 18, ""101"": 123, ""110"": 98, ""111"": 16}"
3,7,72007,3493216789,5,population,,512,26,5,10,"{""rz"": 10, ""cx"": 10, ""sx"": 5, ""measure"": 3, ""barrier"": 1}","{""000"": 246, ""001"": 23, ""010"": 7, ""011"": 17, ""100"": 10, ""101"": 11, ""110"": 24, ""111"": 174}"
3,7,72007,31683747,5,parity_0,0.0,512,30,8,10,"{""rz"": 19, ""cx"": 10, ""sx"": 8, ""measure"": 3, ""barrier"": 1}","{""000"": 101, ""001"": 25, ""010"": 25, ""011"": 105, ""100"": 24, ""101"": 107, ""110"": 114, ""111"": 11}"
3,7,72007,1220915900,5,parity_1,1.0471975511965976,512,30,8,10,"{""rz"": 19, ""cx"": 10, ""sx"": 8, ""measure"": 3, ""barrier"": 1}","{""000"": 30, ""001"": 98, ""010"": 112, ""011"": 21, ""100"": 118, ""101"": 16, ""110"": 17, ""111"": 100}"
3,7,72007,484153087,5,parity_2,2.0943951023931953,512,30,8,10,"{""rz"": 19, ""cx"": 10, ""sx"": 8, ""measure"": 3, ""barrier"": 1}","{""000"": 110, ""001"": 30, ""010"": 25, ""011"": 97, ""100"": 31, ""101"": 109, ""110"": 94, ""111"": 16}"
3,8,72008,26274110,1,population,,512,6,1,2,"{""measure"": 3, ""rz"": 2, ""cx"": 2, ""sx"": 1, ""barrier"": 1}","{""000"": 213, ""001"": 11, ""010"": 6, ""011"": 13, ""100"": 6, ""101"": 14, ""110"": 21, ""111"": 228}"
3,8,72008,3947053764,1,parity_0,0.0,512,10,4,2,"{""rz"": 11, ""sx"": 4, ""measure"": 3, ""cx"": 2, ""barrier"": 1}","{""000"": 98, ""001"": 17, ""010"": 21, ""011"": 129, ""100"": 16, ""101"": 119, ""110"": 104, ""111"": 8}"
3,8,72008,2534456837,1,parity_1,1.0471975511965976,512,10,4,2,"{""rz"": 11, ""sx"": 4, ""measure"": 3, ""cx"": 2, ""barrier"": 1}","{""000"": 18, ""001"": 112, ""010"": 115, ""011"": 12, ""100"": 130, ""101"": 20, ""110"": 14, ""111"": 91}"
3,8,72008,584486558,1,parity_2,2.0943951023931953,512,10,4,2,"{""rz"": 11, ""sx"": 4, ""measure"": 3, ""cx"": 2, ""barrier"": 1}","{""000"": 102, ""001"": 12, ""010"": 13, ""011"": 113, ""100"": 14, ""101"": 131, ""110"": 116, ""111"": 11}"
3,8,72008,1622883926,3,population,,512,16,3,6,"{""rz"": 6, ""cx"": 6, ""sx"": 3, ""measure"": 3, ""barrier"": 1}","{""000"": 217, ""001"": 18, ""010"": 12, ""011"": 13, ""100"": 9, ""101"": 12, ""110"": 19, ""111"": 212}"
3,8,72008,588300916,3,parity_0,0.0,512,20,6,6,"{""rz"": 15, ""sx"": 6, ""cx"": 6, ""measure"": 3, ""barrier"": 1}","{""000"": 109, ""001"": 19, ""010"": 20, ""011"": 94, ""100"": 27, ""101"": 102, ""110"": 128, ""111"": 13}"
3,8,72008,751185961,3,parity_1,1.0471975511965976,512,20,6,6,"{""rz"": 15, ""sx"": 6, ""cx"": 6, ""measure"": 3, ""barrier"": 1}","{""000"": 21, ""001"": 93, ""010"": 122, ""011"": 25, ""100"": 96, ""101"": 18, ""110"": 19, ""111"": 118}"
3,8,72008,1210747305,3,parity_2,2.0943951023931953,512,20,6,6,"{""rz"": 15, ""sx"": 6, ""cx"": 6, ""measure"": 3, ""barrier"": 1}","{""000"": 112, ""001"": 9, ""010"": 17, ""011"": 101, ""100"": 21, ""101"": 99, ""110"": 132, ""111"": 21}"
3,8,72008,4168945865,5,population,,512,26,5,10,"{""rz"": 10, ""cx"": 10, ""sx"": 5, ""measure"": 3, ""barrier"": 1}","{""000"": 208, ""001"": 10, ""010"": 9, ""011"": 20, ""100"": 16, ""101"": 10, ""110"": 19, ""111"": 220}"
3,8,72008,2075602417,5,parity_0,0.0,512,30,8,10,"{""rz"": 19, ""cx"": 10, ""sx"": 8, ""measure"": 3, ""barrier"": 1}","{""000"": 104, ""001"": 30, ""010"": 30, ""011"": 108, ""100"": 25, ""101"": 108, ""110"": 92, ""111"": 15}"
3,8,72008,3144297476,5,parity_1,1.0471975511965976,512,30,8,10,"{""rz"": 19, ""cx"": 10, ""sx"": 8, ""measure"": 3, ""barrier"": 1}","{""000"": 31, ""001"": 113, ""010"": 110, ""011"": 22, ""100"": 99, ""101"": 21, ""110"": 18, ""111"": 98}"
3,8,72008,2941875561,5,parity_2,2.0943951023931953,512,30,8,10,"{""rz"": 19, ""cx"": 10, ""sx"": 8, ""measure"": 3, ""barrier"": 1}","{""000"": 112, ""001"": 25, ""010"": 23, ""011"": 107, ""100"": 23, ""101"": 104, ""110"": 100, ""111"": 18}"
3,9,72009,1206099333,1,population,,512,6,1,2,"{""measure"": 3, ""rz"": 2, ""cx"": 2, ""sx"": 1, ""barrier"": 1}","{""000"": 218, ""001"": 14, ""010"": 5, ""011"": 13, ""100"": 10, ""101"": 13, ""110"": 7, ""111"": 232}"
3,9,72009,1597855391,1,parity_0,0.0,512,10,4,2,"{""rz"": 11, ""sx"": 4, ""measure"": 3, ""cx"": 2, ""barrier"": 1}","{""000"": 106, ""001"": 13, ""010"": 16, ""011"": 115, ""100"": 11, ""101"": 103, ""110"": 131, ""111"": 17}"
3,9,72009,3571175664,1,parity_1,1.0471975511965976,512,10,4,2,"{""rz"": 11, ""sx"": 4, ""measure"": 3, ""cx"": 2, ""barrier"": 1}","{""000"": 33, ""001"": 102, ""010"": 121, ""011"": 11, ""100"": 113, ""101"": 16, ""110"": 16, ""111"": 100}"
3,9,72009,2040783641,1,parity_2,2.0943951023931953,512,10,4,2,"{""rz"": 11, ""sx"": 4, ""measure"": 3, ""cx"": 2, ""barrier"": 1}","{""000"": 112, ""001"": 14, ""010"": 20, ""011"": 108, ""100"": 18, ""101"": 117, ""110"": 110, ""111"": 13}"
3,9,72009,4174930483,3,population,,512,16,3,6,"{""rz"": 6, ""cx"": 6, ""sx"": 3, ""measure"": 3, ""barrier"": 1}","{""000"": 210, ""001"": 17, ""010"": 10, ""011"": 16, ""100"": 11, ""101"": 15, ""110"": 16, ""111"": 217}"
3,9,72009,1965181672,3,parity_0,0.0,512,20,6,6,"{""rz"": 15, ""sx"": 6, ""cx"": 6, ""measure"": 3, ""barrier"": 1}","{""000"": 122, ""001"": 11, ""010"": 16, ""011"": 103, ""100"": 26, ""101"": 115, ""110"": 98, ""111"": 21}"
3,9,72009,4086896274,3,parity_1,1.0471975511965976,512,20,6,6,"{""rz"": 15, ""sx"": 6, ""cx"": 6, ""measure"": 3, ""barrier"": 1}","{""000"": 20, ""001"": 110, ""010"": 115, ""011"": 14, ""100"": 118, ""101"": 16, ""110"": 16, ""111"": 103}"
3,9,72009,1420424465,3,parity_2,2.0943951023931953,512,20,6,6,"{""rz"": 15, ""sx"": 6, ""cx"": 6, ""measure"": 3, ""barrier"": 1}","{""000"": 116, ""001"": 23, ""010"": 22, ""011"": 110, ""100"": 16, ""101"": 101, ""110"": 110, ""111"": 14}"
3,9,72009,986212955,5,population,,512,26,5,10,"{""rz"": 10, ""cx"": 10, ""sx"": 5, ""measure"": 3, ""barrier"": 1}","{""000"": 241, ""001"": 24, ""010"": 12, ""011"": 11, ""100"": 10, ""101"": 16, ""110"": 24, ""111"": 174}"
3,9,72009,197124348,5,parity_0,0.0,512,30,8,10,"{""rz"": 19, ""cx"": 10, ""sx"": 8, ""measure"": 3, ""barrier"": 1}","{""000"": 135, ""001"": 27, ""010"": 16, ""011"": 101, ""100"": 21, ""101"": 113, ""110"": 84, ""111"": 15}"
3,9,72009,1355301127,5,parity_1,1.0471975511965976,512,30,8,10,"{""rz"": 19, ""cx"": 10, ""sx"": 8, ""measure"": 3, ""barrier"": 1}","{""000"": 26, ""001"": 115, ""010"": 93, ""011"": 20, ""100"": 115, ""101"": 18, ""110"": 18, ""111"": 107}"
3,9,72009,3194077405,5,parity_2,2.0943951023931953,512,30,8,10,"{""rz"": 19, ""cx"": 10, ""sx"": 8, ""measure"": 3, ""barrier"": 1}","{""000"": 111, ""001"": 22, ""010"": 24, ""011"": 104, ""100"": 24, ""101"": 98, ""110"": 115, ""111"": 14}"
3,10,72010,3835352314,1,population,,512,6,1,2,"{""measure"": 3, ""rz"": 2, ""cx"": 2, ""sx"": 1, ""barrier"": 1}","{""000"": 226, ""001"": 9, ""010"": 11, ""011"": 15, ""100"": 7, ""101"": 15, ""110"": 12, ""111"": 217}"
3,10,72010,2409250300,1,parity_0,0.0,512,10,4,2,"{""rz"": 11, ""sx"": 4, ""measure"": 3, ""cx"": 2, ""barrier"": 1}","{""000"": 111, ""001"": 14, ""010"": 15, ""011"": 113, ""100"": 18, ""101"": 127, ""110"": 106, ""111"": 8}"
3,10,72010,57589179,1,parity_1,1.0471975511965976,512,10,4,2,"{""rz"": 11, ""sx"": 4, ""measure"": 3, ""cx"": 2, ""barrier"": 1}","{""000"": 10, ""001"": 122, ""010"": 104, ""011"": 23, ""100"": 112, ""101"": 13, ""110"": 15, ""111"": 113}"
3,10,72010,825077260,1,parity_2,2.0943951023931953,512,10,4,2,"{""rz"": 11, ""sx"": 4, ""measure"": 3, ""cx"": 2, ""barrier"": 1}","{""000"": 112, ""001"": 20, ""010"": 16, ""011"": 108, ""100"": 14, ""101"": 105, ""110"": 122, ""111"": 15}"
3,10,72010,2253053718,3,population,,512,16,3,6,"{""rz"": 6, ""cx"": 6, ""sx"": 3, ""measure"": 3, ""barrier"": 1}","{""000"": 203, ""001"": 14, ""010"": 8, ""011"": 17, ""100"": 13, ""101"": 13, ""110"": 19, ""111"": 225}"
3,10,72010,1420486016,3,parity_0,0.0,512,20,6,6,"{""rz"": 15, ""sx"": 6, ""cx"": 6, ""measure"": 3, ""barrier"": 1}","{""000"": 90, ""001"": 13, ""010"": 22, ""011"": 109, ""100"": 18, ""101"": 123, ""110"": 124, ""111"": 13}"
3,10,72010,1831860409,3,parity_1,1.0471975511965976,512,20,6,6,"{""rz"": 15, ""sx"": 6, ""cx"": 6, ""measure"": 3, ""barrier"": 1}","{""000"": 18, ""001"": 97, ""010"": 115, ""011"": 9, ""100"": 125, ""101"": 16, ""110"": 13, ""111"": 119}"
3,10,72010,3908789596,3,parity_2,2.0943951023931953,512,20,6,6,"{""rz"": 15, ""sx"": 6, ""cx"": 6, ""measure"": 3, ""barrier"": 1}","{""000"": 105, ""001"": 27, ""010"": 15, ""011"": 115, ""100"": 15, ""101"": 101, ""110"": 124, ""111"": 10}"
3,10,72010,742362886,5,population,,512,26,5,10,"{""rz"": 10, ""cx"": 10, ""sx"": 5, ""measure"": 3, ""barrier"": 1}","{""000"": 217, ""001"": 18, ""010"": 18, ""011"": 18, ""100"": 14, ""101"": 12, ""110"": 22, ""111"": 193}"
3,10,72010,2488255667,5,parity_0,0.0,512,30,8,10,"{""rz"": 19, ""cx"": 10, ""sx"": 8, ""measure"": 3, ""barrier"": 1}","{""000"": 103, ""001"": 26, ""010"": 24, ""011"": 102, ""100"": 28, ""101"": 97, ""110"": 117, ""111"": 15}"
3,10,72010,3678225847,5,parity_1,1.0471975511965976,512,30,8,10,"{""rz"": 19, ""cx"": 10, ""sx"": 8, ""measure"": 3, ""barrier"": 1}","{""000"": 21, ""001"": 107, ""010"": 104, ""011"": 26, ""100"": 111, ""101"": 20, ""110"": 18, ""111"": 105}"
3,10,72010,1233467899,5,parity_2,2.0943951023931953,512,30,8,10,"{""rz"": 19, ""cx"": 10, ""sx"": 8, ""measure"": 3, ""barrier"": 1}","{""000"": 139, ""001"": 20, ""010"": 25, ""011"": 97, ""100"": 22, ""101"": 101, ""110"": 95, ""111"": 13}"
3,11,72011,3588984274,1,population,,512,6,1,2,"{""measure"": 3, ""rz"": 2, ""cx"": 2, ""sx"": 1, ""barrier"": 1}","{""000"": 216, ""001"": 5, ""010"": 8, ""011"": 16, ""100"": 6, ""101"": 19, ""110"": 9, ""111"": 233}"
3,11,72011,747997656,1,parity_0,0.0,512,10,4,2,"{""rz"": 11, ""sx"": 4, ""measure"": 3, ""cx"": 2, ""barrier"": 1}","{""000"": 108, ""001"": 18, ""010"": 10, ""011"": 105, ""100"": 17, ""101"": 129, ""110"": 114, ""111"": 11}"
3,11,72011,1070407926,1,parity_1,1.0471975511965976,512,10,4,2,"{""rz"": 11, ""sx"": 4, ""measure"": 3, ""cx"": 2, ""barrier"": 1}","{""000"": 19, ""001"": 102, ""010"": 123, ""011"": 12, ""100"": 112, ""101"": 15, ""110"": 22, ""111"": 107}"
3,11,72011,2207360737,1,parity_2,2.0943951023931953,512,10,4,2,"{""rz"": 11, ""sx"": 4, ""measure"": 3, ""cx"": 2, ""barrier"": 1}","{""000"": 104, ""001"": 20, ""010"": 18, ""011"": 118, ""100"": 22, ""101"": 95, ""110"": 120, ""111"": 15}"
3,11,72011,1423347725,3,population,,512,16,3,6,"{""rz"": 6, ""cx"": 6, ""sx"": 3, ""measure"": 3, ""barrier"": 1}","{""000"": 212, ""001"": 16, ""010"": 11, ""011"": 11, ""100"": 13, ""101"": 9, ""110"": 18, ""111"": 222}"
3,11,72011,352045149,3,parity_0,0.0,512,20,6,6,"{""rz"": 15, ""sx"": 6, ""cx"": 6, ""measure"": 3, ""barrier"": 1}","{""000"": 115, ""001"": 24, ""010"": 19, ""011"": 104, ""100"": 21, ""101"": 118, ""110"": 96, ""111"": 15}"
3,11,72011,276723078,3,parity_1,1.0471975511965976,512,20,6,6,"{""rz"": 15, ""sx"": 6, ""cx"": 6, ""measure"": 3, ""barrier"": 1}","{""000"": 27, ""001"": 111, ""010"": 98, ""011"": 19, ""100"": 108, ""101"": 20, ""110"": 17, ""111"": 112}"
3,11,72011,1186751725,3,parity_2,2.0943951023931953,512,20,6,6,"{""rz"": 15, ""sx"": 6, ""cx"": 6, ""measure"": 3, ""barrier"": 1}","{""000"": 113, ""001"": 16, ""010"": 21, ""011"": 104, ""100"": 20, ""101"": 119, ""110"": 101, ""111"": 18}"
3,11,72011,4173201893,5,population,,512,26,5,10,"{""rz"": 10, ""cx"": 10, ""sx"": 5, ""measure"": 3, ""barrier"": 1}","{""000"": 228, ""001"": 20, ""010"": 8, ""011"": 16, ""100"": 13, ""101"": 15, ""110"": 21, ""111"": 191}"
3,11,72011,3442388786,5,parity_0,0.0,512,30,8,10,"{""rz"": 19, ""cx"": 10, ""sx"": 8, ""measure"": 3, ""barrier"": 1}","{""000"": 103, ""001"": 25, ""010"": 20, ""011"": 119, ""100"": 18, ""101"": 110, ""110"": 104, ""111"": 13}"
3,11,72011,2550593695,5,parity_1,1.0471975511965976,512,30,8,10,"{""rz"": 19, ""cx"": 10, ""sx"": 8, ""measure"": 3, ""barrier"": 1}","{""000"": 29, ""001"": 84, ""010"": 112, ""011"": 19, ""100"": 113, ""101"": 27, ""110"": 23, ""111"": 105}"
3,11,72011,946095437,5,parity_2,2.0943951023931953,512,30,8,10,"{""rz"": 19, ""cx"": 10, ""sx"": 8, ""measure"": 3, ""barrier"": 1}","{""000"": 123, ""001"": 28, ""010"": 26, ""011"": 97, ""100"": 19, ""101"": 104, ""110"": 97, ""111"": 18}"
3,12,72012,1159951861,1,population,,512,6,1,2,"{""measure"": 3, ""rz"": 2, ""cx"": 2, ""sx"": 1, ""barrier"": 1}","{""000"": 222, ""001"": 8, ""010"": 7, ""011"": 10, ""100"": 12, ""101"": 7, ""110"": 14, ""111"": 232}"
3,12,72012,74180460,1,parity_0,0.0,512,10,4,2,"{""rz"": 11, ""sx"": 4, ""measure"": 3, ""cx"": 2, ""barrier"": 1}","{""000"": 123, ""001"": 23, ""010"": 16, ""011"": 110, ""100"": 25, ""101"": 96, ""110"": 102, ""111"": 17}"
3,12,72012,3289745448,1,parity_1,1.0471975511965976,512,10,4,2,"{""rz"": 11, ""sx"": 4, ""measure"": 3, ""cx"": 2, ""barrier"": 1}","{""000"": 22, ""001"": 109, ""010"": 107, ""011"": 15, ""100"": 112, ""101"": 13, ""110"": 16, ""111"": 118}"
3,12,72012,219066586,1,parity_2,2.0943951023931953,512,10,4,2,"{""rz"": 11, ""sx"": 4, ""measure"": 3, ""cx"": 2, ""barrier"": 1}","{""000"": 128, ""001"": 25, ""010"": 15, ""011"": 102, ""100"": 8, ""101"": 104, ""110"": 111, ""111"": 19}"
3,12,72012,2999995316,3,population,,512,16,3,6,"{""rz"": 6, ""cx"": 6, ""sx"": 3, ""measure"": 3, ""barrier"": 1}","{""000"": 206, ""001"": 11, ""010"": 10, ""011"": 16, ""100"": 11, ""101"": 18, ""110"": 18, ""111"": 222}"
3,12,72012,3148442515,3,parity_0,0.0,512,20,6,6,"{""rz"": 15, ""sx"": 6, ""cx"": 6, ""measure"": 3, ""barrier"": 1}","{""000"": 118, ""001"": 25, ""010"": 21, ""011"": 108, ""100"": 26, ""101"": 95, ""110"": 108, ""111"": 11}"
3,12,72012,311931143,3,parity_1,1.0471975511965976,512,20,6,6,"{""rz"": 15, ""sx"": 6, ""cx"": 6, ""measure"": 3, ""barrier"": 1}","{""000"": 25, ""001"": 123, ""010"": 99, ""011"": 20, ""100"": 101, ""101"": 18, ""110"": 15, ""111"": 111}"
3,12,72012,1313109957,3,parity_2,2.0943951023931953,512,20,6,6,"{""rz"": 15, ""sx"": 6, ""cx"": 6, ""measure"": 3, ""barrier"": 1}","{""000"": 102, ""001"": 26, ""010"": 23, ""011"": 94, ""100"": 21, ""101"": 127, ""110"": 110, ""111"": 9}"
3,12,72012,2094229910,5,population,,512,26,5,10,"{""rz"": 10, ""cx"": 10, ""sx"": 5, ""measure"": 3, ""barrier"": 1}","{""000"": 206, ""001"": 23, ""010"": 10, ""011"": 8, ""100"": 12, ""101"": 15, ""110"": 22, ""111"": 216}"
3,12,72012,1760727002,5,parity_0,0.0,512,30,8,10,"{""rz"": 19, ""cx"": 10, ""sx"": 8, ""measure"": 3, ""barrier"": 1}","{""000"": 99, ""001"": 27, ""010"": 28, ""011"": 95, ""100"": 23, ""101"": 125, ""110"": 102, ""111"": 13}"
3,12,72012,3595253380,5,parity_1,1.0471975511965976,512,30,8,10,"{""rz"": 19, ""cx"": 10, ""sx"": 8, ""measure"": 3, ""barrier"": 1}","{""000"": 26, ""001"": 123, ""010"": 102, ""011"": 30, ""100"": 111, ""101"": 13, ""110"": 18, ""111"": 89}"
3,12,72012,124166061,5,parity_2,2.0943951023931953,512,30,8,10,"{""rz"": 19, ""cx"": 10, ""sx"": 8, ""measure"": 3, ""barrier"": 1}","{""000"": 125, ""001"": 19, ""010"": 32, ""011"": 82, ""100"": 16, ""101"": 104, ""110"": 120, ""111"": 14}"
3,13,72013,1580084420,1,population,,512,6,1,2,"{""measure"": 3, ""rz"": 2, ""cx"": 2, ""sx"": 1, ""barrier"": 1}","{""000"": 247, ""001"": 8, ""010"": 11, ""011"": 15, ""100"": 7, ""101"": 15, ""110"": 18, ""111"": 191}"
3,13,72013,457232391,1,parity_0,0.0,512,10,4,2,"{""rz"": 11, ""sx"": 4, ""measure"": 3, ""cx"": 2, ""barrier"": 1}","{""000"": 94, ""001"": 28, ""010"": 20, ""011"": 122, ""100"": 23, ""101"": 112, ""110"": 103, ""111"": 10}"
3,13,72013,2697882686,1,parity_1,1.0471975511965976,512,10,4,2,"{""rz"": 11, ""sx"": 4, ""measure"": 3, ""cx"": 2, ""barrier"": 1}","{""000"": 23, ""001"": 109, ""010"": 108, ""011"": 11, ""100"": 103, ""101"": 15, ""110"": 16, ""111"": 127}"
3,13,72013,1910408010,1,parity_2,2.0943951023931953,512,10,4,2,"{""rz"": 11, ""sx"": 4, ""measure"": 3, ""cx"": 2, ""barrier"": 1}","{""000"": 144, ""001"": 16, ""010"": 18, ""011"": 93, ""100"": 15, ""101"": 105, ""110"": 103, ""111"": 18}"
3,13,72013,4109349272,3,population,,512,16,3,6,"{""rz"": 6, ""cx"": 6, ""sx"": 3, ""measure"": 3, ""barrier"": 1}","{""000"": 231, ""001"": 16, ""010"": 10, ""011"": 15, ""100"": 7, ""101"": 12, ""110"": 14, ""111"": 207}"
3,13,72013,891802878,3,parity_0,0.0,512,20,6,6,"{""rz"": 15, ""sx"": 6, ""cx"": 6, ""measure"": 3, ""barrier"": 1}","{""000"": 120, ""001"": 27, ""010"": 21, ""011"": 106, ""100"": 17, ""101"": 103, ""110"": 109, ""111"": 9}"
3,13,72013,815980010,3,parity_1,1.0471975511965976,512,20,6,6,"{""rz"": 15, ""sx"": 6, ""cx"": 6, ""measure"": 3, ""barrier"": 1}","{""000"": 18, ""001"": 122, ""010"": 101, ""011"": 18, ""100"": 119, ""101"": 13, ""110"": 13, ""111"": 108}"
3,13,72013,572954084,3,parity_2,2.0943951023931953,512,20,6,6,"{""rz"": 15, ""sx"": 6, ""cx"": 6, ""measure"": 3, ""barrier"": 1}","{""000"": 109, ""001"": 22, ""010"": 20, ""011"": 102, ""100"": 16, ""101"": 124, ""110"": 104, ""111"": 15}"
3,13,72013,3817002362,5,population,,512,26,5,10,"{""rz"": 10, ""cx"": 10, ""sx"": 5, ""measure"": 3, ""barrier"": 1}","{""000"": 221, ""001"": 11, ""010"": 12, ""011"": 13, ""100"": 9, ""101"": 13, ""110"": 32, ""111"": 201}"
3,13,72013,323383348,5,parity_0,0.0,512,30,8,10,"{""rz"": 19, ""cx"": 10, ""sx"": 8, ""measure"": 3, ""barrier"": 1}","{""000"": 117, ""001"": 20, ""010"": 25, ""011"": 107, ""100"": 28, ""101"": 96, ""110"": 100, ""111"": 19}"
3,13,72013,947500045,5,parity_1,1.0471975511965976,512,30,8,10,"{""rz"": 19, ""cx"": 10, ""sx"": 8, ""measure"": 3, ""barrier"": 1}","{""000"": 29, ""001"": 116, ""010"": 111, ""011"": 9, ""100"": 111, ""101"": 17, ""110"": 22, ""111"": 97}"
3,13,72013,1553237418,5,parity_2,2.0943951023931953,512,30,8,10,"{""rz"": 19, ""cx"": 10, ""sx"": 8, ""measure"": 3, ""barrier"": 1}","{""000"": 120, ""001"": 27, ""010"": 25, ""011"": 95, ""100"": 25, ""101"": 91, ""110"": 103, ""111"": 26}"
3,14,72014,83314738,1,population,,512,6,1,2,"{""measure"": 3, ""rz"": 2, ""cx"": 2, ""sx"": 1, ""barrier"": 1}","{""000"": 243, ""001"": 12, ""010"": 3, ""011"": 9, ""100"": 5, ""101"": 12, ""110"": 12, ""111"": 216}"
3,14,72014,836374321,1,parity_0,0.0,512,10,4,2,"{""rz"": 11, ""sx"": 4, ""measure"": 3, ""cx"": 2, ""barrier"": 1}","{""000"": 114, ""001"": 20, ""010"": 13, ""011"": 116, ""100"": 17, ""101"": 104, ""110"": 112, ""111"": 16}"
3,14,72014,1376338820,1,parity_1,1.0471975511965976,512,10,4,2,"{""rz"": 11, ""sx"": 4, ""measure"": 3, ""cx"": 2, ""barrier"": 1}","{""000"": 19, ""001"": 126, ""010"": 106, ""011"": 10, ""100"": 108, ""101"": 13, ""110"": 19, ""111"": 111}"
3,14,72014,2537746312,1,parity_2,2.0943951023931953,512,10,4,2,"{""rz"": 11, ""sx"": 4, ""measure"": 3, ""cx"": 2, ""barrier"": 1}","{""000"": 112, ""001"": 22, ""010"": 14, ""011"": 114, ""100"": 16, ""101"": 102, ""110"": 118, ""111"": 14}"
3,14,72014,30980427,3,population,,512,16,3,6,"{""rz"": 6, ""cx"": 6, ""sx"": 3, ""measure"": 3, ""barrier"": 1}","{""000"": 224, ""001"": 19, ""010"": 10, ""011"": 14, ""100"": 5, ""101"": 7, ""110"": 23, ""111"": 210}"
3,14,72014,1621187044,3,parity_0,0.0,512,20,6,6,"{""rz"": 15, ""sx"": 6, ""cx"": 6, ""measure"": 3, ""barrier"": 1}","{""000"": 99, ""001"": 14, ""010"": 16, ""011"": 112, ""100"": 24, ""101"": 121, ""110"": 106, ""111"": 20}"
3,14,72014,2999216251,3,parity_1,1.0471975511965976,512,20,6,6,"{""rz"": 15, ""sx"": 6, ""cx"": 6, ""measure"": 3, ""barrier"": 1}","{""000"": 26, ""001"": 119, ""010"": 109, ""011"": 20, ""100"": 96, ""101"": 20, ""110"": 16, ""111"": 106}"
3,14,72014,1790079659,3,parity_2,2.0943951023931953,512,20,6,6,"{""rz"": 15, ""sx"": 6, ""cx"": 6, ""measure"": 3, ""barrier"": 1}","{""000"": 117, ""001"": 25, ""010"": 17, ""011"": 88, ""100"": 23, ""101"": 114, ""110"": 117, ""111"": 11}"
3,14,72014,1979475585,5,population,,512,26,5,10,"{""rz"": 10, ""cx"": 10, ""sx"": 5, ""measure"": 3, ""barrier"": 1}","{""000"": 200, ""001"": 30, ""010"": 10, ""011"": 18, ""100"": 11, ""101"": 17, ""110"": 21, ""111"": 205}"
3,14,72014,3775748047,5,parity_0,0.0,512,30,8,10,"{""rz"": 19, ""cx"": 10, ""sx"": 8, ""measure"": 3, ""barrier"": 1}","{""000"": 100, ""001"": 23, ""010"": 30, ""011"": 103, ""100"": 25, ""101"": 95, ""110"": 124, ""111"": 12}"
3,14,72014,1855406590,5,parity_1,1.0471975511965976,512,30,8,10,"{""rz"": 19, ""cx"": 10, ""sx"": 8, ""measure"": 3, ""barrier"": 1}","{""000"": 32, ""001"": 88, ""010"": 133, ""011"": 22, ""100"": 95, ""101"": 27, ""110"": 19, ""111"": 96}"
3,14,72014,947329888,5,parity_2,2.0943951023931953,512,30,8,10,"{""rz"": 19, ""cx"": 10, ""sx"": 8, ""measure"": 3, ""barrier"": 1}","{""000"": 114, ""001"": 24, ""010"": 32, ""011"": 90, ""100"": 21, ""101"": 110, ""110"": 104, ""111"": 17}"
3,15,72015,1392325839,1,population,,512,6,1,2,"{""measure"": 3, ""rz"": 2, ""cx"": 2, ""sx"": 1, ""barrier"": 1}","{""000"": 239, ""001"": 9, ""010"": 9, ""011"": 9, ""100"": 5, ""101"": 13, ""110"": 13, ""111"": 215}"
3,15,72015,879777371,1,parity_0,0.0,512,10,4,2,"{""rz"": 11, ""sx"": 4, ""measure"": 3, ""cx"": 2, ""barrier"": 1}","{""000"": 123, ""001"": 15, ""010"": 17, ""011"": 116, ""100"": 19, ""101"": 104, ""110"": 109, ""111"": 9}"
3,15,72015,3593824432,1,parity_1,1.0471975511965976,512,10,4,2,"{""rz"": 11, ""sx"": 4, ""measure"": 3, ""cx"": 2, ""barrier"": 1}","{""000"": 17, ""001"": 123, ""010"": 124, ""011"": 11, ""100"": 117, ""101"": 15, ""110"": 9, ""111"": 96}"
3,15,72015,2338765702,1,parity_2,2.0943951023931953,512,10,4,2,"{""rz"": 11, ""sx"": 4, ""measure"": 3, ""cx"": 2, ""barrier"": 1}","{""000"": 109, ""001"": 20, ""010"": 23, ""011"": 105, ""100"": 13, ""101"": 133, ""110"": 95, ""111"": 14}"
3,15,72015,1912019247,3,population,,512,16,3,6,"{""rz"": 6, ""cx"": 6, ""sx"": 3, ""measure"": 3, ""barrier"": 1}","{""000"": 218, ""001"": 20, ""010"": 8, ""011"": 13, ""100"": 12, ""101"": 13, ""110"": 18, ""111"": 210}"
3,15,72015,3238188797,3,parity_0,0.0,512,20,6,6,"{""rz"": 15, ""sx"": 6, ""cx"": 6, ""measure"": 3, ""barrier"": 1}","{""000"": 113, ""001"": 13, ""010"": 21, ""011"": 102, ""100"": 28, ""101"": 118, ""110"": 103, ""111"": 14}"
3,15,72015,2101069349,3,parity_1,1.0471975511965976,512,20,6,6,"{""rz"": 15, ""sx"": 6, ""cx"": 6, ""measure"": 3, ""barrier"": 1}","{""000"": 15, ""001"": 118, ""010"": 125, ""011"": 15, ""100"": 102, ""101"": 23, ""110"": 18, ""111"": 96}"
3,15,72015,1736517238,3,parity_2,2.0943951023931953,512,20,6,6,"{""rz"": 15, ""sx"": 6, ""cx"": 6, ""measure"": 3, ""barrier"": 1}","{""000"": 111, ""001"": 20, ""010"": 25, ""011"": 103, ""100"": 15, ""101"": 112, ""110"": 117, ""111"": 9}"
3,15,72015,2486444965,5,population,,512,26,5,10,"{""rz"": 10, ""cx"": 10, ""sx"": 5, ""measure"": 3, ""barrier"": 1}","{""000"": 233, ""001"": 23, ""010"": 13, ""011"": 11, ""100"": 8, ""101"": 13, ""110"": 18, ""111"": 193}"
3,15,72015,761184819,5,parity_0,0.0,512,30,8,10,"{""rz"": 19, ""cx"": 10, ""sx"": 8, ""measure"": 3, ""barrier"": 1}","{""000"": 115, ""001"": 26, ""010"": 24, ""011"": 88, ""100"": 26, ""101"": 101, ""110"": 119, ""111"": 13}"
3,15,72015,320838034,5,parity_1,1.0471975511965976,512,30,8,10,"{""rz"": 19, ""cx"": 10, ""sx"": 8, ""measure"": 3, ""barrier"": 1}","{""000"": 21, ""001"": 114, ""010"": 124, ""011"": 25, ""100"": 101, ""101"": 20, ""110"": 21, ""111"": 86}"
3,15,72015,2911433993,5,parity_2,2.0943951023931953,512,30,8,10,"{""rz"": 19, ""cx"": 10, ""sx"": 8, ""measure"": 3, ""barrier"": 1}","{""000"": 125, ""001"": 25, ""010"": 24, ""011"": 97, ""100"": 23, ""101"": 107, ""110"": 94, ""111"": 17}"
3,16,72016,4020724183,1,population,,512,6,1,2,"{""measure"": 3, ""rz"": 2, ""cx"": 2, ""sx"": 1, ""barrier"": 1}","{""000"": 203, ""001"": 11, ""010"": 11, ""011"": 10, ""100"": 12, ""101"": 17, ""110"": 21, ""111"": 227}"
3,16,72016,2014514265,1,parity_0,0.0,512,10,4,2,"{""rz"": 11, ""sx"": 4, ""measure"": 3, ""cx"": 2, ""barrier"": 1}","{""000"": 124, ""001"": 14, ""010"": 22, ""011"": 103, ""100"": 19, ""101"": 113, ""110"": 100, ""111"": 17}"
3,16,72016,1722900168,1,parity_1,1.0471975511965976,512,10,4,2,"{""rz"": 11, ""sx"": 4, ""measure"": 3, ""cx"": 2, ""barrier"": 1}","{""000"": 17, ""001"": 110, ""010"": 136, ""011"": 17, ""100"": 97, ""101"": 11, ""110"": 15, ""111"": 109}"
3,16,72016,3594491599,1,parity_2,2.0943951023931953,512,10,4,2,"{""rz"": 11, ""sx"": 4, ""measure"": 3, ""cx"": 2, ""barrier"": 1}","{""000"": 120, ""001"": 17, ""010"": 9, ""011"": 115, ""100"": 18, ""101"": 100, ""110"": 119, ""111"": 14}"
3,16,72016,3375511166,3,population,,512,16,3,6,"{""rz"": 6, ""cx"": 6, ""sx"": 3, ""measure"": 3, ""barrier"": 1}","{""000"": 222, ""001"": 16, ""010"": 10, ""011"": 20, ""100"": 10, ""101"": 20, ""110"": 18, ""111"": 196}"
3,16,72016,2979684461,3,parity_0,0.0,512,20,6,6,"{""rz"": 15, ""sx"": 6, ""cx"": 6, ""measure"": 3, ""barrier"": 1}","{""000"": 108, ""001"": 20, ""010"": 21, ""011"": 113, ""100"": 13, ""101"": 103, ""110"": 121, ""111"": 13}"
3,16,72016,3982024647,3,parity_1,1.0471975511965976,512,20,6,6,"{""rz"": 15, ""sx"": 6, ""cx"": 6, ""measure"": 3, ""barrier"": 1}","{""000"": 32, ""001"": 95, ""010"": 112, ""011"": 20, ""100"": 103, ""101"": 15, ""110"": 15, ""111"": 120}"
3,16,72016,3377647330,3,parity_2,2.0943951023931953,512,20,6,6,"{""rz"": 15, ""sx"": 6, ""cx"": 6, ""measure"": 3, ""barrier"": 1}","{""000"": 113, ""001"": 13, ""010"": 26, ""011"": 114, ""100"": 27, ""101"": 114, ""110"": 94, ""111"": 11}"
3,16,72016,780892532,5,population,,512,26,5,10,"{""rz"": 10, ""cx"": 10, ""sx"": 5, ""measure"": 3, ""barrier"": 1}","{""000"": 194, ""001"": 23, ""010"": 14, ""011"": 15, ""100"": 7, ""101"": 20, ""110"": 29, ""111"": 210}"
3,16,72016,3530158270,5,parity_0,0.0,512,30,8,10,"{""rz"": 19, ""cx"": 10, ""sx"": 8, ""measure"": 3, ""barrier"": 1}","{""000"": 104, ""001"": 28, ""010"": 20, ""011"": 94, ""100"": 23, ""101"": 110, ""110"": 110, ""111"": 23}"
3,16,72016,2973413032,5,parity_1,1.0471975511965976,512,30,8,10,"{""rz"": 19, ""cx"": 10, ""sx"": 8, ""measure"": 3, ""barrier"": 1}","{""000"": 30, ""001"": 116, ""010"": 104, ""011"": 14, ""100"": 95, ""101"": 20, ""110"": 25, ""111"": 108}"
3,16,72016,3396352401,5,parity_2,2.0943951023931953,512,30,8,10,"{""rz"": 19, ""cx"": 10, ""sx"": 8, ""measure"": 3, ""barrier"": 1}","{""000"": 123, ""001"": 21, ""010"": 34, ""011"": 105, ""100"": 23, ""101"": 105, ""110"": 84, ""111"": 17}"
3,17,72017,186274822,1,population,,512,6,1,2,"{""measure"": 3, ""rz"": 2, ""cx"": 2, ""sx"": 1, ""barrier"": 1}","{""000"": 240, ""001"": 8, ""010"": 5, ""011"": 14, ""100"": 8, ""101"": 16, ""110"": 23, ""111"": 198}"
3,17,72017,3274670353,1,parity_0,0.0,512,10,4,2,"{""rz"": 11, ""sx"": 4, ""measure"": 3, ""cx"": 2, ""barrier"": 1}","{""000"": 118, ""001"": 14, ""010"": 21, ""011"": 96, ""100"": 17, ""101"": 122, ""110"": 116, ""111"": 8}"
3,17,72017,397779662,1,parity_1,1.0471975511965976,512,10,4,2,"{""rz"": 11, ""sx"": 4, ""measure"": 3, ""cx"": 2, ""barrier"": 1}","{""000"": 17, ""001"": 108, ""010"": 129, ""011"": 10, ""100"": 106, ""101"": 16, ""110"": 26, ""111"": 100}"
3,17,72017,1466984784,1,parity_2,2.0943951023931953,512,10,4,2,"{""rz"": 11, ""sx"": 4, ""measure"": 3, ""cx"": 2, ""barrier"": 1}","{""000"": 128, ""001"": 17, ""010"": 23, ""011"": 91, ""100"": 17, ""101"": 117, ""110"": 107, ""111"": 12}"
3,17,72017,1421689314,3,population,,512,16,3,6,"{""rz"": 6, ""cx"": 6, ""sx"": 3, ""measure"": 3, ""barrier"": 1}","{""000"": 237, ""001"": 18, ""010"": 8, ""011"": 18, ""100"": 7, ""101"": 9, ""110"": 22, ""111"": 193}"
3,17,72017,2497290013,3,parity_0,0.0,512,20,6,6,"{""rz"": 15, ""sx"": 6, ""cx"": 6, ""measure"": 3, ""barrier"": 1}","{""000"": 122, ""001"": 22, ""010"": 20, ""011"": 105, ""100"": 26, ""101"": 83, ""110"": 117, ""111"": 17}"
3,17,72017,1889276128,3,parity_1,1.0471975511965976,512,20,6,6,"{""rz"": 15, ""sx"": 6, ""cx"": 6, ""measure"": 3, ""barrier"": 1}","{""000"": 15, ""001"": 104, ""010"": 122, ""011"": 26, ""100"": 107, ""101"": 15, ""110"": 19, ""111"": 104}"
3,17,72017,3461447676,3,parity_2,2.0943951023931953,512,20,6,6,"{""rz"": 15, ""sx"": 6, ""cx"": 6, ""measure"": 3, ""barrier"": 1}","{""000"": 110, ""001"": 21, ""010"": 24, ""011"": 106, ""100"": 22, ""101"": 95, ""110"": 110, ""111"": 24}"
3,17,72017,2276671887,5,population,,512,26,5,10,"{""rz"": 10, ""cx"": 10, ""sx"": 5, ""measure"": 3, ""barrier"": 1}","{""000"": 226, ""001"": 18, ""010"": 11, ""011"": 17, ""100"": 9, ""101"": 12, ""110"": 28, ""111"": 191}"
3,17,72017,1531782053,5,parity_0,0.0,512,30,8,10,"{""rz"": 19, ""cx"": 10, ""sx"": 8, ""measure"": 3, ""barrier"": 1}","{""000"": 126, ""001"": 27, ""010"": 18, ""011"": 95, ""100"": 22, ""101"": 102, ""110"": 104, ""111"": 18}"
3,17,72017,2713491805,5,parity_1,1.0471975511965976,512,30,8,10,"{""rz"": 19, ""cx"": 10, ""sx"": 8, ""measure"": 3, ""barrier"": 1}","{""000"": 33, ""001"": 93, ""010"": 107, ""011"": 15, ""100"": 121, ""101"": 21, ""110"": 27, ""111"": 95}"
3,17,72017,701055805,5,parity_2,2.0943951023931953,512,30,8,10,"{""rz"": 19, ""cx"": 10, ""sx"": 8, ""measure"": 3, ""barrier"": 1}","{""000"": 107, ""001"": 31, ""010"": 17, ""011"": 115, ""100"": 17, ""101"": 108, ""110"": 103, ""111"": 14}"
3,18,72018,3284409745,1,population,,512,6,1,2,"{""measure"": 3, ""rz"": 2, ""cx"": 2, ""sx"": 1, ""barrier"": 1}","{""000"": 220, ""001"": 15, ""010"": 7, ""011"": 13, ""100"": 6, ""101"": 13, ""110"": 19, ""111"": 219}"
3,18,72018,3428635584,1,parity_0,0.0,512,10,4,2,"{""rz"": 11, ""sx"": 4, ""measure"": 3, ""cx"": 2, ""barrier"": 1}","{""000"": 110, ""001"": 25, ""010"": 14, ""011"": 101, ""100"": 8, ""101"": 118, ""110"": 128, ""111"": 8}"
3,18,72018,3586245364,1,parity_1,1.0471975511965976,512,10,4,2,"{""rz"": 11, ""sx"": 4, ""measure"": 3, ""cx"": 2, ""barrier"": 1}","{""000"": 17, ""001"": 115, ""010"": 101, ""011"": 19, ""100"": 113, ""101"": 13, ""110"": 18, ""111"": 116}"
3,18,72018,2920024470,1,parity_2,2.0943951023931953,512,10,4,2,"{""rz"": 11, ""sx"": 4, ""measure"": 3, ""cx"": 2, ""barrier"": 1}","{""000"": 108, ""001"": 21, ""010"": 17, ""011"": 108, ""100"": 13, ""101"": 118, ""110"": 117, ""111"": 10}"
3,18,72018,2206467374,3,population,,512,16,3,6,"{""rz"": 6, ""cx"": 6, ""sx"": 3, ""measure"": 3, ""barrier"": 1}","{""000"": 220, ""001"": 13, ""010"": 13, ""011"": 19, ""100"": 7, ""101"": 12, ""110"": 25, ""111"": 203}"
3,18,72018,2955499659,3,parity_0,0.0,512,20,6,6,"{""rz"": 15, ""sx"": 6, ""cx"": 6, ""measure"": 3, ""barrier"": 1}","{""000"": 110, ""001"": 11, ""010"": 20, ""011"": 98, ""100"": 18, ""101"": 115, ""110"": 125, ""111"": 15}"
3,18,72018,901646760,3,parity_1,1.0471975511965976,512,20,6,6,"{""rz"": 15, ""sx"": 6, ""cx"": 6, ""measure"": 3, ""barrier"": 1}","{""000"": 24, ""001"": 130, ""010"": 97, ""011"": 13, ""100"": 101, ""101"": 26, ""110"": 20, ""111"": 101}"
3,18,72018,1825351451,3,parity_2,2.0943951023931953,512,20,6,6,"{""rz"": 15, ""sx"": 6, ""cx"": 6, ""measure"": 3, ""barrier"": 1}","{""000"": 111, ""001"": 22, ""010"": 20, ""011"": 98, ""100"": 22, ""101"": 110, ""110"": 115, ""111"": 14}"
3,18,72018,1405568192,5,population,,512,26,5,10,"{""rz"": 10, ""cx"": 10, ""sx"": 5, ""measure"": 3, ""barrier"": 1}","{""000"": 211, ""001"": 29, ""010"": 15, ""011"": 13, ""100"": 22, ""101"": 14, ""110"": 31, ""111"": 177}"
3,18,72018,2046851124,5,parity_0,0.0,512,30,8,10,"{""rz"": 19, ""cx"": 10, ""sx"": 8, ""measure"": 3, ""barrier"": 1}","{""000"": 118, ""001"": 23, ""010"": 24, ""011"": 104, ""100"": 29, ""101"": 99, ""110"": 91, ""111"": 24}"
3,18,72018,2147170910,5,parity_1,1.0471975511965976,512,30,8,10,"{""rz"": 19, ""cx"": 10, ""sx"": 8, ""measure"": 3, ""barrier"": 1}","{""000"": 26, ""001"": 114, ""010"": 109, ""011"": 25, ""100"": 99, ""101"": 23, ""110"": 21, ""111"": 95}"
3,18,72018,4070809386,5,parity_2,2.0943951023931953,512,30,8,10,"{""rz"": 19, ""cx"": 10, ""sx"": 8, ""measure"": 3, ""barrier"": 1}","{""000"": 116, ""001"": 12, ""010"": 31, ""011"": 95, ""100"": 23, ""101"": 105, ""110"": 112, ""111"": 18}"
3,19,72019,337802524,1,population,,512,6,1,2,"{""measure"": 3, ""rz"": 2, ""cx"": 2, ""sx"": 1, ""barrier"": 1}","{""000"": 228, ""001"": 16, ""010"": 6, ""011"": 7, ""100"": 9, ""101"": 10, ""110"": 15, ""111"": 221}"
3,19,72019,642094623,1,parity_0,0.0,512,10,4,2,"{""rz"": 11, ""sx"": 4, ""measure"": 3, ""cx"": 2, ""barrier"": 1}","{""000"": 118, ""001"": 18, ""010"": 19, ""011"": 113, ""100"": 18, ""101"": 102, ""110"": 112, ""111"": 12}"
3,19,72019,206853452,1,parity_1,1.0471975511965976,512,10,4,2,"{""rz"": 11, ""sx"": 4, ""measure"": 3, ""cx"": 2, ""barrier"": 1}","{""000"": 26, ""001"": 106, ""010"": 129, ""011"": 15, ""100"": 96, ""101"": 14, ""110"": 18, ""111"": 108}"
3,19,72019,1229450348,1,parity_2,2.0943951023931953,512,10,4,2,"{""rz"": 11, ""sx"": 4, ""measure"": 3, ""cx"": 2, ""barrier"": 1}","{""000"": 130, ""001"": 17, ""010"": 18, ""011"": 109, ""100"": 18, ""101"": 106, ""110"": 102, ""111"": 12}"
3,19,72019,1773390226,3,population,,512,16,3,6,"{""rz"": 6, ""cx"": 6, ""sx"": 3, ""measure"": 3, ""barrier"": 1}","{""000"": 228, ""001"": 22, ""010"": 7, ""011"": 10, ""100"": 9, ""101"": 11, ""110"": 17, ""111"": 208}"
3,19,72019,2460079866,3,parity_0,0.0,512,20,6,6,"{""rz"": 15, ""sx"": 6, ""cx"": 6, ""measure"": 3, ""barrier"": 1}","{""000"": 104, ""001"": 19, ""010"": 18, ""011"": 115, ""100"": 17, ""101"": 108, ""110"": 115, ""111"": 16}"
3,19,72019,1775247690,3,parity_1,1.0471975511965976,512,20,6,6,"{""rz"": 15, ""sx"": 6, ""cx"": 6, ""measure"": 3, ""barrier"": 1}","{""000"": 32, ""001"": 114, ""010"": 104, ""011"": 8, ""100"": 115, ""101"": 19, ""110"": 14, ""111"": 106}"
3,19,72019,2879517552,3,parity_2,2.0943951023931953,512,20,6,6,"{""rz"": 15, ""sx"": 6, ""cx"": 6, ""measure"": 3, ""barrier"": 1}","{""000"": 109, ""001"": 14, ""010"": 16, ""011"": 109, ""100"": 23, ""101"": 115, ""110"": 110, ""111"": 16}"
3,19,72019,1603678963,5,population,,512,26,5,10,"{""rz"": 10, ""cx"": 10, ""sx"": 5, ""measure"": 3, ""barrier"": 1}","{""000"": 209, ""001"": 11, ""010"": 13, ""011"": 19, ""100"": 14, ""101"": 15, ""110"": 31, ""111"": 200}"
3,19,72019,2733085996,5,parity_0,0.0,512,30,8,10,"{""rz"": 19, ""cx"": 10, ""sx"": 8, ""measure"": 3, ""barrier"": 1}","{""000"": 102, ""001"": 23, ""010"": 30, ""011"": 102, ""100"": 27, ""101"": 100, ""110"": 113, ""111"": 15}"
3,19,72019,2239527511,5,parity_1,1.0471975511965976,512,30,8,10,"{""rz"": 19, ""cx"": 10, ""sx"": 8, ""measure"": 3, ""barrier"": 1}","{""000"": 26, ""001"": 110, ""010"": 94, ""011"": 24, ""100"": 109, ""101"": 25, ""110"": 23, ""111"": 101}"
3,19,72019,2010161180,5,parity_2,2.0943951023931953,512,30,8,10,"{""rz"": 19, ""cx"": 10, ""sx"": 8, ""measure"": 3, ""barrier"": 1}","{""000"": 112, ""001"": 24, ""010"": 21, ""011"": 92, ""100"": 19, ""101"": 100, ""110"": 117, ""111"": 27}"
4,0,73000,1545595683,1,population,,512,7,1,3,"{""measure"": 4, ""cx"": 3, ""rz"": 2, ""sx"": 1, ""barrier"": 1}","{""0000"": 212, ""0001"": 11, ""0010"": 6, ""0011"": 1, ""0100"": 12, ""0101"": 1, ""0110"": 1, ""0111"": 9, ""1000"": 5, ""1001"": 1, ""1010"": 2, ""1011"": 15, ""1100"": 1, ""1101"": 8, ""1110"": 23, ""1111"": 204}"
4,0,73000,2582143022,1,parity_0,0.0,512,11,5,3,"{""rz"": 14, ""sx"": 5, ""measure"": 4, ""cx"": 3, ""barrier"": 1}","{""0000"": 61, ""0001"": 7, ""0010"": 14, ""0011"": 62, ""0100"": 15, ""0101"": 58, ""0110"": 41, ""0111"": 10, ""1000"": 12, ""1001"": 50, ""1010"": 44, ""1011"": 14, ""1100"": 52, ""1101"": 7, ""1110"": 11, ""1111"": 54}"
4,0,73000,1814740783,1,parity_1,0.7853981633974483,512,11,5,3,"{""rz"": 14, ""sx"": 5, ""measure"": 4, ""cx"": 3, ""barrier"": 1}","{""0000"": 8, ""0001"": 58, ""0010"": 55, ""0011"": 9, ""0100"": 58, ""0101"": 6, ""0110"": 6, ""0111"": 46, ""1000"": 52, ""1001"": 7, ""1010"": 14, ""1011"": 49, ""1100"": 6, ""1101"": 73, ""1110"": 57, ""1111"": 8}"
4,0,73000,3681385494,1,parity_2,1.5707963267948966,512,11,5,3,"{""rz"": 14, ""sx"": 5, ""measure"": 4, ""cx"": 3, ""barrier"": 1}","{""0000"": 49, ""0001"": 17, ""0010"": 13, ""0011"": 54, ""0100"": 13, ""0101"": 53, ""0110"": 48, ""0111"": 15, ""1000"": 8, ""1001"": 61, ""1010"": 54, ""1011"": 9, ""1100"": 57, ""1101"": 4, ""1110"": 7, ""1111"": 50}"
4,0,73000,2893706989,1,parity_3,2.356194490192345,512,11,5,3,"{""rz"": 14, ""sx"": 5, ""measure"": 4, ""cx"": 3, ""barrier"": 1}","{""0000"": 13, ""0001"": 55, ""0010"": 51, ""0011"": 12, ""0100"": 50, ""0101"": 8, ""0110"": 6, ""0111"": 52, ""1000"": 46, ""1001"": 5, ""1010"": 13, ""1011"": 56, ""1100"": 9, ""1101"": 59, ""1110"": 70, ""1111"": 7}"
4,0,73000,1582205301,3,population,,512,19,3,9,"{""cx"": 9, ""rz"": 6, ""measure"": 4, ""sx"": 3, ""barrier"": 1}","{""0000"": 206, ""0001"": 13, ""0010"": 14, ""0011"": 7, ""0100"": 7, ""0101"": 2, ""0110"": 2, ""0111"": 15, ""1000"": 6, ""1001"": 1, ""1010"": 1, ""1011"": 12, ""1100"": 7, ""1101"": 10, ""1110"": 23, ""1111"": 186}"
4,0,73000,2955679443,3,parity_0,0.0,512,23,7,9,"{""rz"": 18, ""cx"": 9, ""sx"": 7, ""measure"": 4, ""barrier"": 1}","{""0000"": 48, ""0001"": 10, ""0010"": 12, ""0011"": 53, ""0100"": 12, ""0101"": 63, ""0110"": 44, ""0111"": 11, ""1000"": 18, ""1001"": 57, ""1010"": 59, ""1011"": 11, ""1100"": 52, ""1101"": 9, ""1110"": 13, ""1111"": 40}"
4,0,73000,1844526586,3,parity_1,0.7853981633974483,512,23,7,9,"{""rz"": 18, ""cx"": 9, ""sx"": 7, ""measure"": 4, ""barrier"": 1}","{""0000"": 19, ""0001"": 47, ""0010"": 60, ""0011"": 15, ""0100"": 52, ""0101"": 5, ""0110"": 13, ""0111"": 52, ""1000"": 57, ""1001"": 10, ""1010"": 11, ""1011"": 47, ""1100"": 6, ""1101"": 56, ""1110"": 53, ""1111"": 9}"
4,0,73000,72873129,3,parity_2,1.5707963267948966,512,23,7,9,"{""rz"": 18, ""cx"": 9, ""sx"": 7, ""measure"": 4, ""barrier"": 1}","{""0000"": 62, ""0001"": 14, ""0010"": 20, ""0011"": 64, ""0100"": 9, ""0101"": 44, ""0110"": 50, ""0111"": 11, ""1000"": 11, ""1001"": 49, ""1010"": 50, ""1011"": 14, ""1100"": 47, ""1101"": 14, ""1110"": 9, ""1111"": 44}"
4,0,73000,1574477040,3,parity_3,2.356194490192345,512,23,7,9,"{""rz"": 18, ""cx"": 9, ""sx"": 7, ""measure"": 4, ""barrier"": 1}","{""0000"": 7, ""0001"": 73, ""0010"": 54, ""0011"": 13, ""0100"": 50, ""0101"": 10, ""0110"": 10, ""0111"": 64, ""1000"": 56, ""1001"": 15, ""1010"": 9, ""1011"": 43, ""1100"": 10, ""1101"": 44, ""1110"": 46, ""1111"": 8}"
4,0,73000,723323480,5,population,,512,31,5,15,"{""cx"": 15, ""rz"": 10, ""sx"": 5, ""measure"": 4, ""barrier"": 1}","{""0000"": 170, ""0001"": 23, ""0010"": 6, ""0011"": 17, ""0100"": 6, ""0110"": 1, ""0111"": 12, ""1000"": 19, ""1001"": 5, ""1010"": 3, ""1011"": 18, ""1100"": 6, ""1101"": 13, ""1110"": 20, ""1111"": 193}"
4,0,73000,103590440,5,parity_0,0.0,512,35,9,15,"{""rz"": 22, ""cx"": 15, ""sx"": 9, ""measure"": 4, ""barrier"": 1}","{""0000"": 51, ""0001"": 11, ""0010"": 11, ""0011"": 52, ""0100"": 10, ""0101"": 53, ""0110"": 47, ""0111"": 16, ""1000"": 11, ""1001"": 56, ""1010"": 53, ""1011"": 11, ""1100"": 53, ""1101"": 18, ""1110"": 13, ""1111"": 46}"
4,0,73000,256423088,5,parity_1,0.7853981633974483,512,35,9,15,"{""rz"": 22, ""cx"": 15, ""sx"": 9, ""measure"": 4, ""barrier"": 1}","{""0000"": 13, ""0001"": 45, ""0010"": 55, ""0011"": 13, ""0100"": 50, ""0101"": 12, ""0110"": 14, ""0111"": 55, ""1000"": 58, ""1001"": 11, ""1010"": 12, ""1011"": 58, ""1100"": 9, ""1101"": 50, ""1110"": 50, ""1111"": 7}"
4,0,73000,1308237985,5,parity_2,1.5707963267948966,512,35,9,15,"{""rz"": 22, ""cx"": 15, ""sx"": 9, ""measure"": 4, ""barrier"": 1}","{""0000"": 56, ""0001"": 13, ""0010"": 7, ""0011"": 51, ""0100"": 18, ""0101"": 55, ""0110"": 39, ""0111"": 14, ""1000"": 12, ""1001"": 41, ""1010"": 62, ""1011"": 17, ""1100"": 55, ""1101"": 14, ""1110"": 10, ""1111"": 48}"
4,0,73000,2726143836,5,parity_3,2.356194490192345,512,35,9,15,"{""rz"": 22, ""cx"": 15, ""sx"": 9, ""measure"": 4, ""barrier"": 1}","{""0000"": 14, ""0001"": 47, ""0010"": 42, ""0011"": 12, ""0100"": 49, ""0101"": 15, ""0110"": 15, ""0111"": 50, ""1000"": 65, ""1001"": 9, ""1010"": 15, ""1011"": 57, ""1100"": 21, ""1101"": 37, ""1110"": 53, ""1111"": 11}"
4,1,73001,3899007319,1,population,,512,7,1,3,"{""measure"": 4, ""cx"": 3, ""rz"": 2, ""sx"": 1, ""barrier"": 1}","{""0000"": 236, ""0001"": 9, ""0010"": 8, ""0011"": 3, ""0100"": 8, ""0101"": 2, ""0110"": 1, ""0111"": 9, ""1000"": 6, ""1001"": 2, ""1010"": 3, ""1011"": 13, ""1100"": 2, ""1101"": 9, ""1110"": 7, ""1111"": 194}"
4,1,73001,1052253774,1,parity_0,0.0,512,11,5,3,"{""rz"": 14, ""sx"": 5, ""measure"": 4, ""cx"": 3, ""barrier"": 1}","{""0000"": 63, ""0001"": 9, ""0010"": 11, ""0011"": 55, ""0100"": 6, ""0101"": 59, ""0110"": 53, ""0111"": 9, ""1000"": 9, ""1001"": 47, ""1010"": 54, ""1011"": 9, ""1100"": 68, ""1101"": 10, ""1110"": 9, ""1111"": 41}"
4,1,73001,2731360593,1,parity_1,0.7853981633974483,512,11,5,3,"{""rz"": 14, ""sx"": 5, ""measure"": 4, ""cx"": 3, ""barrier"": 1}","{""0000"": 14, ""0001"": 56, ""0010"": 53, ""0011"": 11, ""0100"": 57, ""0101"": 11, ""0110"": 13, ""0111"": 57, ""1000"": 62, ""1001"": 10, ""1010"": 7, ""1011"": 47, ""1100"": 7, ""1101"": 53, ""1110"": 46, ""1111"": 8}"
4,1,73001,1436568680,1,parity_2,1.5707963267948966,512,11,5,3,"{""rz"": 14, ""sx"": 5, ""measure"": 4, ""cx"": 3, ""barrier"": 1}","{""0000"": 56, ""0001"": 11, ""0010"": 14, ""0011"": 53, ""0100"": 12, ""0101"": 52, ""0110"": 57, ""0111"": 12, ""1000"": 17, ""1001"": 61, ""1010"": 44, ""1011"": 7, ""1100"": 52, ""1101"": 9, ""1110"": 10, ""1111"": 45}"
4,1,73001,598511781,1,parity_3,2.356194490192345,512,11,5,3,"{""rz"": 14, ""sx"": 5, ""measure"": 4, ""cx"": 3, ""barrier"": 1}","{""0000"": 9, ""0001"": 62, ""0010"": 44, ""0011"": 7, ""0100"": 59, ""0101"": 9, ""0110"": 8, ""0111"": 56, ""1000"": 50, ""1001"": 13, ""1010"": 19, ""1011"": 56, ""1100"": 14, ""1101"": 53, ""1110"": 48, ""1111"": 5}"
4,1,73001,3382573797,3,population,,512,19,3,9,"{""cx"": 9, ""rz"": 6, ""measure"": 4, ""sx"": 3, ""barrier"": 1}","{""0000"": 234, ""0001"": 12, ""0010"": 9, ""0011"": 7, ""0100"": 8, ""0101"": 2, ""0110"": 3, ""0111"": 14, ""1000"": 16, ""1001"": 1, ""1010"": 3, ""1011"": 6, ""1100"": 6, ""1101"": 9, ""1110"": 18, ""1111"": 164}"
4,1,73001,2376390231,3,parity_0,0.0,512,23,7,9,"{""rz"": 18, ""cx"": 9, ""sx"": 7, ""measure"": 4, ""barrier"": 1}","{""0000"": 47, ""0001"": 15, ""0010"": 11, ""0011"": 53, ""0100"": 19, ""0101"": 54, ""0110"": 54, ""0111"": 12, ""1000"": 8, ""1001"": 66, ""1010"": 48, ""1011"": 6, ""1100"": 48, ""1101"": 17, ""1110"": 5, ""1111"": 49}"
4,1,73001,1650253466,3,parity_1,0.7853981633974483,512,23,7,9,"{""rz"": 18, ""cx"": 9, ""sx"": 7, ""measure"": 4, ""barrier"": 1}","{""0000"": 14, ""0001"": 55, ""0010"": 54, ""0011"": 10, ""0100"": 47, ""0101"": 16, ""0110"": 18, ""0111"": 44, ""1000"": 52, ""1001"": 15, ""1010"": 10, ""1011"": 57, ""1100"": 6, ""1101"": 52, ""1110"": 58, ""1111"": 4}"
4,1,73001,375074626,3,parity_2,1.5707963267948966,512,23,7,9,"{""rz"": 18, ""cx"": 9, ""sx"": 7, ""measure"": 4, ""barrier"": 1}","{""0000"": 55, ""0001"": 22, ""0010"": 14, ""0011"": 55, ""0100"": 10, ""0101"": 58, ""0110"": 48, ""0111"": 10, ""1000"": 17, ""1001"": 53, ""1010"": 49, ""1011"": 5, ""1100"": 38, ""1101"": 9, ""1110"": 10, ""1111"": 59}"
4,1,73001,957506389,3,parity_3,2.356194490192345,512,23,7,9,"{""rz"": 18, ""cx"": 9, ""sx"": 7, ""measure"": 4, ""barrier"": 1}","{""0000"": 13, ""0001"": 50, ""0010"": 44, ""0011"": 6, ""0100"": 62, ""0101"": 14, ""0110"": 17, ""0111"": 49, ""1000"": 55, ""1001"": 11, ""1010"": 16, ""1011"": 47, ""1100"": 16, ""1101"": 53, ""1110"": 53, ""1111"": 6}"
4,1,73001,556261541,5,population,,512,31,5,15,"{""cx"": 15, ""rz"": 10, ""sx"": 5, ""measure"": 4, ""barrier"": 1}","{""0000"": 197, ""0001"": 23, ""0010"": 8, ""0011"": 13, ""0100"": 9, ""0110"": 1, ""0111"": 11, ""1000"": 6, ""1001"": 2, ""1010"": 4, ""1011"": 14, ""1100"": 13, ""1101"": 8, ""1110"": 22, ""1111"": 181}"
4,1,73001,3165516768,5,parity_0,0.0,512,35,9,15,"{""rz"": 22, ""cx"": 15, ""sx"": 9, ""measure"": 4, ""barrier"": 1}","{""0000"": 49, ""0001"": 19, ""0010"": 14, ""0011"": 58, ""0100"": 15, ""0101"": 54, ""0110"": 50, ""0111"": 13, ""1000"": 15, ""1001"": 50, ""1010"": 47, ""1011"": 13, ""1100"": 49, ""1101"": 5, ""1110"": 11, ""1111"": 50}"
4,1,73001,3916734859,5,parity_1,0.7853981633974483,512,35,9,15,"{""rz"": 22, ""cx"": 15, ""sx"": 9, ""measure"": 4, ""barrier"": 1}","{""0000"": 18, ""0001"": 56, ""0010"": 50, ""0011"": 12, ""0100"": 46, ""0101"": 17, ""0110"": 11, ""0111"": 44, ""1000"": 63, ""1001"": 5, ""1010"": 13, ""1011"": 55, ""1100"": 15, ""1101"": 60, ""1110"": 40, ""1111"": 7}"
4,1,73001,1151530185,5,parity_2,1.5707963267948966,512,35,9,15,"{""rz"": 22, ""cx"": 15, ""sx"": 9, ""measure"": 4, ""barrier"": 1}","{""0000"": 53, ""0001"": 19, ""0010"": 11, ""0011"": 59, ""0100"": 13, ""0101"": 55, ""0110"": 47, ""0111"": 12, ""1000"": 9, ""1001"": 47, ""1010"": 47, ""1011"": 11, ""1100"": 54, ""1101"": 13, ""1110"": 14, ""1111"": 48}"
4,1,73001,3776565286,5,parity_3,2.356194490192345,512,35,9,15,"{""rz"": 22, ""cx"": 15, ""sx"": 9, ""measure"": 4, ""barrier"": 1}","{""0000"": 11, ""0001"": 46, ""0010"": 49, ""0011"": 16, ""0100"": 51, ""0101"": 11, ""0110"": 18, ""0111"": 63, ""1000"": 59, ""1001"": 9, ""1010"": 14, ""1011"": 45, ""1100"": 11, ""1101"": 56, ""1110"": 41, ""1111"": 12}"
4,2,73002,135290244,1,population,,512,7,1,3,"{""measure"": 4, ""cx"": 3, ""rz"": 2, ""sx"": 1, ""barrier"": 1}","{""0000"": 206, ""0001"": 12, ""0010"": 6, ""0011"": 3, ""0100"": 12, ""0101"": 2, ""0110"": 3, ""0111"": 10, ""1000"": 8, ""1011"": 10, ""1100"": 1, ""1101"": 14, ""1110"": 10, ""1111"": 215}"
4,2,73002,2642542265,1,parity_0,0.0,512,11,5,3,"{""rz"": 14, ""sx"": 5, ""measure"": 4, ""cx"": 3, ""barrier"": 1}","{""0000"": 60, ""0001"": 8, ""0010"": 4, ""0011"": 50, ""0100"": 14, ""0101"": 59, ""0110"": 54, ""0111"": 9, ""1000"": 9, ""1001"": 54, ""1010"": 56, ""1011"": 4, ""1100"": 57, ""1101"": 16, ""1110"": 7, ""1111"": 51}"
4,2,73002,1953356739,1,parity_1,0.7853981633974483,512,11,5,3,"{""rz"": 14, ""sx"": 5, ""measure"": 4, ""cx"": 3, ""barrier"": 1}","{""0000"": 18, ""0001"": 51, ""0010"": 52, ""0011"": 15, ""0100"": 57, ""0101"": 12, ""0110"": 10, ""0111"": 56, ""1000"": 50, ""1001"": 7, ""1010"": 9, ""1011"": 53, ""1100"": 7, ""1101"": 53, ""1110"": 52, ""1111"": 10}"
4,2,73002,3116258460,1,parity_2,1.5707963267948966,512,11,5,3,"{""rz"": 14, ""sx"": 5, ""measure"": 4, ""cx"": 3, ""barrier"": 1}","{""0000"": 51, ""0001"": 8, ""0010"": 11, ""0011"": 50, ""0100"": 10, ""0101"": 54, ""0110"": 45, ""0111"": 9, ""1000"": 15, ""1001"": 57, ""1010"": 47, ""1011"": 11, ""1100"": 60, ""1101"": 12, ""1110"": 10, ""1111"": 62}"
4,2,73002,1323102113,1,parity_3,2.356194490192345,512,11,5,3,"{""rz"": 14, ""sx"": 5, ""measure"": 4, ""cx"": 3, ""barrier"": 1}","{""0000"": 11, ""0001"": 45, ""0010"": 53, ""0011"": 13, ""0100"": 59, ""0101"": 10, ""0110"": 13, ""0111"": 49, ""1000"": 54, ""1001"": 12, ""1010"": 10, ""1011"": 55, ""1100"": 12, ""1101"": 51, ""1110"": 58, ""1111"": 7}"
4,2,73002,541454407,3,population,,512,19,3,9,"{""cx"": 9, ""rz"": 6, ""measure"": 4, ""sx"": 3, ""barrier"": 1}","{""0000"": 197, ""0001"": 17, ""0010"": 13, ""0011"": 1, ""0100"": 5, ""0101"": 3, ""0111"": 6, ""1000"": 10, ""1001"": 1, ""1010"": 1, ""1011"": 11, ""1100"": 7, ""1101"": 13, ""1110"": 14, ""1111"": 213}"
4,2,73002,3274725867,3,parity_0,0.0,512,23,7,9,"{""rz"": 18, ""cx"": 9, ""sx"": 7, ""measure"": 4, ""barrier"": 1}","{""0000"": 60, ""0001"": 11, ""0010"": 11, ""0011"": 57, ""0100"": 19, ""0101"": 51, ""0110"": 45, ""0111"": 16, ""1000"": 13, ""1001"": 56, ""1010"": 47, ""1011"": 7, ""1100"": 46, ""1101"": 10, ""1110"": 13, ""1111"": 50}"
4,2,73002,2360443349,3,parity_1,0.7853981633974483,512,23,7,9,"{""rz"": 18, ""cx"": 9, ""sx"": 7, ""measure"": 4, ""barrier"": 1}","{""0000"": 19, ""0001"": 55, ""0010"": 47, ""0011"": 11, ""0100"": 48, ""0101"": 15, ""0110"": 19, ""0111"": 50, ""1000"": 43, ""1001"": 11, ""1010"": 10, ""1011"": 58, ""1100"": 17, ""1101"": 49, ""1110"": 54, ""1111"": 6}"
4,2,73002,3712618070,3,parity_2,1.5707963267948966,512,23,7,9,"{""rz"": 18, ""cx"": 9, ""sx"": 7, ""measure"": 4, ""barrier"": 1}","{""0000"": 52, ""0001"": 18, ""0010"": 9, ""0011"": 47, ""0100"": 13, ""0101"": 51, ""0110"": 49, ""0111"": 14, ""1000"": 13, ""1001"": 53, ""1010"": 56, ""1011"": 12, ""1100"": 69, ""1101"": 9, ""1110"": 7, ""1111"": 40}"
4,2,73002,109268542,3,parity_3,2.356194490192345,512,23,7,9,"{""rz"": 18, ""cx"": 9, ""sx"": 7, ""measure"": 4, ""barrier"": 1}","{""0000"": 15, ""0001"": 47, ""0010"": 56, ""0011"": 12, ""0100"": 55, ""0101"": 9, ""0110"": 11, ""0111"": 58, ""1000"": 49, ""1001"": 14, ""1010"": 10, ""1011"": 46, ""1100"": 18, ""1101"": 52, ""1110"": 54, ""1111"": 6}"
4,2,73002,2013133491,5,population,,512,31,5,15,"{""cx"": 15, ""rz"": 10, ""sx"": 5, ""measure"": 4, ""barrier"": 1}","{""0000"": 196, ""0001"": 17, ""0010"": 16, ""0011"": 7, ""0100"": 10, ""0101"": 1, ""0110"": 2, ""0111"": 11, ""1000"": 13, ""1001"": 2, ""1010"": 2, ""1011"": 12, ""1100"": 9, ""1101"": 14, ""1110"": 23, ""1111"": 177}"
4,2,73002,421424733,5,parity_0,0.0,512,35,9,15,"{""rz"": 22, ""cx"": 15, ""sx"": 9, ""measure"": 4, ""barrier"": 1}","{""0000"": 49, ""0001"": 16, ""0010"": 12, ""0011"": 48, ""0100"": 16, ""0101"": 59, ""0110"": 56, ""0111"": 15, ""1000"": 10, ""1001"": 47, ""1010"": 51, ""1011"": 14, ""1100"": 61, ""1101"": 7, ""1110"": 11, ""1111"": 40}"
4,2,73002,2526947685,5,parity_1,0.7853981633974483,512,35,9,15,"{""rz"": 22, ""cx"": 15, ""sx"": 9, ""measure"": 4, ""barrier"": 1}","{""0000"": 26, ""0001"": 42, ""0010"": 48, ""0011"": 16, ""0100"": 62, ""0101"": 9, ""0110"": 16, ""0111"": 47, ""1000"": 51, ""1001"": 13, ""1010"": 10, ""1011"": 56, ""1100"": 9, ""1101"": 50, ""1110"": 48, ""1111"": 9}"
4,2,73002,4074475604,5,parity_2,1.5707963267948966,512,35,9,15,"{""rz"": 22, ""cx"": 15, ""sx"": 9, ""measure"": 4, ""barrier"": 1}","{""0000"": 61, ""0001"": 13, ""0010"": 20, ""0011"": 50, ""0100"": 18, ""0101"": 57, ""0110"": 50, ""0111"": 12, ""1000"": 12, ""1001"": 49, ""1010"": 42, ""1011"": 9, ""1100"": 45, ""1101"": 9, ""1110"": 13, ""1111"": 52}"
4,2,73002,3023987271,5,parity_3,2.356194490192345,512,35,9,15,"{""rz"": 22, ""cx"": 15, ""sx"": 9, ""measure"": 4, ""barrier"": 1}","{""0000"": 11, ""0001"": 52, ""0010"": 48, ""0011"": 18, ""0100"": 52, ""0101"": 21, ""0110"": 18, ""0111"": 49, ""1000"": 49, ""1001"": 18, ""1010"": 19, ""1011"": 45, ""1100"": 15, ""1101"": 43, ""1110"": 41, ""1111"": 13}"
4,3,73003,4077901159,1,population,,512,7,1,3,"{""measure"": 4, ""cx"": 3, ""rz"": 2, ""sx"": 1, ""barrier"": 1}","{""0000"": 221, ""0001"": 9, ""0010"": 5, ""0011"": 2, ""0100"": 10, ""0110"": 2, ""0111"": 5, ""1000"": 8, ""1001"": 1, ""1010"": 2, ""1011"": 14, ""1100"": 1, ""1101"": 9, ""1110"": 18, ""1111"": 205}"
4,3,73003,2837538380,1,parity_0,0.0,512,11,5,3,"{""rz"": 14, ""sx"": 5, ""measure"": 4, ""cx"": 3, ""barrier"": 1}","{""0000"": 50, ""0001"": 13, ""0010"": 11, ""0011"": 72, ""0100"": 4, ""0101"": 46, ""0110"": 63, ""0111"": 5, ""1000"": 8, ""1001"": 48, ""1010"": 54, ""1011"": 13, ""1100"": 56, ""1101"": 9, ""1110"": 4, ""1111"": 56}"
4,3,73003,3908939705,1,parity_1,0.7853981633974483,512,11,5,3,"{""rz"": 14, ""sx"": 5, ""measure"": 4, ""cx"": 3, ""barrier"": 1}","{""0000"": 16, ""0001"": 67, ""0010"": 39, ""0011"": 6, ""0100"": 67, ""0101"": 7, ""0110"": 5, ""0111"": 47, ""1000"": 62, ""1001"": 19, ""1010"": 6, ""1011"": 57, ""1100"": 12, ""1101"": 43, ""1110"": 48, ""1111"": 11}"
4,3,73003,1799903856,1,parity_2,1.5707963267948966,512,11,5,3,"{""rz"": 14, ""sx"": 5, ""measure"": 4, ""cx"": 3, ""barrier"": 1}","{""0000"": 51, ""0001"": 12, ""0010"": 10, ""0011"": 51, ""0100"": 11, ""0101"": 72, ""0110"": 50, ""0111"": 10, ""1000"": 9, ""1001"": 48, ""1010"": 65, ""1011"": 7, ""1100"": 50, ""1101"": 4, ""1110"": 8, ""1111"": 54}"
4,3,73003,671141113,1,parity_3,2.356194490192345,512,11,5,3,"{""rz"": 14, ""sx"": 5, ""measure"": 4, ""cx"": 3, ""barrier"": 1}","{""0000"": 19, ""0001"": 42, ""0010"": 52, ""0011"": 11, ""0100"": 55, ""0101"": 6, ""0110"": 16, ""0111"": 47, ""1000"": 56, ""1001"": 14, ""1010"": 13, ""1011"": 52, ""1100"": 14, ""1101"": 50, ""1110"": 56, ""1111"": 9}"
4,3,73003,587043126,3,population,,512,19,3,9,"{""cx"": 9, ""rz"": 6, ""measure"": 4, ""sx"": 3, ""barrier"": 1}","{""0000"": 212, ""0001"": 13, ""0010"": 10, ""0011"": 4, ""0100"": 6, ""0101"": 1, ""0110"": 3, ""0111"": 10, ""1000"": 9, ""1001"": 2, ""1010"": 2, ""1011"": 8, ""1100"": 2, ""1101"": 15, ""1110"": 18, ""1111"": 197}"
4,3,73003,3596104257,3,parity_0,0.0,512,23,7,9,"{""rz"": 18, ""cx"": 9, ""sx"": 7, ""measure"": 4, ""barrier"": 1}","{""0000"": 61, ""0001"": 10, ""0010"": 16, ""0011"": 47, ""0100"": 14, ""0101"": 50, ""0110"": 50, ""0111"": 7, ""1000"": 20, ""1001"": 48, ""1010"": 57, ""1011"": 13, ""1100"": 54, ""1101"": 10, ""1110"": 8, ""1111"": 47}"
4,3,73003,3687648544,3,parity_1,0.7853981633974483,512,23,7,9,"{""rz"": 18, ""cx"": 9, ""sx"": 7, ""measure"": 4, ""barrier"": 1}","{""0000"": 14, ""0001"": 52, ""0010"": 67, ""0011"": 9, ""0100"": 56, ""0101"": 13, ""0110"": 7, ""0111"": 56, ""1000"": 49, ""1001"": 6, ""1010"": 12, ""1011"": 47, ""1100"": 9, ""1101"": 45, ""1110"": 60, ""1111"": 10}"
4,3,73003,1742310154,3,parity_2,1.5707963267948966,512,23,7,9,"{""rz"": 18, ""cx"": 9, ""sx"": 7, ""measure"": 4, ""barrier"": 1}","{""0000"": 46, ""0001"": 13, ""0010"": 14, ""0011"": 62, ""0100"": 8, ""0101"": 56, ""0110"": 47, ""0111"": 15, ""1000"": 12, ""1001"": 36, ""1010"": 58, ""1011"": 9, ""1100"": 51, ""1101"": 12, ""1110"": 10, ""1111"": 63}"
4,3,73003,888168813,3,parity_3,2.356194490192345,512,23,7,9,"{""rz"": 18, ""cx"": 9, ""sx"": 7, ""measure"": 4, ""barrier"": 1}","{""0000"": 16, ""0001"": 50, ""0010"": 55, ""0011"": 14, ""0100"": 39, ""0101"": 14, ""0110"": 9, ""0111"": 48, ""1000"": 56, ""1001"": 18, ""1010"": 17, ""1011"": 55, ""1100"": 13, ""1101"": 50, ""1110"": 48, ""1111"": 10}"
4,3,73003,869841965,5,population,,512,31,5,15,"{""cx"": 15, ""rz"": 10, ""sx"": 5, ""measure"": 4, ""barrier"": 1}","{""0000"": 164, ""0001"": 18, ""0010"": 13, ""0011"": 13, ""0100"": 10, ""0101"": 1, ""0110"": 4, ""0111"": 13, ""1000"": 10, ""1010"": 2, ""1011"": 12, ""1100"": 9, ""1101"": 18, ""1110"": 19, ""1111"": 206}"
4,3,73003,181210589,5,parity_0,0.0,512,35,9,15,"{""rz"": 22, ""cx"": 15, ""sx"": 9, ""measure"": 4, ""barrier"": 1}","{""0000"": 50, ""0001"": 24, ""0010"": 15, ""0011"": 51, ""0100"": 17, ""0101"": 46, ""0110"": 38, ""0111"": 11, ""1000"": 16, ""1001"": 60, ""1010"": 47, ""1011"": 12, ""1100"": 51, ""1101"": 14, ""1110"": 15, ""1111"": 45}"
4,3,73003,1305193464,5,parity_1,0.7853981633974483,512,35,9,15,"{""rz"": 22, ""cx"": 15, ""sx"": 9, ""measure"": 4, ""barrier"": 1}","{""0000"": 19, ""0001"": 50, ""0010"": 51, ""0011"": 14, ""0100"": 55, ""0101"": 12, ""0110"": 10, ""0111"": 63, ""1000"": 46, ""1001"": 15, ""1010"": 15, ""1011"": 55, ""1100"": 15, ""1101"": 43, ""1110"": 38, ""1111"": 11}"
4,3,73003,326669380,5,parity_2,1.5707963267948966,512,35,9,15,"{""rz"": 22, ""cx"": 15, ""sx"": 9, ""measure"": 4, ""barrier"": 1}","{""0000"": 62, ""0001"": 14, ""0010"": 13, ""0011"": 52, ""0100"": 14, ""0101"": 48, ""0110"": 43, ""0111"": 9, ""1000"": 13, ""1001"": 53, ""1010"": 47, ""1011"": 10, ""1100"": 59, ""1101"": 17, ""1110"": 15, ""1111"": 43}"
4,3,73003,972631375,5,parity_3,2.356194490192345,512,35,9,15,"{""rz"": 22, ""cx"": 15, ""sx"": 9, ""measure"": 4, ""barrier"": 1}","{""0000"": 15, ""0001"": 38, ""0010"": 57, ""0011"": 21, ""0100"": 53, ""0101"": 13, ""0110"": 15, ""0111"": 51, ""1000"": 44, ""1001"": 15, ""1010"": 11, ""1011"": 41, ""1100"": 20, ""1101"": 47, ""1110"": 53, ""1111"": 18}"
4,4,73004,1926981689,1,population,,512,7,1,3,"{""measure"": 4, ""cx"": 3, ""rz"": 2, ""sx"": 1, ""barrier"": 1}","{""0000"": 238, ""0001"": 4, ""0010"": 8, ""0011"": 2, ""0100"": 8, ""0110"": 1, ""0111"": 7, ""1000"": 6, ""1010"": 1, ""1011"": 14, ""1101"": 8, ""1110"": 8, ""1111"": 207}"
4,4,73004,2639752333,1,parity_0,0.0,512,11,5,3,"{""rz"": 14, ""sx"": 5, ""measure"": 4, ""cx"": 3, ""barrier"": 1}","{""0000"": 73, ""0001"": 8, ""0010"": 11, ""0011"": 59, ""0100"": 15, ""0101"": 49, ""0110"": 51, ""0111"": 7, ""1000"": 16, ""1001"": 45, ""1010"": 49, ""1011"": 4, ""1100"": 56, ""1101"": 9, ""1110"": 8, ""1111"": 52}"
4,4,73004,875297378,1,parity_1,0.7853981633974483,512,11,5,3,"{""rz"": 14, ""sx"": 5, ""measure"": 4, ""cx"": 3, ""barrier"": 1}","{""0000"": 11, ""0001"": 73, ""0010"": 50, ""0011"": 11, ""0100"": 58, ""0101"": 9, ""0110"": 15, ""0111"": 50, ""1000"": 56, ""1001"": 9, ""1010"": 17, ""1011"": 54, ""1100"": 11, ""1101"": 40, ""1110"": 40, ""1111"": 8}"
4,4,73004,1098317067,1,parity_2,1.5707963267948966,512,11,5,3,"{""rz"": 14, ""sx"": 5, ""measure"": 4, ""cx"": 3, ""barrier"": 1}","{""0000"": 57, ""0001"": 10, ""0010"": 9, ""0011"": 56, ""0100"": 15, ""0101"": 53, ""0110"": 52, ""0111"": 8, ""1000"": 10, ""1001"": 52, ""1010"": 60, ""1011"": 9, ""1100"": 55, ""1101"": 12, ""1110"": 11, ""1111"": 43}"
4,4,73004,2161390021,1,parity_3,2.356194490192345,512,11,5,3,"{""rz"": 14, ""sx"": 5, ""measure"": 4, ""cx"": 3, ""barrier"": 1}","{""0000"": 11, ""0001"": 44, ""0010"": 60, ""0011"": 10, ""0100"": 51, ""0101"": 12, ""0110"": 18, ""0111"": 47, ""1000"": 57, ""1001"": 6, ""1010"": 9, ""1011"": 45, ""1100"": 6, ""1101"": 55, ""1110"": 73, ""1111"": 8}"
4,4,73004,4105865364,3,population,,512,19,3,9,"{""cx"": 9, ""rz"": 6, ""measure"": 4, ""sx"": 3, ""barrier"": 1}","{""0000"": 198, ""0001"": 12, ""0010"": 7, ""0011"": 3, ""0100"": 10, ""0111"": 14, ""1000"": 9, ""1001"": 1, ""1010"": 2, ""1011"": 9, ""1100"": 4, ""1101"": 14, ""1110"": 20, ""1111"": 209}"
4,4,73004,447426749,3,parity_0,0.0,512,23,7,9,"{""rz"": 18, ""cx"": 9, ""sx"": 7, ""measure"": 4, ""barrier"": 1}","{""0000"": 61, ""0001"": 16, ""0010"": 16, ""0011"": 64, ""0100"": 13, ""0101"": 60, ""0110"": 44, ""0111"": 18, ""1000"": 8, ""1001"": 39, ""1010"": 52, ""1011"": 9, ""1100"": 42, ""1101"": 10, ""1110"": 8, ""1111"": 52}"
4,4,73004,3536852790,3,parity_1,0.7853981633974483,512,23,7,9,"{""rz"": 18, ""cx"": 9, ""sx"": 7, ""measure"": 4, ""barrier"": 1}","{""0000"": 15, ""0001"": 56, ""0010"": 66, ""0011"": 11, ""0100"": 54, ""0101"": 11, ""0110"": 11, ""0111"": 52, ""1000"": 37, ""1001"": 12, ""1010"": 11, ""1011"": 35, ""1100"": 13, ""1101"": 62, ""1110"": 56, ""1111"": 10}"
4,4,73004,1459841141,3,parity_2,1.5707963267948966,512,23,7,9,"{""rz"": 18, ""cx"": 9, ""sx"": 7, ""measure"": 4, ""barrier"": 1}","{""0000"": 52, ""0001"": 10, ""0010"": 12, ""0011"": 49, ""0100"": 14, ""0101"": 59, ""0110"": 51, ""0111"": 19, ""1000"": 15, ""1001"": 54, ""1010"": 49, ""1011"": 10, ""1100"": 51, ""1101"": 15, ""1110"": 6, ""1111"": 46}"
4,4,73004,4282313231,3,parity_3,2.356194490192345,512,23,7,9,"{""rz"": 18, ""cx"": 9, ""sx"": 7, ""measure"": 4, ""barrier"": 1}","{""0000"": 16, ""0001"": 58, ""0010"": 55, ""0011"": 9, ""0100"": 50, ""0101"": 14, ""0110"": 11, ""0111"": 53, ""1000"": 59, ""1001"": 8, ""1010"": 17, ""1011"": 50, ""1100"": 13, ""1101"": 44, ""1110"": 46, ""1111"": 9}"
4,4,73004,1716342238,5,population,,512,31,5,15,"{""cx"": 15, ""rz"": 10, ""sx"": 5, ""measure"": 4, ""barrier"": 1}","{""0000"": 192, ""0001"": 18, ""0010"": 15, ""0011"": 11, ""0100"": 12, ""0101"": 1, ""0110"": 2, ""0111"": 16, ""1000"": 10, ""1001"": 4, ""1010"": 3, ""1011"": 9, ""1100"": 9, ""1101"": 18, ""1110"": 21, ""1111"": 171}"
4,4,73004,2903935449,5,parity_0,0.0,512,35,9,15,"{""rz"": 22, ""cx"": 15, ""sx"": 9, ""measure"": 4, ""barrier"": 1}","{""0000"": 54, ""0001"": 17, ""0010"": 19, ""0011"": 57, ""0100"": 17, ""0101"": 56, ""0110"": 38, ""0111"": 21, ""1000"": 15, ""1001"": 41, ""1010"": 56, ""1011"": 14, ""1100"": 48, ""1101"": 8, ""1110"": 9, ""1111"": 42}"
4,4,73004,179303859,5,parity_1,0.7853981633974483,512,35,9,15,"{""rz"": 22, ""cx"": 15, ""sx"": 9, ""measure"": 4, ""barrier"": 1}","{""0000"": 13, ""0001"": 56, ""0010"": 62, ""0011"": 17, ""0100"": 57, ""0101"": 13, ""0110"": 14, ""0111"": 39, ""1000"": 46, ""1001"": 15, ""1010"": 10, ""1011"": 48, ""1100"": 10, ""1101"": 50, ""1110"": 48, ""1111"": 14}"
4,4,73004,835798360,5,parity_2,1.5707963267948966,512,35,9,15,"{""rz"": 22, ""cx"": 15, ""sx"": 9, ""measure"": 4, ""barrier"": 1}","{""0000"": 47, ""0001"": 15, ""0010"": 24, ""0011"": 43, ""0100"": 13, ""0101"": 53, ""0110"": 47, ""0111"": 9, ""1000"": 13, ""1001"": 48, ""1010"": 56, ""1011"": 11, ""1100"": 52, ""1101"": 16, ""1110"": 16, ""1111"": 49}"
4,4,73004,4274304368,5,parity_3,2.356194490192345,512,35,9,15,"{""rz"": 22, ""cx"": 15, ""sx"": 9, ""measure"": 4, ""barrier"": 1}","{""0000"": 19, ""0001"": 52, ""0010"": 53, ""0011"": 12, ""0100"": 45, ""0101"": 24, ""0110"": 6, ""0111"": 45, ""1000"": 54, ""1001"": 16, ""1010"": 17, ""1011"": 47, ""1100"": 8, ""1101"": 56, ""1110"": 45, ""1111"": 13}"
4,5,73005,1293389672,1,population,,512,7,1,3,"{""measure"": 4, ""cx"": 3, ""rz"": 2, ""sx"": 1, ""barrier"": 1}","{""0000"": 216, ""0001"": 8, ""0010"": 9, ""0011"": 7, ""0100"": 10, ""0101"": 1, ""0111"": 15, ""1000"": 7, ""1001"": 1, ""1010"": 2, ""1011"": 12, ""1100"": 1, ""1101"": 12, ""1110"": 12, ""1111"": 199}"
4,5,73005,2128958401,1,parity_0,0.0,512,11,5,3,"{""rz"": 14, ""sx"": 5, ""measure"": 4, ""cx"": 3, ""barrier"": 1}","{""0000"": 58, ""0001"": 8, ""0010"": 13, ""0011"": 49, ""0100"": 15, ""0101"": 53, ""0110"": 64, ""0111"": 9, ""1000"": 12, ""1001"": 57, ""1010"": 49, ""1011"": 7, ""1100"": 57, ""1101"": 7, ""1110"": 9, ""1111"": 45}"
4,5,73005,4141760671,1,parity_1,0.7853981633974483,512,11,5,3,"{""rz"": 14, ""sx"": 5, ""measure"": 4, ""cx"": 3, ""barrier"": 1}","{""0000"": 14, ""0001"": 62, ""0010"": 56, ""0011"": 9, ""0100"": 51, ""0101"": 6, ""0110"": 11, ""0111"": 46, ""1000"": 49, ""1001"": 5, ""1010"": 12, ""1011"": 52, ""1100"": 8, ""1101"": 59, ""1110"": 59, ""1111"": 13}"
4,5,73005,3621857101,1,parity_2,1.5707963267948966,512,11,5,3,"{""rz"": 14, ""sx"": 5, ""measure"": 4, ""cx"": 3, ""barrier"": 1}","{""0000"": 55, ""0001"": 13, ""0010"": 9, ""0011"": 48, ""0100"": 18, ""0101"": 48, ""0110"": 49, ""0111"": 7, ""1000"": 10, ""1001"": 55, ""1010"": 51, ""1011"": 7, ""1100"": 71, ""1101"": 7, ""1110"": 9, ""1111"": 55}"
4,5,73005,179965484,1,parity_3,2.356194490192345,512,11,5,3,"{""rz"": 14, ""sx"": 5, ""measure"": 4, ""cx"": 3, ""barrier"": 1}","{""0000"": 13, ""0001"": 46, ""0010"": 60, ""0011"": 10, ""0100"": 56, ""0101"": 9, ""0110"": 10, ""0111"": 49, ""1000"": 47, ""1001"": 6, ""1010"": 8, ""1011"": 53, ""1100"": 12, ""1101"": 72, ""1110"": 53, ""1111"": 8}"
4,5,73005,2690120739,3,population,,512,19,3,9,"{""cx"": 9, ""rz"": 6, ""measure"": 4, ""sx"": 3, ""barrier"": 1}","{""0000"": 225, ""0001"": 9, ""0010"": 9, ""0011"": 5, ""0100"": 9, ""0110"": 1, ""0111"": 14, ""1000"": 11, ""1001"": 2, ""1011"": 13, ""1100"": 4, ""1101"": 12, ""1110"": 10, ""1111"": 188}"
4,5,73005,2902616862,3,parity_0,0.0,512,23,7,9,"{""rz"": 18, ""cx"": 9, ""sx"": 7, ""measure"": 4, ""barrier"": 1}","{""0000"": 40, ""0001"": 15, ""0010"": 13, ""0011"": 58, ""0100"": 10, ""0101"": 46, ""0110"": 55, ""0111"": 6, ""1000"": 20, ""1001"": 51, ""1010"": 56, ""1011"": 12, ""1100"": 53, ""1101"": 14, ""1110"": 11, ""1111"": 52}"
4,5,73005,927926133,3,parity_1,0.7853981633974483,512,23,7,9,"{""rz"": 18, ""cx"": 9, ""sx"": 7, ""measure"": 4, ""barrier"": 1}","{""0000"": 16, ""0001"": 47, ""0010"": 53, ""0011"": 11, ""0100"": 46, ""0101"": 16, ""0110"": 15, ""0111"": 51, ""1000"": 47, ""1001"": 10, ""1010"": 16, ""1011"": 60, ""1100"": 12, ""1101"": 50, ""1110"": 53, ""1111"": 9}"
4,5,73005,3698259403,3,parity_2,1.5707963267948966,512,23,7,9,"{""rz"": 18, ""cx"": 9, ""sx"": 7, ""measure"": 4, ""barrier"": 1}","{""0000"": 57, ""0001"": 13, ""0010"": 5, ""0011"": 48, ""0100"": 13, ""0101"": 63, ""0110"": 52, ""0111"": 6, ""1000"": 15, ""1001"": 53, ""1010"": 61, ""1011"": 8, ""1100"": 50, ""1101"": 6, ""1110"": 9, ""1111"": 53}"
4,5,73005,3356730313,3,parity_3,2.356194490192345,512,23,7,9,"{""rz"": 18, ""cx"": 9, ""sx"": 7, ""measure"": 4, ""barrier"": 1}","{""0000"": 17, ""0001"": 54, ""0010"": 57, ""0011"": 14, ""0100"": 62, ""0101"": 10, ""0110"": 6, ""0111"": 53, ""1000"": 38, ""1001"": 10, ""1010"": 14, ""1011"": 58, ""1100"": 6, ""1101"": 54, ""1110"": 47, ""1111"": 12}"
4,5,73005,3455355352,5,population,,512,31,5,15,"{""cx"": 15, ""rz"": 10, ""sx"": 5, ""measure"": 4, ""barrier"": 1}","{""0000"": 211, ""0001"": 18, ""0010"": 15, ""0011"": 11, ""0100"": 9, ""0110"": 1, ""0111"": 13, ""1000"": 11, ""1001"": 1, ""1010"": 1, ""1011"": 9, ""1100"": 4, ""1101"": 10, ""1110"": 25, ""1111"": 173}"
4,5,73005,3234183581,5,parity_0,0.0,512,35,9,15,"{""rz"": 22, ""cx"": 15, ""sx"": 9, ""measure"": 4, ""barrier"": 1}","{""0000"": 65, ""0001"": 18, ""0010"": 14, ""0011"": 55, ""0100"": 11, ""0101"": 55, ""0110"": 49, ""0111"": 11, ""1000"": 10, ""1001"": 57, ""1010"": 41, ""1011"": 12, ""1100"": 41, ""1101"": 12, ""1110"": 9, ""1111"": 52}"
4,5,73005,126947758,5,parity_1,0.7853981633974483,512,35,9,15,"{""rz"": 22, ""cx"": 15, ""sx"": 9, ""measure"": 4, ""barrier"": 1}","{""0000"": 16, ""0001"": 40, ""0010"": 47, ""0011"": 15, ""0100"": 43, ""0101"": 8, ""0110"": 14, ""0111"": 65, ""1000"": 59, ""1001"": 16, ""1010"": 22, ""1011"": 49, ""1100"": 13, ""1101"": 49, ""1110"": 42, ""1111"": 14}"
4,5,73005,3849967974,5,parity_2,1.5707963267948966,512,35,9,15,"{""rz"": 22, ""cx"": 15, ""sx"": 9, ""measure"": 4, ""barrier"": 1}","{""0000"": 49, ""0001"": 23, ""0010"": 14, ""0011"": 44, ""0100"": 17, ""0101"": 53, ""0110"": 40, ""0111"": 9, ""1000"": 17, ""1001"": 51, ""1010"": 51, ""1011"": 10, ""1100"": 58, ""1101"": 13, ""1110"": 11, ""1111"": 52}"
4,5,73005,308582104,5,parity_3,2.356194490192345,512,35,9,15,"{""rz"": 22, ""cx"": 15, ""sx"": 9, ""measure"": 4, ""barrier"": 1}","{""0000"": 20, ""0001"": 46, ""0010"": 50, ""0011"": 20, ""0100"": 54, ""0101"": 13, ""0110"": 13, ""0111"": 54, ""1000"": 61, ""1001"": 15, ""1010"": 13, ""1011"": 47, ""1100"": 9, ""1101"": 49, ""1110"": 41, ""1111"": 7}"
4,6,73006,1144163399,1,population,,512,7,1,3,"{""measure"": 4, ""cx"": 3, ""rz"": 2, ""sx"": 1, ""barrier"": 1}","{""0000"": 208, ""0001"": 16, ""0010"": 8, ""0011"": 1, ""0100"": 11, ""0111"": 11, ""1000"": 12, ""1001"": 1, ""1010"": 2, ""1011"": 15, ""1100"": 5, ""1101"": 11, ""1110"": 16, ""1111"": 195}"
4,6,73006,3453891466,1,parity_0,0.0,512,11,5,3,"{""rz"": 14, ""sx"": 5, ""measure"": 4, ""cx"": 3, ""barrier"": 1}","{""0000"": 60, ""0001"": 7, ""0010"": 17, ""0011"": 64, ""0100"": 7, ""0101"": 45, ""0110"": 57, ""0111"": 5, ""1000"": 8, ""1001"": 45, ""1010"": 54, ""1011"": 10, ""1100"": 61, ""1101"": 10, ""1110"": 9, ""1111"": 53}"
4,6,73006,1051012187,1,parity_1,0.7853981633974483,512,11,5,3,"{""rz"": 14, ""sx"": 5, ""measure"": 4, ""cx"": 3, ""barrier"": 1}","{""0000"": 11, ""0001"": 65, ""0010"": 57, ""0011"": 14, ""0100"": 66, ""0101"": 8, ""0110"": 12, ""0111"": 47, ""1000"": 51, ""1001"": 12, ""1010"": 12, ""1011"": 35, ""1100"": 10, ""1101"": 57, ""1110"": 50, ""1111"": 5}"
4,6,73006,2466809569,1,parity_2,1.5707963267948966,512,11,5,3,"{""rz"": 14, ""sx"": 5, ""measure"": 4, ""cx"": 3, ""barrier"": 1}","{""0000"": 56, ""0001"": 9, ""0010"": 18, ""0011"": 45, ""0100"": 12, ""0101"": 41, ""0110"": 50, ""0111"": 9, ""1000"": 18, ""1001"": 69, ""1010"": 51, ""1011"": 5, ""1100"": 62, ""1101"": 10, ""1110"": 9, ""1111"": 48}"
4,6,73006,3778583686,1,parity_3,2.356194490192345,512,11,5,3,"{""rz"": 14, ""sx"": 5, ""measure"": 4, ""cx"": 3, ""barrier"": 1}","{""0000"": 8, ""0001"": 63, ""0010"": 48, ""0011"": 16, ""0100"": 56, ""0101"": 10, ""0110"": 13, ""0111"": 54, ""1000"": 41, ""1001"": 9, ""1010"": 12, ""1011"": 58, ""1100"": 13, ""1101"": 48, ""1110"": 61, ""1111"": 2}"
4,6,73006,1777117518,3,population,,512,19,3,9,"{""cx"": 9, ""rz"": 6, ""measure"": 4, ""sx"": 3, ""barrier"": 1}","{""0000"": 187, ""0001"": 20, ""0010"": 9, ""0011"": 7, ""0100"": 9, ""0101"": 1, ""0110"": 3, ""0111"": 14, ""1000"": 6, ""1001"": 2, ""1010"": 2, ""1011"": 12, ""1100"": 5, ""1101"": 21, ""1110"": 13, ""1111"": 201}"
4,6,73006,4047086717,3,parity_0,0.0,512,23,7,9,"{""rz"": 18, ""cx"": 9, ""sx"": 7, ""measure"": 4, ""barrier"": 1}","{""0000"": 53, ""0001"": 24, ""0010"": 12, ""0011"": 40, ""0100"": 13, ""0101"": 43, ""0110"": 58, ""0111"": 10, ""1000"": 16, ""1001"": 52, ""1010"": 48, ""1011"": 10, ""1100"": 59, ""1101"": 5, ""1110"": 12, ""1111"": 57}"
4,6,73006,2658240286,3,parity_1,0.7853981633974483,512,23,7,9,"{""rz"": 18, ""cx"": 9, ""sx"": 7, ""measure"": 4, ""barrier"": 1}","{""0000"": 17, ""0001"": 62, ""0010"": 60, ""0011"": 9, ""0100"": 52, ""0101"": 10, ""0110"": 16, ""0111"": 56, ""1000"": 51, ""1001"": 12, ""1010"": 11, ""1011"": 41, ""1100"": 17, ""1101"": 41, ""1110"": 50, ""1111"": 7}"
4,6,73006,1770750627,3,parity_2,1.5707963267948966,512,23,7,9,"{""rz"": 18, ""cx"": 9, ""sx"": 7, ""measure"": 4, ""barrier"": 1}","{""0000"": 56, ""0001"": 15, ""0010"": 12, ""0011"": 53, ""0100"": 18, ""0101"": 58, ""0110"": 45, ""0111"": 6, ""1000"": 11, ""1001"": 54, ""1010"": 48, ""1011"": 10, ""1100"": 45, ""1101"": 13, ""1110"": 8, ""1111"": 60}"
4,6,73006,1273443067,3,parity_3,2.356194490192345,512,23,7,9,"{""rz"": 18, ""cx"": 9, ""sx"": 7, ""measure"": 4, ""barrier"": 1}","{""0000"": 20, ""0001"": 47, ""0010"": 47, ""0011"": 14, ""0100"": 49, ""0101"": 11, ""0110"": 11, ""0111"": 51, ""1000"": 71, ""1001"": 8, ""1010"": 13, ""1011"": 54, ""1100"": 15, ""1101"": 48, ""1110"": 45, ""1111"": 8}"
4,6,73006,1331494574,5,population,,512,31,5,15,"{""cx"": 15, ""rz"": 10, ""sx"": 5, ""measure"": 4, ""barrier"": 1}","{""0000"": 166, ""0001"": 23, ""0010"": 8, ""0011"": 11, ""0100"": 10, ""0101"": 5, ""0111"": 13, ""1000"": 11, ""1001"": 1, ""1010"": 2, ""1011"": 11, ""1100"": 9, ""1101"": 13, ""1110"": 25, ""1111"": 204}"
4,6,73006,2215317824,5,parity_0,0.0,512,35,9,15,"{""rz"": 22, ""cx"": 15, ""sx"": 9, ""measure"": 4, ""barrier"": 1}","{""0000"": 62, ""0001"": 15, ""0010"": 9, ""0011"": 56, ""0100"": 23, ""0101"": 52, ""0110"": 56, ""0111"": 14, ""1000"": 21, ""1001"": 43, ""1010"": 45, ""1011"": 6, ""1100"": 48, ""1101"": 7, ""1110"": 16, ""1111"": 39}"
4,6,73006,1186055052,5,parity_1,0.7853981633974483,512,35,9,15,"{""rz"": 22, ""cx"": 15, ""sx"": 9, ""measure"": 4, ""barrier"": 1}","{""0000"": 13, ""0001"": 49, ""0010"": 52, ""0011"": 11, ""0100"": 37, ""0101"": 17, ""0110"": 13, ""0111"": 59, ""1000"": 40, ""1001"": 22, ""1010"": 19, ""1011"": 48, ""1100"": 22, ""1101"": 57, ""1110"": 40, ""1111"": 13}"
4,6,73006,1601015107,5,parity_2,1.5707963267948966,512,35,9,15,"{""rz"": 22, ""cx"": 15, ""sx"": 9, ""measure"": 4, ""barrier"": 1}","{""0000"": 42, ""0001"": 22, ""0010"": 12, ""0011"": 46, ""0100"": 22, ""0101"": 51, ""0110"": 47, ""0111"": 14, ""1000"": 18, ""1001"": 40, ""1010"": 57, ""1011"": 12, ""1100"": 55, ""1101"": 13, ""1110"": 17, ""1111"": 44}"
4,6,73006,729426321,5,parity_3,2.356194490192345,512,35,9,15,"{""rz"": 22, ""cx"": 15, ""sx"": 9, ""measure"": 4, ""barrier"": 1}","{""0000"": 17, ""0001"": 44, ""0010"": 61, ""0011"": 11, ""0100"": 45, ""0101"": 14, ""0110"": 17, ""0111"": 44, ""1000"": 60, ""1001"": 5, ""1010"": 17, ""1011"": 41, ""1100"": 10, ""1101"": 61, ""1110"": 54, ""1111"": 11}"
4,7,73007,1503919029,1,population,,512,7,1,3,"{""measure"": 4, ""cx"": 3, ""rz"": 2, ""sx"": 1, ""barrier"": 1}","{""0000"": 206, ""0001"": 11, ""0010"": 5, ""0011"": 2, ""0100"": 7, ""0101"": 1, ""0111"": 15, ""1000"": 10, ""1001"": 1, ""1011"": 5, ""1100"": 6, ""1101"": 12, ""1110"": 19, ""1111"": 212}"
4,7,73007,1516328461,1,parity_0,0.0,512,11,5,3,"{""rz"": 14, ""sx"": 5, ""measure"": 4, ""cx"": 3, ""barrier"": 1}","{""0000"": 50, ""0001"": 13, ""0010"": 17, ""0011"": 68, ""0100"": 11, ""0101"": 53, ""0110"": 57, ""0111"": 10, ""1000"": 11, ""1001"": 47, ""1010"": 41, ""1011"": 8, ""1100"": 54, ""1101"": 18, ""1110"": 14, ""1111"": 40}"
4,7,73007,1591757742,1,parity_1,0.7853981633974483,512,11,5,3,"{""rz"": 14, ""sx"": 5, ""measure"": 4, ""cx"": 3, ""barrier"": 1}","{""0000"": 12, ""0001"": 58, ""0010"": 45, ""0011"": 13, ""0100"": 58, ""0101"": 12, ""0110"": 11, ""0111"": 65, ""1000"": 43, ""1001"": 11, ""1010"": 12, ""1011"": 34, ""1100"": 8, ""1101"": 56, ""1110"": 61, ""1111"": 13}"
4,7,73007,2890350550,1,parity_2,1.5707963267948966,512,11,5,3,"{""rz"": 14, ""sx"": 5, ""measure"": 4, ""cx"": 3, ""barrier"": 1}","{""0000"": 43, ""0001"": 8, ""0010"": 13, ""0011"": 51, ""0100"": 11, ""0101"": 46, ""0110"": 48, ""0111"": 14, ""1000"": 11, ""1001"": 68, ""1010"": 48, ""1011"": 6, ""1100"": 61, ""1101"": 4, ""1110"": 17, ""1111"": 63}"
4,7,73007,3174158830,1,parity_3,2.356194490192345,512,11,5,3,"{""rz"": 14, ""sx"": 5, ""measure"": 4, ""cx"": 3, ""barrier"": 1}","{""0000"": 13, ""0001"": 51, ""0010"": 60, ""0011"": 7, ""0100"": 44, ""0101"": 14, ""0110"": 10, ""0111"": 54, ""1000"": 55, ""1001"": 8, ""1010"": 12, ""1011"": 50, ""1100"": 6, ""1101"": 58, ""1110"": 58, ""1111"": 12}"
4,7,73007,1301280944,3,population,,512,19,3,9,"{""cx"": 9, ""rz"": 6, ""measure"": 4, ""sx"": 3, ""barrier"": 1}","{""0000"": 219, ""0001"": 12, ""0010"": 10, ""0011"": 8, ""0100"": 8, ""0101"": 1, ""0111"": 9, ""1000"": 7, ""1001"": 1, ""1010"": 1, ""1011"": 10, ""1100"": 5, ""1101"": 17, ""1110"": 10, ""1111"": 194}"
4,7,73007,3578061516,3,parity_0,0.0,512,23,7,9,"{""rz"": 18, ""cx"": 9, ""sx"": 7, ""measure"": 4, ""barrier"": 1}","{""0000"": 57, ""0001"": 16, ""0010"": 16, ""0011"": 46, ""0100"": 15, ""0101"": 41, ""0110"": 57, ""0111"": 13, ""1000"": 15, ""1001"": 58, ""1010"": 48, ""1011"": 10, ""1100"": 47, ""1101"": 8, ""1110"": 17, ""1111"": 48}"
4,7,73007,192230074,3,parity_1,0.7853981633974483,512,23,7,9,"{""rz"": 18, ""cx"": 9, ""sx"": 7, ""measure"": 4, ""barrier"": 1}","{""0000"": 16, ""0001"": 56, ""0010"": 55, ""0011"": 16, ""0100"": 54, ""0101"": 9, ""0110"": 13, ""0111"": 44, ""1000"": 59, ""1001"": 13, ""1010"": 12, ""1011"": 47, ""1100"": 16, ""1101"": 47, ""1110"": 44, ""1111"": 11}"
4,7,73007,71867531,3,parity_2,1.5707963267948966,512,23,7,9,"{""rz"": 18, ""cx"": 9, ""sx"": 7, ""measure"": 4, ""barrier"": 1}","{""0000"": 57, ""0001"": 16, ""0010"": 7, ""0011"": 47, ""0100"": 20, ""0101"": 52, ""0110"": 58, ""0111"": 12, ""1000"": 12, ""1001"": 52, ""1010"": 50, ""1011"": 6, ""1100"": 41, ""1101"": 10, ""1110"": 9, ""1111"": 63}"
4,7,73007,3509016604,3,parity_3,2.356194490192345,512,23,7,9,"{""rz"": 18, ""cx"": 9, ""sx"": 7, ""measure"": 4, ""barrier"": 1}","{""0000"": 16, ""0001"": 69, ""0010"": 58, ""0011"": 10, ""0100"": 56, ""0101"": 10, ""0110"": 11, ""0111"": 43, ""1000"": 47, ""1001"": 14, ""1010"": 9, ""1011"": 46, ""1100"": 9, ""1101"": 42, ""1110"": 60, ""1111"": 12}"
4,7,73007,2784345866,5,population,,512,31,5,15,"{""cx"": 15, ""rz"": 10, ""sx"": 5, ""measure"": 4, ""barrier"": 1}","{""0000"": 208, ""0001"": 20, ""0010"": 11, ""0011"": 5, ""0100"": 12, ""0101"": 3, ""0110"": 3, ""0111"": 13, ""1000"": 12, ""1001"": 2, ""1010"": 1, ""1011"": 3, ""1100"": 8, ""1101"": 24, ""1110"": 15, ""1111"": 172}"
4,7,73007,1937326929,5,parity_0,0.0,512,35,9,15,"{""rz"": 22, ""cx"": 15, ""sx"": 9, ""measure"": 4, ""barrier"": 1}","{""0000"": 59, ""0001"": 11, ""0010"": 17, ""0011"": 52, ""0100"": 15, ""0101"": 51, ""0110"": 46, ""0111"": 12, ""1000"": 12, ""1001"": 52, ""1010"": 58, ""1011"": 16, ""1100"": 43, ""1101"": 15, ""1110"": 15, ""1111"": 38}"
4,7,73007,960752558,5,parity_1,0.7853981633974483,512,35,9,15,"{""rz"": 22, ""cx"": 15, ""sx"": 9, ""measure"": 4, ""barrier"": 1}","{""0000"": 13, ""0001"": 42, ""0010"": 49, ""0011"": 16, ""0100"": 58, ""0101"": 17, ""0110"": 13, ""0111"": 46, ""1000"": 63, ""1001"": 13, ""1010"": 12, ""1011"": 52, ""1100"": 15, ""1101"": 47, ""1110"": 42, ""1111"": 14}"
4,7,73007,4023491189,5,parity_2,1.5707963267948966,512,35,9,15,"{""rz"": 22, ""cx"": 15, ""sx"": 9, ""measure"": 4, ""barrier"": 1}","{""0000"": 61, ""0001"": 17, ""0010"": 12, ""0011"": 38, ""0100"": 16, ""0101"": 72, ""0110"": 48, ""0111"": 10, ""1000"": 11, ""1001"": 42, ""1010"": 40, ""1011"": 6, ""1100"": 60, ""1101"": 19, ""1110"": 14, ""1111"": 46}"
4,7,73007,3791910058,5,parity_3,2.356194490192345,512,35,9,15,"{""rz"": 22, ""cx"": 15, ""sx"": 9, ""measure"": 4, ""barrier"": 1}","{""0000"": 9, ""0001"": 48, ""0010"": 54, ""0011"": 13, ""0100"": 60, ""0101"": 15, ""0110"": 14, ""0111"": 43, ""1000"": 53, ""1001"": 8, ""1010"": 14, ""1011"": 45, ""1100"": 16, ""1101"": 52, ""1110"": 52, ""1111"": 16}"
4,8,73008,2441109243,1,population,,512,7,1,3,"{""measure"": 4, ""cx"": 3, ""rz"": 2, ""sx"": 1, ""barrier"": 1}","{""0000"": 246, ""0001"": 7, ""0010"": 10, ""0011"": 5, ""0100"": 8, ""0101"": 1, ""0111"": 10, ""1000"": 8, ""1001"": 1, ""1010"": 1, ""1011"": 8, ""1100"": 2, ""1101"": 14, ""1110"": 10, ""1111"": 181}"
4,8,73008,3891642549,1,parity_0,0.0,512,11,5,3,"{""rz"": 14, ""sx"": 5, ""measure"": 4, ""cx"": 3, ""barrier"": 1}","{""0000"": 55, ""0001"": 8, ""0010"": 13, ""0011"": 56, ""0100"": 13, ""0101"": 48, ""0110"": 57, ""0111"": 11, ""1000"": 14, ""1001"": 54, ""1010"": 49, ""1011"": 11, ""1100"": 62, ""1101"": 6, ""1110"": 10, ""1111"": 45}"
4,8,73008,2326456718,1,parity_1,0.7853981633974483,512,11,5,3,"{""rz"": 14, ""sx"": 5, ""measure"": 4, ""cx"": 3, ""barrier"": 1}","{""0000"": 8, ""0001"": 60, ""0010"": 60, ""0011"": 12, ""0100"": 58, ""0101"": 18, ""0110"": 11, ""0111"": 44, ""1000"": 46, ""1001"": 7, ""1010"": 7, ""1011"": 66, ""1100"": 7, ""1101"": 47, ""1110"": 53, ""1111"": 8}"
4,8,73008,1676364964,1,parity_2,1.5707963267948966,512,11,5,3,"{""rz"": 14, ""sx"": 5, ""measure"": 4, ""cx"": 3, ""barrier"": 1}","{""0000"": 51, ""0001"": 12, ""0010"": 13, ""0011"": 52, ""0100"": 10, ""0101"": 45, ""0110"": 57, ""0111"": 12, ""1000"": 14, ""1001"": 64, ""1010"": 59, ""1011"": 6, ""1100"": 58, ""1101"": 6, ""1110"": 4, ""1111"": 49}"
4,8,73008,681757389,1,parity_3,2.356194490192345,512,11,5,3,"{""rz"": 14, ""sx"": 5, ""measure"": 4, ""cx"": 3, ""barrier"": 1}","{""0000"": 13, ""0001"": 53, ""0010"": 50, ""0011"": 12, ""0100"": 50, ""0101"": 6, ""0110"": 8, ""0111"": 56, ""1000"": 61, ""1001"": 7, ""1010"": 8, ""1011"": 57, ""1100"": 11, ""1101"": 49, ""1110"": 61, ""1111"": 10}"
4,8,73008,3551192120,3,population,,512,19,3,9,"{""cx"": 9, ""rz"": 6, ""measure"": 4, ""sx"": 3, ""barrier"": 1}","{""0000"": 236, ""0001"": 9, ""0010"": 4, ""0011"": 5, ""0100"": 7, ""0101"": 3, ""0110"": 1, ""0111"": 15, ""1000"": 5, ""1001"": 1, ""1011"": 11, ""1100"": 7, ""1101"": 17, ""1110"": 13, ""1111"": 178}"
4,8,73008,3520626933,3,parity_0,0.0,512,23,7,9,"{""rz"": 18, ""cx"": 9, ""sx"": 7, ""measure"": 4, ""barrier"": 1}","{""0000"": 54, ""0001"": 13, ""0010"": 13, ""0011"": 55, ""0100"": 11, ""0101"": 52, ""0110"": 53, ""0111"": 13, ""1000"": 14, ""1001"": 55, ""1010"": 57, ""1011"": 9, ""1100"": 47, ""1101"": 12, ""1110"": 10, ""1111"": 44}"
4,8,73008,841394550,3,parity_1,0.7853981633974483,512,23,7,9,"{""rz"": 18, ""cx"": 9, ""sx"": 7, ""measure"": 4, ""barrier"": 1}","{""0000"": 18, ""0001"": 42, ""0010"": 53, ""0011"": 10, ""0100"": 47, ""0101"": 17, ""0110"": 17, ""0111"": 53, ""1000"": 60, ""1001"": 6, ""1010"": 16, ""1011"": 51, ""1100"": 6, ""1101"": 60, ""1110"": 44, ""1111"": 12}"
4,8,73008,2592996,3,parity_2,1.5707963267948966,512,23,7,9,"{""rz"": 18, ""cx"": 9, ""sx"": 7, ""measure"": 4, ""barrier"": 1}","{""0000"": 58, ""0001"": 19, ""0010"": 16, ""0011"": 49, ""0100"": 9, ""0101"": 54, ""0110"": 40, ""0111"": 6, ""1000"": 17, ""1001"": 62, ""1010"": 57, ""1011"": 10, ""1100"": 46, ""1101"": 14, ""1110"": 12, ""1111"": 43}"
4,8,73008,1799123347,3,parity_3,2.356194490192345,512,23,7,9,"{""rz"": 18, ""cx"": 9, ""sx"": 7, ""measure"": 4, ""barrier"": 1}","{""0000"": 14, ""0001"": 51, ""0010"": 47, ""0011"": 15, ""0100"": 55, ""0101"": 16, ""0110"": 14, ""0111"": 55, ""1000"": 53, ""1001"": 20, ""1010"": 16, ""1011"": 48, ""1100"": 10, ""1101"": 44, ""1110"": 45, ""1111"": 9}"
4,8,73008,286196932,5,population,,512,31,5,15,"{""cx"": 15, ""rz"": 10, ""sx"": 5, ""measure"": 4, ""barrier"": 1}","{""0000"": 196, ""0001"": 14, ""0010"": 12, ""0011"": 9, ""0100"": 15, ""0101"": 1, ""0110"": 5, ""0111"": 14, ""1000"": 7, ""1001"": 1, ""1010"": 2, ""1011"": 15, ""1100"": 5, ""1101"": 7, ""1110"": 14, ""1111"": 195}"
4,8,73008,3515991736,5,parity_0,0.0,512,35,9,15,"{""rz"": 22, ""cx"": 15, ""sx"": 9, ""measure"": 4, ""barrier"": 1}","{""0000"": 69, ""0001"": 15, ""0010"": 17, ""0011"": 43, ""0100"": 15, ""0101"": 38, ""0110"": 46, ""0111"": 17, ""1000"": 16, ""1001"": 58, ""1010"": 43, ""1011"": 11, ""1100"": 52, ""1101"": 17, ""1110"": 12, ""1111"": 43}"
4,8,73008,1980261495,5,parity_1,0.7853981633974483,512,35,9,15,"{""rz"": 22, ""cx"": 15, ""sx"": 9, ""measure"": 4, ""barrier"": 1}","{""0000"": 9, ""0001"": 48, ""0010"": 51, ""0011"": 11, ""0100"": 53, ""0101"": 14, ""0110"": 18, ""0111"": 48, ""1000"": 55, ""1001"": 18, ""1010"": 19, ""1011"": 53, ""1100"": 16, ""1101"": 43, ""1110"": 45, ""1111"": 11}"
4,8,73008,2988841735,5,parity_2,1.5707963267948966,512,35,9,15,"{""rz"": 22, ""cx"": 15, ""sx"": 9, ""measure"": 4, ""barrier"": 1}","{""0000"": 41, ""0001"": 15, ""0010"": 13, ""0011"": 48, ""0100"": 11, ""0101"": 51, ""0110"": 59, ""0111"": 19, ""1000"": 15, ""1001"": 56, ""1010"": 40, ""1011"": 12, ""1100"": 41, ""1101"": 16, ""1110"": 11, ""1111"": 64}"
4,8,73008,4250914017,5,parity_3,2.356194490192345,512,35,9,15,"{""rz"": 22, ""cx"": 15, ""sx"": 9, ""measure"": 4, ""barrier"": 1}","{""0000"": 15, ""0001"": 55, ""0010"": 52, ""0011"": 20, ""0100"": 45, ""0101"": 20, ""0110"": 9, ""0111"": 51, ""1000"": 49, ""1001"": 20, ""1010"": 10, ""1011"": 42, ""1100"": 9, ""1101"": 62, ""1110"": 43, ""1111"": 10}"
4,9,73009,2486523270,1,population,,512,7,1,3,"{""measure"": 4, ""cx"": 3, ""rz"": 2, ""sx"": 1, ""barrier"": 1}","{""0000"": 237, ""0001"": 8, ""0010"": 11, ""0011"": 1, ""0100"": 7, ""0110"": 2, ""0111"": 13, ""1000"": 5, ""1001"": 2, ""1010"": 3, ""1011"": 12, ""1100"": 6, ""1101"": 6, ""1110"": 13, ""1111"": 186}"
4,9,73009,1107017266,1,parity_0,0.0,512,11,5,3,"{""rz"": 14, ""sx"": 5, ""measure"": 4, ""cx"": 3, ""barrier"": 1}","{""0000"": 61, ""0001"": 15, ""0010"": 12, ""0011"": 51, ""0100"": 10, ""0101"": 39, ""0110"": 67, ""0111"": 8, ""1000"": 11, ""1001"": 48, ""1010"": 60, ""1011"": 11, ""1100"": 52, ""1101"": 7, ""1110"": 9, ""1111"": 51}"
4,9,73009,1352264029,1,parity_1,0.7853981633974483,512,11,5,3,"{""rz"": 14, ""sx"": 5, ""measure"": 4, ""cx"": 3, ""barrier"": 1}","{""0000"": 11, ""0001"": 54, ""0010"": 62, ""0011"": 7, ""0100"": 58, ""0101"": 13, ""0110"": 10, ""0111"": 41, ""1000"": 57, ""1001"": 7, ""1010"": 13, ""1011"": 52, ""1100"": 9, ""1101"": 61, ""1110"": 53, ""1111"": 4}"
4,9,73009,2055134066,1,parity_2,1.5707963267948966,512,11,5,3,"{""rz"": 14, ""sx"": 5, ""measure"": 4, ""cx"": 3, ""barrier"": 1}","{""0000"": 50, ""0001"": 14, ""0010"": 9, ""0011"": 59, ""0100"": 7, ""0101"": 49, ""0110"": 54, ""0111"": 8, ""1000"": 13, ""1001"": 59, ""1010"": 63, ""1011"": 9, ""1100"": 60, ""1101"": 6, ""1110"": 11, ""1111"": 41}"
4,9,73009,4041566056,1,parity_3,2.356194490192345,512,11,5,3,"{""rz"": 14, ""sx"": 5, ""measure"": 4, ""cx"": 3, ""barrier"": 1}","{""0000"": 12, ""0001"": 56, ""0010"": 42, ""0011"": 14, ""0100"": 55, ""0101"": 7, ""0110"": 13, ""0111"": 54, ""1000"": 50, ""1001"": 17, ""1010"": 6, ""1011"": 63, ""1100"": 6, ""1101"": 52, ""1110"": 58, ""1111"": 7}"
4,9,73009,1176927254,3,population,,512,19,3,9,"{""cx"": 9, ""rz"": 6, ""measure"": 4, ""sx"": 3, ""barrier"": 1}","{""0000"": 211, ""0001"": 13, ""0010"": 5, ""0011"": 3, ""0100"": 4, ""0101"": 3, ""0110"": 2, ""0111"": 5, ""1000"": 6, ""1010"": 2, ""1011"": 14, ""1100"": 6, ""1101"": 11, ""1110"": 24, ""1111"": 203}"
4,9,73009,2441039635,3,parity_0,0.0,512,23,7,9,"{""rz"": 18, ""cx"": 9, ""sx"": 7, ""measure"": 4, ""barrier"": 1}","{""0000"": 52, ""0001"": 18, ""0010"": 16, ""0011"": 57, ""0100"": 13, ""0101"": 57, ""0110"": 40, ""0111"": 8, ""1000"": 14, ""1001"": 45, ""1010"": 45, ""1011"": 9, ""1100"": 53, ""1101"": 13, ""1110"": 17, ""1111"": 55}"
4,9,73009,168494349,3,parity_1,0.7853981633974483,512,23,7,9,"{""rz"": 18, ""cx"": 9, ""sx"": 7, ""measure"": 4, ""barrier"": 1}","{""0000"": 19, ""0001"": 51, ""0010"": 63, ""0011"": 17, ""0100"": 54, ""0101"": 7, ""0110"": 13, ""0111"": 48, ""1000"": 48, ""1001"": 8, ""1010"": 16, ""1011"": 59, ""1100"": 11, ""1101"": 45, ""1110"": 45, ""1111"": 8}"
4,9,73009,4234290388,3,parity_2,1.5707963267948966,512,23,7,9,"{""rz"": 18, ""cx"": 9, ""sx"": 7, ""measure"": 4, ""barrier"": 1}","{""0000"": 48, ""0001"": 15, ""0010"": 19, ""0011"": 52, ""0100"": 20, ""0101"": 58, ""0110"": 55, ""0111"": 13, ""1000"": 14, ""1001"": 45, ""1010"": 46, ""1011"": 13, ""1100"": 46, ""1110"": 10, ""1111"": 58}"
4,9,73009,526041062,3,parity_3,2.356194490192345,512,23,7,9,"{""rz"": 18, ""cx"": 9, ""sx"": 7, ""measure"": 4, ""barrier"": 1}","{""0000"": 11, ""0001"": 52, ""0010"": 66, ""0011"": 13, ""0100"": 54, ""0101"": 10, ""0110"": 13, ""0111"": 48, ""1000"": 51, ""1001"": 11, ""1010"": 18, ""1011"": 48, ""1100"": 9, ""1101"": 47, ""1110"": 53, ""1111"": 8}"
4,9,73009,1291923514,5,population,,512,31,5,15,"{""cx"": 15, ""rz"": 10, ""sx"": 5, ""measure"": 4, ""barrier"": 1}","{""0000"": 198, ""0001"": 23, ""0010"": 11, ""0011"": 6, ""0100"": 12, ""0101"": 3, ""0110"": 5, ""0111"": 6, ""1000"": 8, ""1001"": 1, ""1010"": 3, ""1011"": 7, ""1100"": 8, ""1101"": 12, ""1110"": 17, ""1111"": 192}"
4,9,73009,1046136633,5,parity_0,0.0,512,35,9,15,"{""rz"": 22, ""cx"": 15, ""sx"": 9, ""measure"": 4, ""barrier"": 1}","{""0000"": 47, ""0001"": 23, ""0010"": 14, ""0011"": 44, ""0100"": 14, ""0101"": 55, ""0110"": 44, ""0111"": 15, ""1000"": 18, ""1001"": 52, ""1010"": 45, ""1011"": 14, ""1100"": 51, ""1101"": 11, ""1110"": 15, ""1111"": 50}"
4,9,73009,3668059485,5,parity_1,0.7853981633974483,512,35,9,15,"{""rz"": 22, ""cx"": 15, ""sx"": 9, ""measure"": 4, ""barrier"": 1}","{""0000"": 18, ""0001"": 44, ""0010"": 53, ""0011"": 17, ""0100"": 48, ""0101"": 16, ""0110"": 18, ""0111"": 50, ""1000"": 49, ""1001"": 12, ""1010"": 17, ""1011"": 40, ""1100"": 20, ""1101"": 48, ""1110"": 46, ""1111"": 16}"
4,9,73009,2921546765,5,parity_2,1.5707963267948966,512,35,9,15,"{""rz"": 22, ""cx"": 15, ""sx"": 9, ""measure"": 4, ""barrier"": 1}","{""0000"": 54, ""0001"": 13, ""0010"": 9, ""0011"": 44, ""0100"": 23, ""0101"": 63, ""0110"": 47, ""0111"": 13, ""1000"": 16, ""1001"": 56, ""1010"": 49, ""1011"": 13, ""1100"": 42, ""1101"": 19, ""1110"": 14, ""1111"": 37}"
4,9,73009,3648415681,5,parity_3,2.356194490192345,512,35,9,15,"{""rz"": 22, ""cx"": 15, ""sx"": 9, ""measure"": 4, ""barrier"": 1}","{""0000"": 18, ""0001"": 47, ""0010"": 50, ""0011"": 18, ""0100"": 52, ""0101"": 10, ""0110"": 13, ""0111"": 53, ""1000"": 39, ""1001"": 15, ""1010"": 14, ""1011"": 47, ""1100"": 11, ""1101"": 54, ""1110"": 62, ""1111"": 9}"
4,10,73010,3010055232,1,population,,512,7,1,3,"{""measure"": 4, ""cx"": 3, ""rz"": 2, ""sx"": 1, ""barrier"": 1}","{""0000"": 216, ""0001"": 13, ""0010"": 8, ""0011"": 1, ""0100"": 3, ""0101"": 2, ""0110"": 2, ""0111"": 8, ""1000"": 11, ""1011"": 10, ""1100"": 4, ""1101"": 10, ""1110"": 12, ""1111"": 212}"
4,10,73010,810107775,1,parity_0,0.0,512,11,5,3,"{""rz"": 14, ""sx"": 5, ""measure"": 4, ""cx"": 3, ""barrier"": 1}","{""0000"": 70, ""0001"": 15, ""0010"": 14, ""0011"": 44, ""0100"": 14, ""0101"": 38, ""0110"": 44, ""0111"": 12, ""1000"": 12, ""1001"": 53, ""1010"": 48, ""1011"": 9, ""1100"": 55, ""1101"": 10, ""1110"": 17, ""1111"": 57}"
4,10,73010,2912434950,1,parity_1,0.7853981633974483,512,11,5,3,"{""rz"": 14, ""sx"": 5, ""measure"": 4, ""cx"": 3, ""barrier"": 1}","{""0000"": 14, ""0001"": 54, ""0010"": 70, ""0011"": 6, ""0100"": 59, ""0101"": 6, ""0110"": 8, ""0111"": 46, ""1000"": 55, ""1001"": 13, ""1010"": 15, ""1011"": 49, ""1100"": 11, ""1101"": 45, ""1110"": 53, ""1111"": 8}"
4,10,73010,377146872,1,parity_2,1.5707963267948966,512,11,5,3,"{""rz"": 14, ""sx"": 5, ""measure"": 4, ""cx"": 3, ""barrier"": 1}","{""0000"": 58, ""0001"": 10, ""0010"": 13, ""0011"": 54, ""0100"": 12, ""0101"": 53, ""0110"": 57, ""0111"": 11, ""1000"": 10, ""1001"": 54, ""1010"": 46, ""1011"": 13, ""1100"": 56, ""1101"": 10, ""1110"": 9, ""1111"": 46}"
4,10,73010,3715328172,1,parity_3,2.356194490192345,512,11,5,3,"{""rz"": 14, ""sx"": 5, ""measure"": 4, ""cx"": 3, ""barrier"": 1}","{""0000"": 20, ""0001"": 51, ""0010"": 64, ""0011"": 5, ""0100"": 51, ""0101"": 10, ""0110"": 7, ""0111"": 52, ""1000"": 66, ""1001"": 10, ""1010"": 11, ""1011"": 45, ""1100"": 10, ""1101"": 39, ""1110"": 59, ""1111"": 12}"
4,10,73010,1373271223,3,population,,512,19,3,9,"{""cx"": 9, ""rz"": 6, ""measure"": 4, ""sx"": 3, ""barrier"": 1}","{""0000"": 204, ""0001"": 14, ""0010"": 8, ""0011"": 2, ""0100"": 7, ""0101"": 1, ""0110"": 2, ""0111"": 11, ""1000"": 7, ""1001"": 2, ""1010"": 1, ""1011"": 10, ""1100"": 6, ""1101"": 9, ""1110"": 22, ""1111"": 206}"
4,10,73010,4125281645,3,parity_0,0.0,512,23,7,9,"{""rz"": 18, ""cx"": 9, ""sx"": 7, ""measure"": 4, ""barrier"": 1}","{""0000"": 47, ""0001"": 13, ""0010"": 18, ""0011"": 52, ""0100"": 13, ""0101"": 54, ""0110"": 46, ""0111"": 12, ""1000"": 13, ""1001"": 54, ""1010"": 48, ""1011"": 12, ""1100"": 50, ""1101"": 20, ""1110"": 12, ""1111"": 48}"
4,10,73010,2238519040,3,parity_1,0.7853981633974483,512,23,7,9,"{""rz"": 18, ""cx"": 9, ""sx"": 7, ""measure"": 4, ""barrier"": 1}","{""0000"": 13, ""0001"": 71, ""0010"": 52, ""0011"": 8, ""0100"": 48, ""0101"": 17, ""0110"": 14, ""0111"": 46, ""1000"": 48, ""1001"": 12, ""1010"": 10, ""1011"": 45, ""1100"": 6, ""1101"": 62, ""1110"": 50, ""1111"": 10}"
4,10,73010,3595544581,3,parity_2,1.5707963267948966,512,23,7,9,"{""rz"": 18, ""cx"": 9, ""sx"": 7, ""measure"": 4, ""barrier"": 1}","{""0000"": 52, ""0001"": 15, ""0010"": 14, ""0011"": 45, ""0100"": 17, ""0101"": 55, ""0110"": 46, ""0111"": 13, ""1000"": 15, ""1001"": 53, ""1010"": 58, ""1011"": 7, ""1100"": 52, ""1101"": 13, ""1110"": 12, ""1111"": 45}"
4,10,73010,3714418545,3,parity_3,2.356194490192345,512,23,7,9,"{""rz"": 18, ""cx"": 9, ""sx"": 7, ""measure"": 4, ""barrier"": 1}","{""0000"": 15, ""0001"": 47, ""0010"": 47, ""0011"": 17, ""0100"": 45, ""0101"": 10, ""0110"": 7, ""0111"": 52, ""1000"": 52, ""1001"": 11, ""1010"": 19, ""1011"": 42, ""1100"": 20, ""1101"": 55, ""1110"": 60, ""1111"": 13}"
4,10,73010,2572494496,5,population,,512,31,5,15,"{""cx"": 15, ""rz"": 10, ""sx"": 5, ""measure"": 4, ""barrier"": 1}","{""0000"": 197, ""0001"": 22, ""0010"": 15, ""0011"": 5, ""0100"": 14, ""0101"": 3, ""0111"": 16, ""1000"": 8, ""1001"": 2, ""1010"": 1, ""1011"": 8, ""1100"": 10, ""1101"": 16, ""1110"": 19, ""1111"": 176}"
4,10,73010,2306323180,5,parity_0,0.0,512,35,9,15,"{""rz"": 22, ""cx"": 15, ""sx"": 9, ""measure"": 4, ""barrier"": 1}","{""0000"": 64, ""0001"": 14, ""0010"": 15, ""0011"": 47, ""0100"": 13, ""0101"": 44, ""0110"": 56, ""0111"": 17, ""1000"": 12, ""1001"": 43, ""1010"": 58, ""1011"": 9, ""1100"": 51, ""1101"": 10, ""1110"": 13, ""1111"": 46}"
4,10,73010,3249696896,5,parity_1,0.7853981633974483,512,35,9,15,"{""rz"": 22, ""cx"": 15, ""sx"": 9, ""measure"": 4, ""barrier"": 1}","{""0000"": 17, ""0001"": 56, ""0010"": 52, ""0011"": 21, ""0100"": 45, ""0101"": 11, ""0110"": 13, ""0111"": 47, ""1000"": 53, ""1001"": 7, ""1010"": 13, ""1011"": 54, ""1100"": 15, ""1101"": 57, ""1110"": 41, ""1111"": 10}"
4,10,73010,2961190223,5,parity_2,1.5707963267948966,512,35,9,15,"{""rz"": 22, ""cx"": 15, ""sx"": 9, ""measure"": 4, ""barrier"": 1}","{""0000"": 55, ""0001"": 19, ""0010"": 14, ""0011"": 44, ""0100"": 11, ""0101"": 63, ""0110"": 45, ""0111"": 9, ""1000"": 16, ""1001"": 51, ""1010"": 51, ""1011"": 15, ""1100"": 50, ""1101"": 9, ""1110"": 14, ""1111"": 46}"
4,10,73010,3060100341,5,parity_3,2.356194490192345,512,35,9,15,"{""rz"": 22, ""cx"": 15, ""sx"": 9, ""measure"": 4, ""barrier"": 1}","{""0000"": 13, ""0001"": 74, ""0010"": 46, ""0011"": 10, ""0100"": 54, ""0101"": 8, ""0110"": 10, ""0111"": 40, ""1000"": 63, ""1001"": 15, ""1010"": 13, ""1011"": 48, ""1100"": 8, ""1101"": 56, ""1110"": 42, ""1111"": 12}"
4,11,73011,3540137229,1,population,,512,7,1,3,"{""measure"": 4, ""cx"": 3, ""rz"": 2, ""sx"": 1, ""barrier"": 1}","{""0000"": 212, ""0001"": 12, ""0010"": 11, ""0011"": 4, ""0100"": 6, ""0111"": 12, ""1000"": 10, ""1011"": 7, ""1100"": 4, ""1101"": 10, ""1110"": 12, ""1111"": 212}"
4,11,73011,1736292357,1,parity_0,0.0,512,11,5,3,"{""rz"": 14, ""sx"": 5, ""measure"": 4, ""cx"": 3, ""barrier"": 1}","{""0000"": 37, ""0001"": 4, ""0010"": 18, ""0011"": 55, ""0100"": 9, ""0101"": 56, ""0110"": 56, ""0111"": 10, ""1000"": 11, ""1001"": 50, ""1010"": 59, ""1011"": 6, ""1100"": 65, ""1101"": 10, ""1110"": 17, ""1111"": 49}"
4,11,73011,2859952936,1,parity_1,0.7853981633974483,512,11,5,3,"{""rz"": 14, ""sx"": 5, ""measure"": 4, ""cx"": 3, ""barrier"": 1}","{""0000"": 11, ""0001"": 55, ""0010"": 56, ""0011"": 14, ""0100"": 64, ""0101"": 8, ""0110"": 6, ""0111"": 60, ""1000"": 66, ""1001"": 8, ""1010"": 9, ""1011"": 48, ""1100"": 8, ""1101"": 48, ""1110"": 48, ""1111"": 3}"
4,11,73011,4017482313,1,parity_2,1.5707963267948966,512,11,5,3,"{""rz"": 14, ""sx"": 5, ""measure"": 4, ""cx"": 3, ""barrier"": 1}","{""0000"": 63, ""0001"": 15, ""0010"": 16, ""0011"": 49, ""0100"": 16, ""0101"": 52, ""0110"": 56, ""0111"": 9, ""1000"": 9, ""1001"": 45, ""1010"": 54, ""1011"": 7, ""1100"": 53, ""1101"": 6, ""1110"": 10, ""1111"": 52}"
4,11,73011,1568690870,1,parity_3,2.356194490192345,512,11,5,3,"{""rz"": 14, ""sx"": 5, ""measure"": 4, ""cx"": 3, ""barrier"": 1}","{""0000"": 6, ""0001"": 55, ""0010"": 52, ""0011"": 16, ""0100"": 57, ""0101"": 11, ""0110"": 14, ""0111"": 54, ""1000"": 61, ""1001"": 7, ""1010"": 6, ""1011"": 58, ""1100"": 8, ""1101"": 51, ""1110"": 49, ""1111"": 7}"
4,11,73011,235231727,3,population,,512,19,3,9,"{""cx"": 9, ""rz"": 6, ""measure"": 4, ""sx"": 3, ""barrier"": 1}","{""0000"": 200, ""0001"": 21, ""0010"": 5, ""0011"": 8, ""0100"": 11, ""0101"": 1, ""0110"": 3, ""0111"": 12, ""1000"": 14, ""1001"": 1, ""1010"": 2, ""1011"": 10, ""1100"": 7, ""1101"": 15, ""1110"": 13, ""1111"": 189}"
4,11,73011,4003415285,3,parity_0,0.0,512,23,7,9,"{""rz"": 18, ""cx"": 9, ""sx"": 7, ""measure"": 4, ""barrier"": 1}","{""0000"": 47, ""0001"": 17, ""0010"": 5, ""0011"": 72, ""0100"": 11, ""0101"": 50, ""0110"": 61, ""0111"": 12, ""1000"": 4, ""1001"": 45, ""1010"": 53, ""1011"": 10, ""1100"": 46, ""1101"": 8, ""1110"": 12, ""1111"": 59}"
4,11,73011,2552005800,3,parity_1,0.7853981633974483,512,23,7,9,"{""rz"": 18, ""cx"": 9, ""sx"": 7, ""measure"": 4, ""barrier"": 1}","{""0000"": 17, ""0001"": 50, ""0010"": 52, ""0011"": 6, ""0100"": 58, ""0101"": 19, ""0110"": 8, ""0111"": 48, ""1000"": 48, ""1001"": 18, ""1010"": 13, ""1011"": 48, ""1100"": 14, ""1101"": 39, ""1110"": 64, ""1111"": 10}"
4,11,73011,1357747065,3,parity_2,1.5707963267948966,512,23,7,9,"{""rz"": 18, ""cx"": 9, ""sx"": 7, ""measure"": 4, ""barrier"": 1}","{""0000"": 53, ""0001"": 16, ""0010"": 12, ""0011"": 53, ""0100"": 18, ""0101"": 60, ""0110"": 50, ""0111"": 12, ""1000"": 15, ""1001"": 45, ""1010"": 48, ""1011"": 9, ""1100"": 48, ""1101"": 8, ""1110"": 8, ""1111"": 57}"
4,11,73011,2574385962,3,parity_3,2.356194490192345,512,23,7,9,"{""rz"": 18, ""cx"": 9, ""sx"": 7, ""measure"": 4, ""barrier"": 1}","{""0000"": 13, ""0001"": 46, ""0010"": 56, ""0011"": 13, ""0100"": 31, ""0101"": 10, ""0110"": 15, ""0111"": 53, ""1000"": 67, ""1001"": 14, ""1010"": 12, ""1011"": 46, ""1100"": 17, ""1101"": 62, ""1110"": 44, ""1111"": 13}"
4,11,73011,1622188231,5,population,,512,31,5,15,"{""cx"": 15, ""rz"": 10, ""sx"": 5, ""measure"": 4, ""barrier"": 1}","{""0000"": 182, ""0001"": 14, ""0010"": 16, ""0011"": 12, ""0100"": 7, ""0110"": 1, ""0111"": 11, ""1000"": 13, ""1001"": 3, ""1010"": 4, ""1011"": 11, ""1100"": 12, ""1101"": 19, ""1110"": 22, ""1111"": 185}"
4,11,73011,74955720,5,parity_0,0.0,512,35,9,15,"{""rz"": 22, ""cx"": 15, ""sx"": 9, ""measure"": 4, ""barrier"": 1}","{""0000"": 57, ""0001"": 15, ""0010"": 20, ""0011"": 42, ""0100"": 18, ""0101"": 39, ""0110"": 47, ""0111"": 8, ""1000"": 15, ""1001"": 58, ""1010"": 58, ""1011"": 13, ""1100"": 45, ""1101"": 16, ""1110"": 8, ""1111"": 53}"
4,11,73011,965451399,5,parity_1,0.7853981633974483,512,35,9,15,"{""rz"": 22, ""cx"": 15, ""sx"": 9, ""measure"": 4, ""barrier"": 1}","{""0000"": 20, ""0001"": 50, ""0010"": 64, ""0011"": 20, ""0100"": 41, ""0101"": 9, ""0110"": 14, ""0111"": 53, ""1000"": 55, ""1001"": 9, ""1010"": 12, ""1011"": 53, ""1100"": 12, ""1101"": 46, ""1110"": 48, ""1111"": 6}"
4,11,73011,3389411782,5,parity_2,1.5707963267948966,512,35,9,15,"{""rz"": 22, ""cx"": 15, ""sx"": 9, ""measure"": 4, ""barrier"": 1}","{""0000"": 59, ""0001"": 21, ""0010"": 11, ""0011"": 54, ""0100"": 16, ""0101"": 43, ""0110"": 49, ""0111"": 14, ""1000"": 10, ""1001"": 44, ""1010"": 48, ""1011"": 19, ""1100"": 55, ""1101"": 11, ""1110"": 13, ""1111"": 45}"
4,11,73011,3642986380,5,parity_3,2.356194490192345,512,35,9,15,"{""rz"": 22, ""cx"": 15, ""sx"": 9, ""measure"": 4, ""barrier"": 1}","{""0000"": 19, ""0001"": 45, ""0010"": 63, ""0011"": 18, ""0100"": 44, ""0101"": 18, ""0110"": 15, ""0111"": 48, ""1000"": 48, ""1001"": 18, ""1010"": 11, ""1011"": 51, ""1100"": 15, ""1101"": 44, ""1110"": 47, ""1111"": 8}"
4,12,73012,2047580924,1,population,,512,7,1,3,"{""measure"": 4, ""cx"": 3, ""rz"": 2, ""sx"": 1, ""barrier"": 1}","{""0000"": 209, ""0001"": 14, ""0010"": 13, ""0011"": 5, ""0100"": 12, ""0110"": 2, ""0111"": 8, ""1000"": 6, ""1001"": 1, ""1011"": 13, ""1100"": 1, ""1101"": 14, ""1110"": 9, ""1111"": 205}"
4,12,73012,4041339983,1,parity_0,0.0,512,11,5,3,"{""rz"": 14, ""sx"": 5, ""measure"": 4, ""cx"": 3, ""barrier"": 1}","{""0000"": 54, ""0001"": 15, ""0010"": 9, ""0011"": 53, ""0100"": 10, ""0101"": 50, ""0110"": 47, ""0111"": 9, ""1000"": 15, ""1001"": 47, ""1010"": 52, ""1011"": 8, ""1100"": 58, ""1101"": 11, ""1110"": 13, ""1111"": 61}"
4,12,73012,3573741613,1,parity_1,0.7853981633974483,512,11,5,3,"{""rz"": 14, ""sx"": 5, ""measure"": 4, ""cx"": 3, ""barrier"": 1}","{""0000"": 12, ""0001"": 48, ""0010"": 63, ""0011"": 13, ""0100"": 44, ""0101"": 7, ""0110"": 11, ""0111"": 61, ""1000"": 57, ""1001"": 7, ""1010"": 12, ""1011"": 55, ""1100"": 14, ""1101"": 43, ""1110"": 57, ""1111"": 8}"
4,12,73012,769015084,1,parity_2,1.5707963267948966,512,11,5,3,"{""rz"": 14, ""sx"": 5, ""measure"": 4, ""cx"": 3, ""barrier"": 1}","{""0000"": 50, ""0001"": 8, ""0010"": 11, ""0011"": 47, ""0100"": 10, ""0101"": 63, ""0110"": 58, ""0111"": 15, ""1000"": 11, ""1001"": 53, ""1010"": 49, ""1011"": 9, ""1100"": 62, ""1101"": 13, ""1110"": 8, ""1111"": 45}"
4,12,73012,1853053028,1,parity_3,2.356194490192345,512,11,5,3,"{""rz"": 14, ""sx"": 5, ""measure"": 4, ""cx"": 3, ""barrier"": 1}","{""0000"": 13, ""0001"": 63, ""0010"": 57, ""0011"": 4, ""0100"": 41, ""0101"": 9, ""0110"": 8, ""0111"": 68, ""1000"": 67, ""1001"": 12, ""1010"": 12, ""1011"": 56, ""1100"": 6, ""1101"": 39, ""1110"": 47, ""1111"": 10}"
4,12,73012,3219714150,3,population,,512,19,3,9,"{""cx"": 9, ""rz"": 6, ""measure"": 4, ""sx"": 3, ""barrier"": 1}","{""0000"": 186, ""0001"": 17, ""0010"": 10, ""0011"": 5, ""0100"": 9, ""0101"": 1, ""0110"": 1, ""0111"": 16, ""1000"": 5, ""1011"": 11, ""1100"": 7, ""1101"": 18, ""1110"": 11, ""1111"": 215}"
4,12,73012,3949268684,3,parity_0,0.0,512,23,7,9,"{""rz"": 18, ""cx"": 9, ""sx"": 7, ""measure"": 4, ""barrier"": 1}","{""0000"": 50, ""0001"": 9, ""0010"": 12, ""0011"": 60, ""0100"": 17, ""0101"": 37, ""0110"": 44, ""0111"": 16, ""1000"": 11, ""1001"": 49, ""1010"": 65, ""1011"": 8, ""1100"": 58, ""1101"": 8, ""1110"": 14, ""1111"": 54}"
4,12,73012,1886539592,3,parity_1,0.7853981633974483,512,23,7,9,"{""rz"": 18, ""cx"": 9, ""sx"": 7, ""measure"": 4, ""barrier"": 1}","{""0000"": 17, ""0001"": 59, ""0010"": 46, ""0011"": 11, ""0100"": 54, ""0101"": 11, ""0110"": 12, ""0111"": 35, ""1000"": 59, ""1001"": 12, ""1010"": 13, ""1011"": 50, ""1100"": 11, ""1101"": 49, ""1110"": 58, ""1111"": 15}"
4,12,73012,231531144,3,parity_2,1.5707963267948966,512,23,7,9,"{""rz"": 18, ""cx"": 9, ""sx"": 7, ""measure"": 4, ""barrier"": 1}","{""0000"": 60, ""0001"": 10, ""0010"": 13, ""0011"": 54, ""0100"": 10, ""0101"": 46, ""0110"": 50, ""0111"": 12, ""1000"": 12, ""1001"": 61, ""1010"": 47, ""1011"": 16, ""1100"": 51, ""1101"": 15, ""1110"": 8, ""1111"": 47}"
4,12,73012,3167397230,3,parity_3,2.356194490192345,512,23,7,9,"{""rz"": 18, ""cx"": 9, ""sx"": 7, ""measure"": 4, ""barrier"": 1}","{""0000"": 11, ""0001"": 52, ""0010"": 51, ""0011"": 7, ""0100"": 47, ""0101"": 11, ""0110"": 10, ""0111"": 52, ""1000"": 56, ""1001"": 11, ""1010"": 8, ""1011"": 63, ""1100"": 5, ""1101"": 60, ""1110"": 53, ""1111"": 15}"
4,12,73012,2581612049,5,population,,512,31,5,15,"{""cx"": 15, ""rz"": 10, ""sx"": 5, ""measure"": 4, ""barrier"": 1}","{""0000"": 209, ""0001"": 24, ""0010"": 8, ""0011"": 7, ""0100"": 8, ""0101"": 4, ""0110"": 4, ""0111"": 14, ""1000"": 10, ""1001"": 2, ""1010"": 1, ""1011"": 13, ""1100"": 9, ""1101"": 13, ""1110"": 16, ""1111"": 170}"
4,12,73012,1119315036,5,parity_0,0.0,512,35,9,15,"{""rz"": 22, ""cx"": 15, ""sx"": 9, ""measure"": 4, ""barrier"": 1}","{""0000"": 50, ""0001"": 17, ""0010"": 19, ""0011"": 51, ""0100"": 10, ""0101"": 40, ""0110"": 44, ""0111"": 13, ""1000"": 18, ""1001"": 61, ""1010"": 58, ""1011"": 15, ""1100"": 46, ""1101"": 6, ""1110"": 10, ""1111"": 54}"
4,12,73012,1922281856,5,parity_1,0.7853981633974483,512,35,9,15,"{""rz"": 22, ""cx"": 15, ""sx"": 9, ""measure"": 4, ""barrier"": 1}","{""0000"": 13, ""0001"": 46, ""0010"": 49, ""0011"": 15, ""0100"": 49, ""0101"": 12, ""0110"": 21, ""0111"": 49, ""1000"": 46, ""1001"": 16, ""1010"": 13, ""1011"": 55, ""1100"": 10, ""1101"": 58, ""1110"": 48, ""1111"": 12}"
4,12,73012,3124071105,5,parity_2,1.5707963267948966,512,35,9,15,"{""rz"": 22, ""cx"": 15, ""sx"": 9, ""measure"": 4, ""barrier"": 1}","{""0000"": 61, ""0001"": 13, ""0010"": 11, ""0011"": 40, ""0100"": 13, ""0101"": 57, ""0110"": 53, ""0111"": 10, ""1000"": 17, ""1001"": 49, ""1010"": 53, ""1011"": 14, ""1100"": 49, ""1101"": 11, ""1110"": 10, ""1111"": 51}"
4,12,73012,4112858893,5,parity_3,2.356194490192345,512,35,9,15,"{""rz"": 22, ""cx"": 15, ""sx"": 9, ""measure"": 4, ""barrier"": 1}","{""0000"": 26, ""0001"": 56, ""0010"": 59, ""0011"": 4, ""0100"": 46, ""0101"": 20, ""0110"": 10, ""0111"": 42, ""1000"": 52, ""1001"": 12, ""1010"": 10, ""1011"": 50, ""1100"": 18, ""1101"": 58, ""1110"": 36, ""1111"": 13}"
4,13,73013,3325106034,1,population,,512,7,1,3,"{""measure"": 4, ""cx"": 3, ""rz"": 2, ""sx"": 1, ""barrier"": 1}","{""0000"": 214, ""0001"": 10, ""0010"": 3, ""0011"": 3, ""0100"": 11, ""0101"": 1, ""0110"": 1, ""0111"": 10, ""1000"": 12, ""1001"": 2, ""1010"": 1, ""1011"": 17, ""1100"": 2, ""1101"": 13, ""1110"": 12, ""1111"": 200}"
4,13,73013,308957703,1,parity_0,0.0,512,11,5,3,"{""rz"": 14, ""sx"": 5, ""measure"": 4, ""cx"": 3, ""barrier"": 1}","{""0000"": 59, ""0001"": 9, ""0010"": 14, ""0011"": 59, ""0100"": 14, ""0101"": 54, ""0110"": 50, ""0111"": 8, ""1000"": 9, ""1001"": 61, ""1010"": 49, ""1011"": 9, ""1100"": 48, ""1101"": 12, ""1110"": 8, ""1111"": 49}"
4,13,73013,4086216048,1,parity_1,0.7853981633974483,512,11,5,3,"{""rz"": 14, ""sx"": 5, ""measure"": 4, ""cx"": 3, ""barrier"": 1}","{""0000"": 11, ""0001"": 56, ""0010"": 47, ""0011"": 8, ""0100"": 56, ""0101"": 19, ""0110"": 9, ""0111"": 55, ""1000"": 62, ""1001"": 16, ""1010"": 8, ""1011"": 35, ""1100"": 9, ""1101"": 48, ""1110"": 63, ""1111"": 10}"
4,13,73013,727740174,1,parity_2,1.5707963267948966,512,11,5,3,"{""rz"": 14, ""sx"": 5, ""measure"": 4, ""cx"": 3, ""barrier"": 1}","{""0000"": 59, ""0001"": 20, ""0010"": 8, ""0011"": 48, ""0100"": 13, ""0101"": 56, ""0110"": 67, ""0111"": 8, ""1000"": 12, ""1001"": 51, ""1010"": 45, ""1011"": 7, ""1100"": 46, ""1101"": 13, ""1110"": 11, ""1111"": 48}"
4,13,73013,645292960,1,parity_3,2.356194490192345,512,11,5,3,"{""rz"": 14, ""sx"": 5, ""measure"": 4, ""cx"": 3, ""barrier"": 1}","{""0000"": 13, ""0001"": 53, ""0010"": 63, ""0011"": 8, ""0100"": 52, ""0101"": 9, ""0110"": 14, ""0111"": 57, ""1000"": 64, ""1001"": 11, ""1010"": 8, ""1011"": 58, ""1100"": 9, ""1101"": 43, ""1110"": 41, ""1111"": 9}"
4,13,73013,2677070016,3,population,,512,19,3,9,"{""cx"": 9, ""rz"": 6, ""measure"": 4, ""sx"": 3, ""barrier"": 1}","{""0000"": 216, ""0001"": 12, ""0010"": 12, ""0011"": 7, ""0100"": 8, ""0101"": 1, ""0110"": 1, ""0111"": 10, ""1000"": 9, ""1001"": 3, ""1010"": 1, ""1011"": 14, ""1100"": 9, ""1101"": 8, ""1110"": 20, ""1111"": 181}"
4,13,73013,2564426425,3,parity_0,0.0,512,23,7,9,"{""rz"": 18, ""cx"": 9, ""sx"": 7, ""measure"": 4, ""barrier"": 1}","{""0000"": 55, ""0001"": 14, ""0010"": 10, ""0011"": 66, ""0100"": 12, ""0101"": 45, ""0110"": 48, ""0111"": 10, ""1000"": 14, ""1001"": 54, ""1010"": 53, ""1011"": 10, ""1100"": 50, ""1101"": 13, ""1110"": 13, ""1111"": 45}"
4,13,73013,891716928,3,parity_1,0.7853981633974483,512,23,7,9,"{""rz"": 18, ""cx"": 9, ""sx"": 7, ""measure"": 4, ""barrier"": 1}","{""0000"": 13, ""0001"": 54, ""0010"": 59, ""0011"": 12, ""0100"": 54, ""0101"": 14, ""0110"": 12, ""0111"": 48, ""1000"": 51, ""1001"": 16, ""1010"": 18, ""1011"": 56, ""1100"": 13, ""1101"": 37, ""1110"": 50, ""1111"": 5}"
4,13,73013,3256803412,3,parity_2,1.5707963267948966,512,23,7,9,"{""rz"": 18, ""cx"": 9, ""sx"": 7, ""measure"": 4, ""barrier"": 1}","{""0000"": 67, ""0001"": 16, ""0010"": 14, ""0011"": 47, ""0100"": 8, ""0101"": 38, ""0110"": 37, ""0111"": 7, ""1000"": 20, ""1001"": 54, ""1010"": 55, ""1011"": 15, ""1100"": 53, ""1101"": 9, ""1110"": 13, ""1111"": 59}"
4,13,73013,1558674011,3,parity_3,2.356194490192345,512,23,7,9,"{""rz"": 18, ""cx"": 9, ""sx"": 7, ""measure"": 4, ""barrier"": 1}","{""0000"": 10, ""0001"": 56, ""0010"": 55, ""0011"": 20, ""0100"": 62, ""0101"": 6, ""0110"": 6, ""0111"": 50, ""1000"": 37, ""1001"": 12, ""1010"": 19, ""1011"": 55, ""1100"": 11, ""1101"": 62, ""1110"": 42, ""1111"": 9}"
4,13,73013,3086154468,5,population,,512,31,5,15,"{""cx"": 15, ""rz"": 10, ""sx"": 5, ""measure"": 4, ""barrier"": 1}","{""0000"": 197, ""0001"": 20, ""0010"": 13, ""0011"": 6, ""0100"": 11, ""0101"": 1, ""0110"": 1, ""0111"": 7, ""1000"": 7, ""1001"": 3, ""1010"": 2, ""1011"": 5, ""1100"": 9, ""1101"": 15, ""1110"": 26, ""1111"": 189}"
4,13,73013,3715237053,5,parity_0,0.0,512,35,9,15,"{""rz"": 22, ""cx"": 15, ""sx"": 9, ""measure"": 4, ""barrier"": 1}","{""0000"": 51, ""0001"": 17, ""0010"": 18, ""0011"": 50, ""0100"": 10, ""0101"": 47, ""0110"": 58, ""0111"": 14, ""1000"": 20, ""1001"": 52, ""1010"": 52, ""1011"": 10, ""1100"": 58, ""1101"": 12, ""1110"": 9, ""1111"": 34}"
4,13,73013,2159075739,5,parity_1,0.7853981633974483,512,35,9,15,"{""rz"": 22, ""cx"": 15, ""sx"": 9, ""measure"": 4, ""barrier"": 1}","{""0000"": 15, ""0001"": 61, ""0010"": 49, ""0011"": 20, ""0100"": 55, ""0101"": 20, ""0110"": 18, ""0111"": 41, ""1000"": 52, ""1001"": 12, ""1010"": 14, ""1011"": 39, ""1100"": 5, ""1101"": 59, ""1110"": 43, ""1111"": 9}"
4,13,73013,4243938018,5,parity_2,1.5707963267948966,512,35,9,15,"{""rz"": 22, ""cx"": 15, ""sx"": 9, ""measure"": 4, ""barrier"": 1}","{""0000"": 56, ""0001"": 13, ""0010"": 17, ""0011"": 57, ""0100"": 22, ""0101"": 49, ""0110"": 60, ""0111"": 10, ""1000"": 12, ""1001"": 54, ""1010"": 53, ""1011"": 11, ""1100"": 45, ""1101"": 11, ""1110"": 9, ""1111"": 33}"
4,13,73013,2919984442,5,parity_3,2.356194490192345,512,35,9,15,"{""rz"": 22, ""cx"": 15, ""sx"": 9, ""measure"": 4, ""barrier"": 1}","{""0000"": 12, ""0001"": 39, ""0010"": 51, ""0011"": 9, ""0100"": 46, ""0101"": 11, ""0110"": 20, ""0111"": 57, ""1000"": 49, ""1001"": 14, ""1010"": 13, ""1011"": 44, ""1100"": 19, ""1101"": 53, ""1110"": 56, ""1111"": 19}"
4,14,73014,1236684291,1,population,,512,7,1,3,"{""measure"": 4, ""cx"": 3, ""rz"": 2, ""sx"": 1, ""barrier"": 1}","{""0000"": 217, ""0001"": 11, ""0010"": 7, ""0011"": 4, ""0100"": 10, ""0101"": 1, ""0110"": 2, ""0111"": 15, ""1000"": 7, ""1001"": 1, ""1010"": 2, ""1011"": 6, ""1100"": 1, ""1101"": 11, ""1110"": 12, ""1111"": 205}"
4,14,73014,2629428186,1,parity_0,0.0,512,11,5,3,"{""rz"": 14, ""sx"": 5, ""measure"": 4, ""cx"": 3, ""barrier"": 1}","{""0000"": 45, ""0001"": 10, ""0010"": 6, ""0011"": 51, ""0100"": 11, ""0101"": 57, ""0110"": 52, ""0111"": 12, ""1000"": 10, ""1001"": 66, ""1010"": 49, ""1011"": 15, ""1100"": 54, ""1101"": 10, ""1110"": 8, ""1111"": 56}"
4,14,73014,4105187456,1,parity_1,0.7853981633974483,512,11,5,3,"{""rz"": 14, ""sx"": 5, ""measure"": 4, ""cx"": 3, ""barrier"": 1}","{""0000"": 13, ""0001"": 65, ""0010"": 51, ""0011"": 17, ""0100"": 62, ""0101"": 13, ""0110"": 7, ""0111"": 57, ""1000"": 46, ""1001"": 9, ""1010"": 12, ""1011"": 57, ""1100"": 3, ""1101"": 45, ""1110"": 47, ""1111"": 8}"
4,14,73014,829415830,1,parity_2,1.5707963267948966,512,11,5,3,"{""rz"": 14, ""sx"": 5, ""measure"": 4, ""cx"": 3, ""barrier"": 1}","{""0000"": 56, ""0001"": 19, ""0010"": 5, ""0011"": 42, ""0100"": 12, ""0101"": 58, ""0110"": 57, ""0111"": 11, ""1000"": 10, ""1001"": 60, ""1010"": 49, ""1011"": 16, ""1100"": 50, ""1101"": 11, ""1110"": 7, ""1111"": 49}"
4,14,73014,1241239813,1,parity_3,2.356194490192345,512,11,5,3,"{""rz"": 14, ""sx"": 5, ""measure"": 4, ""cx"": 3, ""barrier"": 1}","{""0000"": 12, ""0001"": 59, ""0010"": 47, ""0011"": 9, ""0100"": 52, ""0101"": 6, ""0110"": 11, ""0111"": 49, ""1000"": 64, ""1001"": 8, ""1010"": 14, ""1011"": 63, ""1100"": 11, ""1101"": 44, ""1110"": 54, ""1111"": 9}"
4,14,73014,4199582486,3,population,,512,19,3,9,"{""cx"": 9, ""rz"": 6, ""measure"": 4, ""sx"": 3, ""barrier"": 1}","{""0000"": 211, ""0001"": 10, ""0010"": 2, ""0011"": 7, ""0100"": 6, ""0111"": 12, ""1000"": 13, ""1001"": 2, ""1011"": 22, ""1100"": 9, ""1101"": 18, ""1110"": 15, ""1111"": 185}"
4,14,73014,3836425347,3,parity_0,0.0,512,23,7,9,"{""rz"": 18, ""cx"": 9, ""sx"": 7, ""measure"": 4, ""barrier"": 1}","{""0000"": 61, ""0001"": 13, ""0010"": 17, ""0011"": 48, ""0100"": 18, ""0101"": 49, ""0110"": 45, ""0111"": 8, ""1000"": 10, ""1001"": 49, ""1010"": 52, ""1011"": 11, ""1100"": 47, ""1101"": 14, ""1110"": 17, ""1111"": 53}"
4,14,73014,1194059374,3,parity_1,0.7853981633974483,512,23,7,9,"{""rz"": 18, ""cx"": 9, ""sx"": 7, ""measure"": 4, ""barrier"": 1}","{""0000"": 14, ""0001"": 59, ""0010"": 44, ""0011"": 20, ""0100"": 53, ""0101"": 19, ""0110"": 5, ""0111"": 50, ""1000"": 55, ""1001"": 14, ""1010"": 8, ""1011"": 47, ""1100"": 13, ""1101"": 51, ""1110"": 51, ""1111"": 9}"
4,14,73014,3935525520,3,parity_2,1.5707963267948966,512,23,7,9,"{""rz"": 18, ""cx"": 9, ""sx"": 7, ""measure"": 4, ""barrier"": 1}","{""0000"": 50, ""0001"": 12, ""0010"": 17, ""0011"": 52, ""0100"": 9, ""0101"": 67, ""0110"": 36, ""0111"": 12, ""1000"": 15, ""1001"": 62, ""1010"": 46, ""1011"": 9, ""1100"": 58, ""1101"": 14, ""1110"": 7, ""1111"": 46}"
4,14,73014,3158071625,3,parity_3,2.356194490192345,512,23,7,9,"{""rz"": 18, ""cx"": 9, ""sx"": 7, ""measure"": 4, ""barrier"": 1}","{""0000"": 20, ""0001"": 59, ""0010"": 59, ""0011"": 14, ""0100"": 56, ""0101"": 13, ""0110"": 14, ""0111"": 38, ""1000"": 47, ""1001"": 14, ""1010"": 7, ""1011"": 49, ""1100"": 12, ""1101"": 48, ""1110"": 54, ""1111"": 8}"
4,14,73014,2826756038,5,population,,512,31,5,15,"{""cx"": 15, ""rz"": 10, ""sx"": 5, ""measure"": 4, ""barrier"": 1}","{""0000"": 203, ""0001"": 13, ""0010"": 13, ""0011"": 10, ""0100"": 8, ""0101"": 2, ""0111"": 12, ""1000"": 8, ""1001"": 2, ""1011"": 15, ""1100"": 7, ""1101"": 8, ""1110"": 20, ""1111"": 191}"
4,14,73014,2523531933,5,parity_0,0.0,512,35,9,15,"{""rz"": 22, ""cx"": 15, ""sx"": 9, ""measure"": 4, ""barrier"": 1}","{""0000"": 46, ""0001"": 20, ""0010"": 20, ""0011"": 54, ""0100"": 13, ""0101"": 46, ""0110"": 53, ""0111"": 9, ""1000"": 14, ""1001"": 42, ""1010"": 64, ""1011"": 15, ""1100"": 48, ""1101"": 15, ""1110"": 13, ""1111"": 40}"
4,14,73014,3373040656,5,parity_1,0.7853981633974483,512,35,9,15,"{""rz"": 22, ""cx"": 15, ""sx"": 9, ""measure"": 4, ""barrier"": 1}","{""0000"": 12, ""0001"": 48, ""0010"": 63, ""0011"": 14, ""0100"": 58, ""0101"": 13, ""0110"": 8, ""0111"": 50, ""1000"": 49, ""1001"": 17, ""1010"": 14, ""1011"": 47, ""1100"": 19, ""1101"": 39, ""1110"": 47, ""1111"": 14}"
4,14,73014,3898844448,5,parity_2,1.5707963267948966,512,35,9,15,"{""rz"": 22, ""cx"": 15, ""sx"": 9, ""measure"": 4, ""barrier"": 1}","{""0000"": 59, ""0001"": 27, ""0010"": 16, ""0011"": 41, ""0100"": 8, ""0101"": 56, ""0110"": 38, ""0111"": 11, ""1000"": 12, ""1001"": 52, ""1010"": 45, ""1011"": 13, ""1100"": 62, ""1101"": 7, ""1110"": 13, ""1111"": 52}"
4,14,73014,3691270462,5,parity_3,2.356194490192345,512,35,9,15,"{""rz"": 22, ""cx"": 15, ""sx"": 9, ""measure"": 4, ""barrier"": 1}","{""0000"": 16, ""0001"": 47, ""0010"": 59, ""0011"": 19, ""0100"": 55, ""0101"": 7, ""0110"": 14, ""0111"": 51, ""1000"": 57, ""1001"": 10, ""1010"": 12, ""1011"": 46, ""1100"": 13, ""1101"": 52, ""1110"": 46, ""1111"": 8}"
4,15,73015,2151146465,1,population,,512,7,1,3,"{""measure"": 4, ""cx"": 3, ""rz"": 2, ""sx"": 1, ""barrier"": 1}","{""0000"": 222, ""0001"": 11, ""0010"": 11, ""0011"": 2, ""0100"": 7, ""0111"": 12, ""1000"": 5, ""1010"": 1, ""1011"": 11, ""1100"": 2, ""1101"": 12, ""1110"": 12, ""1111"": 204}"
4,15,73015,251451071,1,parity_0,0.0,512,11,5,3,"{""rz"": 14, ""sx"": 5, ""measure"": 4, ""cx"": 3, ""barrier"": 1}","{""0000"": 59, ""0001"": 13, ""0010"": 11, ""0011"": 67, ""0100"": 5, ""0101"": 51, ""0110"": 55, ""0111"": 5, ""1000"": 15, ""1001"": 47, ""1010"": 58, ""1011"": 5, ""1100"": 47, ""1101"": 4, ""1110"": 8, ""1111"": 62}"
4,15,73015,874561765,1,parity_1,0.7853981633974483,512,11,5,3,"{""rz"": 14, ""sx"": 5, ""measure"": 4, ""cx"": 3, ""barrier"": 1}","{""0000"": 17, ""0001"": 43, ""0010"": 56, ""0011"": 9, ""0100"": 60, ""0101"": 7, ""0110"": 14, ""0111"": 54, ""1000"": 44, ""1001"": 18, ""1010"": 9, ""1011"": 59, ""1100"": 9, ""1101"": 63, ""1110"": 43, ""1111"": 7}"
4,15,73015,4200920938,1,parity_2,1.5707963267948966,512,11,5,3,"{""rz"": 14, ""sx"": 5, ""measure"": 4, ""cx"": 3, ""barrier"": 1}","{""0000"": 69, ""0001"": 17, ""0010"": 5, ""0011"": 54, ""0100"": 13, ""0101"": 55, ""0110"": 51, ""0111"": 7, ""1000"": 13, ""1001"": 46, ""1010"": 52, ""1011"": 10, ""1100"": 55, ""1101"": 6, ""1110"": 13, ""1111"": 46}"
4,15,73015,858417475,1,parity_3,2.356194490192345,512,11,5,3,"{""rz"": 14, ""sx"": 5, ""measure"": 4, ""cx"": 3, ""barrier"": 1}","{""0000"": 9, ""0001"": 54, ""0010"": 53, ""0011"": 12, ""0100"": 58, ""0101"": 16, ""0110"": 10, ""0111"": 55, ""1000"": 48, ""1001"": 11, ""1010"": 14, ""1011"": 51, ""1100"": 9, ""1101"": 57, ""1110"": 49, ""1111"": 6}"
4,15,73015,1637920503,3,population,,512,19,3,9,"{""cx"": 9, ""rz"": 6, ""measure"": 4, ""sx"": 3, ""barrier"": 1}","{""0000"": 208, ""0001"": 13, ""0010"": 10, ""0011"": 4, ""0100"": 9, ""0101"": 2, ""0110"": 4, ""0111"": 11, ""1000"": 11, ""1001"": 3, ""1011"": 16, ""1100"": 7, ""1101"": 15, ""1110"": 20, ""1111"": 179}"
4,15,73015,2389978686,3,parity_0,0.0,512,23,7,9,"{""rz"": 18, ""cx"": 9, ""sx"": 7, ""measure"": 4, ""barrier"": 1}","{""0000"": 69, ""0001"": 16, ""0010"": 14, ""0011"": 50, ""0100"": 16, ""0101"": 68, ""0110"": 49, ""0111"": 13, ""1000"": 12, ""1001"": 49, ""1010"": 43, ""1011"": 9, ""1100"": 49, ""1101"": 8, ""1110"": 8, ""1111"": 39}"
4,15,73015,2039376628,3,parity_1,0.7853981633974483,512,23,7,9,"{""rz"": 18, ""cx"": 9, ""sx"": 7, ""measure"": 4, ""barrier"": 1}","{""0000"": 15, ""0001"": 55, ""0010"": 51, ""0011"": 12, ""0100"": 49, ""0101"": 15, ""0110"": 20, ""0111"": 57, ""1000"": 59, ""1001"": 6, ""1010"": 12, ""1011"": 52, ""1100"": 14, ""1101"": 48, ""1110"": 38, ""1111"": 9}"
4,15,73015,3721172782,3,parity_2,1.5707963267948966,512,23,7,9,"{""rz"": 18, ""cx"": 9, ""sx"": 7, ""measure"": 4, ""barrier"": 1}","{""0000"": 62, ""0001"": 13, ""0010"": 10, ""0011"": 43, ""0100"": 14, ""0101"": 53, ""0110"": 68, ""0111"": 8, ""1000"": 13, ""1001"": 48, ""1010"": 56, ""1011"": 11, ""1100"": 37, ""1101"": 15, ""1110"": 8, ""1111"": 53}"
4,15,73015,2313023392,3,parity_3,2.356194490192345,512,23,7,9,"{""rz"": 18, ""cx"": 9, ""sx"": 7, ""measure"": 4, ""barrier"": 1}","{""0000"": 12, ""0001"": 55, ""0010"": 50, ""0011"": 9, ""0100"": 49, ""0101"": 16, ""0110"": 11, ""0111"": 50, ""1000"": 51, ""1001"": 16, ""1010"": 13, ""1011"": 58, ""1100"": 9, ""1101"": 58, ""1110"": 46, ""1111"": 9}"
4,15,73015,1476003942,5,population,,512,31,5,15,"{""cx"": 15, ""rz"": 10, ""sx"": 5, ""measure"": 4, ""barrier"": 1}","{""0000"": 212, ""0001"": 16, ""0010"": 11, ""0011"": 10, ""0100"": 12, ""0110"": 2, ""0111"": 12, ""1000"": 11, ""1001"": 1, ""1011"": 20, ""1100"": 4, ""1101"": 12, ""1110"": 21, ""1111"": 168}"
4,15,73015,2502614687,5,parity_0,0.0,512,35,9,15,"{""rz"": 22, ""cx"": 15, ""sx"": 9, ""measure"": 4, ""barrier"": 1}","{""0000"": 48, ""0001"": 24, ""0010"": 15, ""0011"": 50, ""0100"": 11, ""0101"": 44, ""0110"": 53, ""0111"": 14, ""1000"": 11, ""1001"": 70, ""1010"": 45, ""1011"": 13, ""1100"": 40, ""1101"": 11, ""1110"": 12, ""1111"": 51}"
4,15,73015,65139615,5,parity_1,0.7853981633974483,512,35,9,15,"{""rz"": 22, ""cx"": 15, ""sx"": 9, ""measure"": 4, ""barrier"": 1}","{""0000"": 13, ""0001"": 40, ""0010"": 45, ""0011"": 16, ""0100"": 62, ""0101"": 13, ""0110"": 14, ""0111"": 73, ""1000"": 42, ""1001"": 19, ""1010"": 15, ""1011"": 49, ""1100"": 13, ""1101"": 44, ""1110"": 37, ""1111"": 17}"
4,15,73015,1573440174,5,parity_2,1.5707963267948966,512,35,9,15,"{""rz"": 22, ""cx"": 15, ""sx"": 9, ""measure"": 4, ""barrier"": 1}","{""0000"": 53, ""0001"": 19, ""0010"": 25, ""0011"": 41, ""0100"": 12, ""0101"": 55, ""0110"": 54, ""0111"": 17, ""1000"": 10, ""1001"": 48, ""1010"": 55, ""1011"": 7, ""1100"": 44, ""1101"": 12, ""1110"": 12, ""1111"": 48}"
4,15,73015,3343254675,5,parity_3,2.356194490192345,512,35,9,15,"{""rz"": 22, ""cx"": 15, ""sx"": 9, ""measure"": 4, ""barrier"": 1}","{""0000"": 19, ""0001"": 47, ""0010"": 50, ""0011"": 9, ""0100"": 60, ""0101"": 10, ""0110"": 17, ""0111"": 41, ""1000"": 59, ""1001"": 9, ""1010"": 8, ""1011"": 56, ""1100"": 17, ""1101"": 51, ""1110"": 51, ""1111"": 8}"
4,16,73016,328835634,1,population,,512,7,1,3,"{""measure"": 4, ""cx"": 3, ""rz"": 2, ""sx"": 1, ""barrier"": 1}","{""0000"": 221, ""0001"": 4, ""0010"": 13, ""0011"": 2, ""0100"": 8, ""0111"": 14, ""1000"": 7, ""1001"": 1, ""1010"": 2, ""1011"": 15, ""1100"": 1, ""1101"": 14, ""1110"": 13, ""1111"": 197}"
4,16,73016,1193286040,1,parity_0,0.0,512,11,5,3,"{""rz"": 14, ""sx"": 5, ""measure"": 4, ""cx"": 3, ""barrier"": 1}","{""0000"": 50, ""0001"": 14, ""0010"": 14, ""0011"": 58, ""0100"": 11, ""0101"": 45, ""0110"": 54, ""0111"": 10, ""1000"": 12, ""1001"": 57, ""1010"": 54, ""1011"": 7, ""1100"": 58, ""1101"": 9, ""1110"": 6, ""1111"": 53}"
4,16,73016,854822782,1,parity_1,0.7853981633974483,512,11,5,3,"{""rz"": 14, ""sx"": 5, ""measure"": 4, ""cx"": 3, ""barrier"": 1}","{""0000"": 7, ""0001"": 54, ""0010"": 61, ""0011"": 9, ""0100"": 62, ""0101"": 15, ""0110"": 6, ""0111"": 49, ""1000"": 65, ""1001"": 12, ""1010"": 11, ""1011"": 49, ""1100"": 13, ""1101"": 53, ""1110"": 44, ""1111"": 2}"
4,16,73016,1100005593,1,parity_2,1.5707963267948966,512,11,5,3,"{""rz"": 14, ""sx"": 5, ""measure"": 4, ""cx"": 3, ""barrier"": 1}","{""0000"": 68, ""0001"": 12, ""0010"": 15, ""0011"": 43, ""0100"": 8, ""0101"": 52, ""0110"": 66, ""0111"": 9, ""1000"": 9, ""1001"": 55, ""1010"": 43, ""1011"": 7, ""1100"": 60, ""1101"": 5, ""1110"": 12, ""1111"": 48}"
4,16,73016,1101470102,1,parity_3,2.356194490192345,512,11,5,3,"{""rz"": 14, ""sx"": 5, ""measure"": 4, ""cx"": 3, ""barrier"": 1}","{""0000"": 12, ""0001"": 64, ""0010"": 62, ""0011"": 10, ""0100"": 49, ""0101"": 13, ""0110"": 7, ""0111"": 55, ""1000"": 60, ""1001"": 7, ""1010"": 14, ""1011"": 44, ""1100"": 12, ""1101"": 53, ""1110"": 44, ""1111"": 6}"
4,16,73016,448246975,3,population,,512,19,3,9,"{""cx"": 9, ""rz"": 6, ""measure"": 4, ""sx"": 3, ""barrier"": 1}","{""0000"": 196, ""0001"": 14, ""0010"": 12, ""0011"": 3, ""0100"": 5, ""0101"": 2, ""0110"": 2, ""0111"": 13, ""1000"": 10, ""1010"": 3, ""1011"": 11, ""1100"": 6, ""1101"": 9, ""1110"": 26, ""1111"": 200}"
4,16,73016,4056109386,3,parity_0,0.0,512,23,7,9,"{""rz"": 18, ""cx"": 9, ""sx"": 7, ""measure"": 4, ""barrier"": 1}","{""0000"": 74, ""0001"": 16, ""0010"": 20, ""0011"": 53, ""0100"": 11, ""0101"": 40, ""0110"": 52, ""0111"": 5, ""1000"": 6, ""1001"": 48, ""1010"": 47, ""1011"": 16, ""1100"": 57, ""1101"": 10, ""1110"": 12, ""1111"": 45}"
4,16,73016,4241419089,3,parity_1,0.7853981633974483,512,23,7,9,"{""rz"": 18, ""cx"": 9, ""sx"": 7, ""measure"": 4, ""barrier"": 1}","{""0000"": 19, ""0001"": 49, ""0010"": 48, ""0011"": 13, ""0100"": 56, ""0101"": 10, ""0110"": 9, ""0111"": 60, ""1000"": 37, ""1001"": 13, ""1010"": 16, ""1011"": 55, ""1100"": 14, ""1101"": 51, ""1110"": 55, ""1111"": 7}"
4,16,73016,3135880367,3,parity_2,1.5707963267948966,512,23,7,9,"{""rz"": 18, ""cx"": 9, ""sx"": 7, ""measure"": 4, ""barrier"": 1}","{""0000"": 51, ""0001"": 18, ""0010"": 15, ""0011"": 54, ""0100"": 13, ""0101"": 62, ""0110"": 43, ""0111"": 16, ""1000"": 14, ""1001"": 61, ""1010"": 46, ""1011"": 8, ""1100"": 47, ""1101"": 5, ""1110"": 12, ""1111"": 47}"
4,16,73016,3977160738,3,parity_3,2.356194490192345,512,23,7,9,"{""rz"": 18, ""cx"": 9, ""sx"": 7, ""measure"": 4, ""barrier"": 1}","{""0000"": 18, ""0001"": 62, ""0010"": 49, ""0011"": 14, ""0100"": 53, ""0101"": 11, ""0110"": 11, ""0111"": 38, ""1000"": 58, ""1001"": 7, ""1010"": 12, ""1011"": 47, ""1100"": 16, ""1101"": 52, ""1110"": 54, ""1111"": 10}"
4,16,73016,1222218018,5,population,,512,31,5,15,"{""cx"": 15, ""rz"": 10, ""sx"": 5, ""measure"": 4, ""barrier"": 1}","{""0000"": 184, ""0001"": 19, ""0010"": 11, ""0011"": 15, ""0100"": 5, ""0110"": 2, ""0111"": 14, ""1000"": 13, ""1001"": 3, ""1010"": 3, ""1011"": 11, ""1100"": 7, ""1101"": 9, ""1110"": 16, ""1111"": 200}"
4,16,73016,2004474902,5,parity_0,0.0,512,35,9,15,"{""rz"": 22, ""cx"": 15, ""sx"": 9, ""measure"": 4, ""barrier"": 1}","{""0000"": 44, ""0001"": 14, ""0010"": 11, ""0011"": 54, ""0100"": 20, ""0101"": 48, ""0110"": 50, ""0111"": 18, ""1000"": 17, ""1001"": 45, ""1010"": 44, ""1011"": 9, ""1100"": 56, ""1101"": 9, ""1110"": 17, ""1111"": 56}"
4,16,73016,277311328,5,parity_1,0.7853981633974483,512,35,9,15,"{""rz"": 22, ""cx"": 15, ""sx"": 9, ""measure"": 4, ""barrier"": 1}","{""0000"": 14, ""0001"": 52, ""0010"": 63, ""0011"": 8, ""0100"": 44, ""0101"": 11, ""0110"": 19, ""0111"": 54, ""1000"": 42, ""1001"": 12, ""1010"": 9, ""1011"": 53, ""1100"": 15, ""1101"": 62, ""1110"": 46, ""1111"": 8}"
4,16,73016,3565720454,5,parity_2,1.5707963267948966,512,35,9,15,"{""rz"": 22, ""cx"": 15, ""sx"": 9, ""measure"": 4, ""barrier"": 1}","{""0000"": 50, ""0001"": 21, ""0010"": 22, ""0011"": 68, ""0100"": 17, ""0101"": 52, ""0110"": 48, ""0111"": 10, ""1000"": 17, ""1001"": 45, ""1010"": 52, ""1011"": 10, ""1100"": 45, ""1101"": 12, ""1110"": 11, ""1111"": 32}"
4,16,73016,3915535993,5,parity_3,2.356194490192345,512,35,9,15,"{""rz"": 22, ""cx"": 15, ""sx"": 9, ""measure"": 4, ""barrier"": 1}","{""0000"": 21, ""0001"": 62, ""0010"": 45, ""0011"": 13, ""0100"": 43, ""0101"": 15, ""0110"": 22, ""0111"": 37, ""1000"": 50, ""1001"": 21, ""1010"": 16, ""1011"": 42, ""1100"": 13, ""1101"": 50, ""1110"": 49, ""1111"": 13}"
4,17,73017,2054238108,1,population,,512,7,1,3,"{""measure"": 4, ""cx"": 3, ""rz"": 2, ""sx"": 1, ""barrier"": 1}","{""0000"": 226, ""0001"": 9, ""0010"": 2, ""0011"": 1, ""0100"": 8, ""0101"": 2, ""0111"": 6, ""1000"": 11, ""1001"": 1, ""1010"": 1, ""1011"": 11, ""1100"": 4, ""1101"": 9, ""1110"": 12, ""1111"": 209}"
4,17,73017,238302933,1,parity_0,0.0,512,11,5,3,"{""rz"": 14, ""sx"": 5, ""measure"": 4, ""cx"": 3, ""barrier"": 1}","{""0000"": 52, ""0001"": 16, ""0010"": 9, ""0011"": 44, ""0100"": 9, ""0101"": 55, ""0110"": 60, ""0111"": 8, ""1000"": 13, ""1001"": 51, ""1010"": 51, ""1011"": 13, ""1100"": 56, ""1101"": 13, ""1110"": 10, ""1111"": 52}"
4,17,73017,628595283,1,parity_1,0.7853981633974483,512,11,5,3,"{""rz"": 14, ""sx"": 5, ""measure"": 4, ""cx"": 3, ""barrier"": 1}","{""0000"": 10, ""0001"": 63, ""0010"": 52, ""0011"": 10, ""0100"": 52, ""0101"": 11, ""0110"": 5, ""0111"": 50, ""1000"": 53, ""1001"": 12, ""1010"": 5, ""1011"": 59, ""1100"": 11, ""1101"": 57, ""1110"": 52, ""1111"": 10}"
4,17,73017,318844856,1,parity_2,1.5707963267948966,512,11,5,3,"{""rz"": 14, ""sx"": 5, ""measure"": 4, ""cx"": 3, ""barrier"": 1}","{""0000"": 58, ""0001"": 12, ""0010"": 9, ""0011"": 58, ""0100"": 14, ""0101"": 51, ""0110"": 59, ""0111"": 7, ""1000"": 12, ""1001"": 56, ""1010"": 50, ""1011"": 6, ""1100"": 51, ""1101"": 9, ""1110"": 12, ""1111"": 48}"
4,17,73017,2623232452,1,parity_3,2.356194490192345,512,11,5,3,"{""rz"": 14, ""sx"": 5, ""measure"": 4, ""cx"": 3, ""barrier"": 1}","{""0000"": 17, ""0001"": 55, ""0010"": 60, ""0011"": 14, ""0100"": 50, ""0101"": 7, ""0110"": 15, ""0111"": 48, ""1000"": 58, ""1001"": 10, ""1010"": 11, ""1011"": 44, ""1100"": 12, ""1101"": 45, ""1110"": 54, ""1111"": 12}"
4,17,73017,135126649,3,population,,512,19,3,9,"{""cx"": 9, ""rz"": 6, ""measure"": 4, ""sx"": 3, ""barrier"": 1}","{""0000"": 214, ""0001"": 13, ""0010"": 11, ""0011"": 4, ""0100"": 5, ""0101"": 3, ""0110"": 2, ""0111"": 18, ""1000"": 6, ""1001"": 1, ""1010"": 2, ""1011"": 10, ""1100"": 7, ""1101"": 15, ""1110"": 15, ""1111"": 186}"
4,17,73017,2374977003,3,parity_0,0.0,512,23,7,9,"{""rz"": 18, ""cx"": 9, ""sx"": 7, ""measure"": 4, ""barrier"": 1}","{""0000"": 51, ""0001"": 17, ""0010"": 13, ""0011"": 51, ""0100"": 13, ""0101"": 60, ""0110"": 53, ""0111"": 8, ""1000"": 16, ""1001"": 58, ""1010"": 46, ""1011"": 14, ""1100"": 49, ""1101"": 15, ""1110"": 9, ""1111"": 39}"
4,17,73017,1431740315,3,parity_1,0.7853981633974483,512,23,7,9,"{""rz"": 18, ""cx"": 9, ""sx"": 7, ""measure"": 4, ""barrier"": 1}","{""0000"": 14, ""0001"": 51, ""0010"": 59, ""0011"": 17, ""0100"": 48, ""0101"": 17, ""0110"": 17, ""0111"": 47, ""1000"": 46, ""1001"": 14, ""1010"": 9, ""1011"": 53, ""1100"": 12, ""1101"": 47, ""1110"": 49, ""1111"": 12}"
4,17,73017,2354400047,3,parity_2,1.5707963267948966,512,23,7,9,"{""rz"": 18, ""cx"": 9, ""sx"": 7, ""measure"": 4, ""barrier"": 1}","{""0000"": 55, ""0001"": 12, ""0010"": 8, ""0011"": 43, ""0100"": 13, ""0101"": 49, ""0110"": 56, ""0111"": 10, ""1000"": 20, ""1001"": 66, ""1010"": 57, ""1011"": 7, ""1100"": 39, ""1101"": 7, ""1110"": 14, ""1111"": 56}"
4,17,73017,2285571668,3,parity_3,2.356194490192345,512,23,7,9,"{""rz"": 18, ""cx"": 9, ""sx"": 7, ""measure"": 4, ""barrier"": 1}","{""0000"": 6, ""0001"": 60, ""0010"": 57, ""0011"": 14, ""0100"": 52, ""0101"": 13, ""0110"": 6, ""0111"": 66, ""1000"": 45, ""1001"": 11, ""1010"": 10, ""1011"": 52, ""1100"": 10, ""1101"": 52, ""1110"": 48, ""1111"": 10}"
4,17,73017,4233994900,5,population,,512,31,5,15,"{""cx"": 15, ""rz"": 10, ""sx"": 5, ""measure"": 4, ""barrier"": 1}","{""0000"": 194, ""0001"": 15, ""0010"": 8, ""0011"": 8, ""0100"": 10, ""0101"": 2, ""0110"": 1, ""0111"": 6, ""1000"": 10, ""1001"": 2, ""1010"": 1, ""1011"": 14, ""1100"": 9, ""1101"": 13, ""1110"": 20, ""1111"": 199}"
4,17,73017,1475014964,5,parity_0,0.0,512,35,9,15,"{""rz"": 22, ""cx"": 15, ""sx"": 9, ""measure"": 4, ""barrier"": 1}","{""0000"": 66, ""0001"": 20, ""0010"": 19, ""0011"": 42, ""0100"": 17, ""0101"": 48, ""0110"": 56, ""0111"": 2, ""1000"": 14, ""1001"": 54, ""1010"": 50, ""1011"": 17, ""1100"": 35, ""1101"": 8, ""1110"": 25, ""1111"": 39}"
4,17,73017,1497193118,5,parity_1,0.7853981633974483,512,35,9,15,"{""rz"": 22, ""cx"": 15, ""sx"": 9, ""measure"": 4, ""barrier"": 1}","{""0000"": 12, ""0001"": 61, ""0010"": 59, ""0011"": 9, ""0100"": 53, ""0101"": 16, ""0110"": 13, ""0111"": 45, ""1000"": 45, ""1001"": 14, ""1010"": 12, ""1011"": 55, ""1100"": 15, ""1101"": 45, ""1110"": 50, ""1111"": 8}"
4,17,73017,2667835463,5,parity_2,1.5707963267948966,512,35,9,15,"{""rz"": 22, ""cx"": 15, ""sx"": 9, ""measure"": 4, ""barrier"": 1}","{""0000"": 49, ""0001"": 13, ""0010"": 13, ""0011"": 38, ""0100"": 15, ""0101"": 53, ""0110"": 55, ""0111"": 17, ""1000"": 20, ""1001"": 38, ""1010"": 62, ""1011"": 13, ""1100"": 53, ""1101"": 17, ""1110"": 16, ""1111"": 40}"
4,17,73017,2558593607,5,parity_3,2.356194490192345,512,35,9,15,"{""rz"": 22, ""cx"": 15, ""sx"": 9, ""measure"": 4, ""barrier"": 1}","{""0000"": 21, ""0001"": 42, ""0010"": 44, ""0011"": 18, ""0100"": 52, ""0101"": 13, ""0110"": 13, ""0111"": 50, ""1000"": 48, ""1001"": 15, ""1010"": 13, ""1011"": 66, ""1100"": 14, ""1101"": 52, ""1110"": 37, ""1111"": 14}"
4,18,73018,937134232,1,population,,512,7,1,3,"{""measure"": 4, ""cx"": 3, ""rz"": 2, ""sx"": 1, ""barrier"": 1}","{""0000"": 223, ""0001"": 8, ""0010"": 6, ""0011"": 1, ""0100"": 6, ""0110"": 1, ""0111"": 16, ""1000"": 8, ""1001"": 2, ""1010"": 2, ""1011"": 9, ""1101"": 10, ""1110"": 7, ""1111"": 213}"
4,18,73018,675790860,1,parity_0,0.0,512,11,5,3,"{""rz"": 14, ""sx"": 5, ""measure"": 4, ""cx"": 3, ""barrier"": 1}","{""0000"": 66, ""0001"": 9, ""0010"": 13, ""0011"": 44, ""0100"": 8, ""0101"": 49, ""0110"": 65, ""0111"": 9, ""1000"": 18, ""1001"": 55, ""1010"": 42, ""1011"": 13, ""1100"": 69, ""1101"": 7, ""1110"": 8, ""1111"": 37}"
4,18,73018,3379373502,1,parity_1,0.7853981633974483,512,11,5,3,"{""rz"": 14, ""sx"": 5, ""measure"": 4, ""cx"": 3, ""barrier"": 1}","{""0000"": 14, ""0001"": 66, ""0010"": 46, ""0011"": 8, ""0100"": 66, ""0101"": 11, ""0110"": 13, ""0111"": 56, ""1000"": 38, ""1001"": 17, ""1010"": 5, ""1011"": 53, ""1100"": 9, ""1101"": 49, ""1110"": 56, ""1111"": 5}"
4,18,73018,1492260887,1,parity_2,1.5707963267948966,512,11,5,3,"{""rz"": 14, ""sx"": 5, ""measure"": 4, ""cx"": 3, ""barrier"": 1}","{""0000"": 55, ""0001"": 9, ""0010"": 13, ""0011"": 64, ""0100"": 9, ""0101"": 56, ""0110"": 68, ""0111"": 3, ""1000"": 12, ""1001"": 56, ""1010"": 46, ""1011"": 3, ""1100"": 61, ""1101"": 5, ""1110"": 6, ""1111"": 46}"
4,18,73018,905739655,1,parity_3,2.356194490192345,512,11,5,3,"{""rz"": 14, ""sx"": 5, ""measure"": 4, ""cx"": 3, ""barrier"": 1}","{""0000"": 17, ""0001"": 61, ""0010"": 58, ""0011"": 8, ""0100"": 65, ""0101"": 10, ""0110"": 7, ""0111"": 47, ""1000"": 49, ""1001"": 3, ""1010"": 11, ""1011"": 45, ""1100"": 12, ""1101"": 63, ""1110"": 49, ""1111"": 7}"
4,18,73018,250276286,3,population,,512,19,3,9,"{""cx"": 9, ""rz"": 6, ""measure"": 4, ""sx"": 3, ""barrier"": 1}","{""0000"": 194, ""0001"": 10, ""0010"": 7, ""0011"": 5, ""0100"": 6, ""0101"": 3, ""0111"": 10, ""1000"": 9, ""1010"": 4, ""1011"": 11, ""1100"": 5, ""1101"": 15, ""1110"": 26, ""1111"": 207}"
4,18,73018,714943102,3,parity_0,0.0,512,23,7,9,"{""rz"": 18, ""cx"": 9, ""sx"": 7, ""measure"": 4, ""barrier"": 1}","{""0000"": 53, ""0001"": 17, ""0010"": 8, ""0011"": 57, ""0100"": 7, ""0101"": 65, ""0110"": 49, ""0111"": 14, ""1000"": 15, ""1001"": 47, ""1010"": 52, ""1011"": 11, ""1100"": 51, ""1101"": 12, ""1110"": 9, ""1111"": 45}"
4,18,73018,1469804214,3,parity_1,0.7853981633974483,512,23,7,9,"{""rz"": 18, ""cx"": 9, ""sx"": 7, ""measure"": 4, ""barrier"": 1}","{""0000"": 20, ""0001"": 51, ""0010"": 50, ""0011"": 10, ""0100"": 54, ""0101"": 6, ""0110"": 13, ""0111"": 45, ""1000"": 55, ""1001"": 16, ""1010"": 10, ""1011"": 57, ""1100"": 9, ""1101"": 45, ""1110"": 59, ""1111"": 12}"
4,18,73018,253607269,3,parity_2,1.5707963267948966,512,23,7,9,"{""rz"": 18, ""cx"": 9, ""sx"": 7, ""measure"": 4, ""barrier"": 1}","{""0000"": 49, ""0001"": 12, ""0010"": 10, ""0011"": 60, ""0100"": 9, ""0101"": 56, ""0110"": 59, ""0111"": 12, ""1000"": 12, ""1001"": 46, ""1010"": 48, ""1011"": 12, ""1100"": 53, ""1101"": 10, ""1110"": 9, ""1111"": 55}"
4,18,73018,676642977,3,parity_3,2.356194490192345,512,23,7,9,"{""rz"": 18, ""cx"": 9, ""sx"": 7, ""measure"": 4, ""barrier"": 1}","{""0000"": 11, ""0001"": 61, ""0010"": 41, ""0011"": 11, ""0100"": 60, ""0101"": 11, ""0110"": 14, ""0111"": 37, ""1000"": 53, ""1001"": 11, ""1010"": 12, ""1011"": 61, ""1100"": 12, ""1101"": 51, ""1110"": 52, ""1111"": 14}"
4,18,73018,473250004,5,population,,512,31,5,15,"{""cx"": 15, ""rz"": 10, ""sx"": 5, ""measure"": 4, ""barrier"": 1}","{""0000"": 197, ""0001"": 21, ""0010"": 8, ""0011"": 9, ""0100"": 8, ""0101"": 1, ""0110"": 2, ""0111"": 15, ""1000"": 6, ""1001"": 2, ""1010"": 2, ""1011"": 13, ""1100"": 6, ""1101"": 14, ""1110"": 16, ""1111"": 192}"
4,18,73018,2265986471,5,parity_0,0.0,512,35,9,15,"{""rz"": 22, ""cx"": 15, ""sx"": 9, ""measure"": 4, ""barrier"": 1}","{""0000"": 54, ""0001"": 23, ""0010"": 15, ""0011"": 42, ""0100"": 20, ""0101"": 43, ""0110"": 47, ""0111"": 14, ""1000"": 18, ""1001"": 51, ""1010"": 63, ""1011"": 8, ""1100"": 46, ""1101"": 14, ""1110"": 12, ""1111"": 42}"
4,18,73018,1916596945,5,parity_1,0.7853981633974483,512,35,9,15,"{""rz"": 22, ""cx"": 15, ""sx"": 9, ""measure"": 4, ""barrier"": 1}","{""0000"": 13, ""0001"": 54, ""0010"": 48, ""0011"": 9, ""0100"": 55, ""0101"": 13, ""0110"": 14, ""0111"": 38, ""1000"": 54, ""1001"": 18, ""1010"": 13, ""1011"": 61, ""1100"": 16, ""1101"": 43, ""1110"": 54, ""1111"": 9}"
4,18,73018,3997971316,5,parity_2,1.5707963267948966,512,35,9,15,"{""rz"": 22, ""cx"": 15, ""sx"": 9, ""measure"": 4, ""barrier"": 1}","{""0000"": 49, ""0001"": 11, ""0010"": 8, ""0011"": 56, ""0100"": 14, ""0101"": 60, ""0110"": 46, ""0111"": 15, ""1000"": 18, ""1001"": 47, ""1010"": 61, ""1011"": 10, ""1100"": 51, ""1101"": 10, ""1110"": 14, ""1111"": 42}"
4,18,73018,341357732,5,parity_3,2.356194490192345,512,35,9,15,"{""rz"": 22, ""cx"": 15, ""sx"": 9, ""measure"": 4, ""barrier"": 1}","{""0000"": 18, ""0001"": 55, ""0010"": 52, ""0011"": 15, ""0100"": 55, ""0101"": 12, ""0110"": 12, ""0111"": 40, ""1000"": 51, ""1001"": 15, ""1010"": 11, ""1011"": 56, ""1100"": 18, ""1101"": 44, ""1110"": 47, ""1111"": 11}"
4,19,73019,2619782859,1,population,,512,7,1,3,"{""measure"": 4, ""cx"": 3, ""rz"": 2, ""sx"": 1, ""barrier"": 1}","{""0000"": 237, ""0001"": 5, ""0010"": 7, ""0011"": 4, ""0100"": 4, ""0101"": 3, ""0110"": 3, ""0111"": 10, ""1000"": 8, ""1001"": 2, ""1010"": 1, ""1011"": 10, ""1100"": 4, ""1101"": 9, ""1110"": 12, ""1111"": 193}"
4,19,73019,610975984,1,parity_0,0.0,512,11,5,3,"{""rz"": 14, ""sx"": 5, ""measure"": 4, ""cx"": 3, ""barrier"": 1}","{""0000"": 55, ""0001"": 11, ""0010"": 16, ""0011"": 52, ""0100"": 9, ""0101"": 60, ""0110"": 46, ""0111"": 19, ""1000"": 16, ""1001"": 64, ""1010"": 50, ""1011"": 5, ""1100"": 43, ""1101"": 8, ""1110"": 9, ""1111"": 49}"
4,19,73019,342265362,1,parity_1,0.7853981633974483,512,11,5,3,"{""rz"": 14, ""sx"": 5, ""measure"": 4, ""cx"": 3, ""barrier"": 1}","{""0000"": 11, ""0001"": 55, ""0010"": 64, ""0011"": 7, ""0100"": 68, ""0101"": 12, ""0110"": 10, ""0111"": 41, ""1000"": 52, ""1001"": 12, ""1010"": 11, ""1011"": 45, ""1100"": 11, ""1101"": 46, ""1110"": 59, ""1111"": 8}"
4,19,73019,1898281065,1,parity_2,1.5707963267948966,512,11,5,3,"{""rz"": 14, ""sx"": 5, ""measure"": 4, ""cx"": 3, ""barrier"": 1}","{""0000"": 55, ""0001"": 14, ""0010"": 18, ""0011"": 63, ""0100"": 5, ""0101"": 67, ""0110"": 35, ""0111"": 8, ""1000"": 12, ""1001"": 61, ""1010"": 39, ""1011"": 8, ""1100"": 46, ""1101"": 11, ""1110"": 8, ""1111"": 62}"
4,19,73019,1531537816,1,parity_3,2.356194490192345,512,11,5,3,"{""rz"": 14, ""sx"": 5, ""measure"": 4, ""cx"": 3, ""barrier"": 1}","{""0000"": 10, ""0001"": 52, ""0010"": 51, ""0011"": 16, ""0100"": 67, ""0101"": 13, ""0110"": 11, ""0111"": 51, ""1000"": 63, ""1001"": 9, ""1010"": 8, ""1011"": 44, ""1100"": 6, ""1101"": 56, ""1110"": 50, ""1111"": 5}"
4,19,73019,3793235753,3,population,,512,19,3,9,"{""cx"": 9, ""rz"": 6, ""measure"": 4, ""sx"": 3, ""barrier"": 1}","{""0000"": 208, ""0001"": 10, ""0010"": 7, ""0011"": 4, ""0100"": 12, ""0110"": 2, ""0111"": 16, ""1000"": 12, ""1010"": 2, ""1011"": 12, ""1100"": 5, ""1101"": 8, ""1110"": 12, ""1111"": 202}"
4,19,73019,2194416899,3,parity_0,0.0,512,23,7,9,"{""rz"": 18, ""cx"": 9, ""sx"": 7, ""measure"": 4, ""barrier"": 1}","{""0000"": 48, ""0001"": 8, ""0010"": 22, ""0011"": 64, ""0100"": 8, ""0101"": 54, ""0110"": 49, ""0111"": 13, ""1000"": 14, ""1001"": 48, ""1010"": 52, ""1011"": 8, ""1100"": 62, ""1101"": 11, ""1110"": 11, ""1111"": 40}"
4,19,73019,3061030340,3,parity_1,0.7853981633974483,512,23,7,9,"{""rz"": 18, ""cx"": 9, ""sx"": 7, ""measure"": 4, ""barrier"": 1}","{""0000"": 14, ""0001"": 55, ""0010"": 53, ""0011"": 15, ""0100"": 51, ""0101"": 11, ""0110"": 12, ""0111"": 40, ""1000"": 59, ""1001"": 16, ""1010"": 10, ""1011"": 48, ""1100"": 17, ""1101"": 53, ""1110"": 49, ""1111"": 9}"
4,19,73019,771304204,3,parity_2,1.5707963267948966,512,23,7,9,"{""rz"": 18, ""cx"": 9, ""sx"": 7, ""measure"": 4, ""barrier"": 1}","{""0000"": 44, ""0001"": 19, ""0010"": 7, ""0011"": 57, ""0100"": 16, ""0101"": 47, ""0110"": 60, ""0111"": 21, ""1000"": 13, ""1001"": 61, ""1010"": 46, ""1011"": 6, ""1100"": 49, ""1101"": 8, ""1110"": 8, ""1111"": 50}"
4,19,73019,645729986,3,parity_3,2.356194490192345,512,23,7,9,"{""rz"": 18, ""cx"": 9, ""sx"": 7, ""measure"": 4, ""barrier"": 1}","{""0000"": 17, ""0001"": 51, ""0010"": 49, ""0011"": 13, ""0100"": 52, ""0101"": 9, ""0110"": 10, ""0111"": 41, ""1000"": 44, ""1001"": 16, ""1010"": 17, ""1011"": 59, ""1100"": 14, ""1101"": 54, ""1110"": 58, ""1111"": 8}"
4,19,73019,1826876175,5,population,,512,31,5,15,"{""cx"": 15, ""rz"": 10, ""sx"": 5, ""measure"": 4, ""barrier"": 1}","{""0000"": 209, ""0001"": 12, ""0010"": 11, ""0011"": 14, ""0100"": 13, ""0110"": 2, ""0111"": 11, ""1000"": 10, ""1001"": 2, ""1010"": 2, ""1011"": 6, ""1100"": 6, ""1101"": 15, ""1110"": 18, ""1111"": 181}"
4,19,73019,98680997,5,parity_0,0.0,512,35,9,15,"{""rz"": 22, ""cx"": 15, ""sx"": 9, ""measure"": 4, ""barrier"": 1}","{""0000"": 57, ""0001"": 15, ""0010"": 19, ""0011"": 51, ""0100"": 15, ""0101"": 45, ""0110"": 51, ""0111"": 11, ""1000"": 25, ""1001"": 44, ""1010"": 41, ""1011"": 7, ""1100"": 51, ""1101"": 15, ""1110"": 11, ""1111"": 54}"
4,19,73019,404482421,5,parity_1,0.7853981633974483,512,35,9,15,"{""rz"": 22, ""cx"": 15, ""sx"": 9, ""measure"": 4, ""barrier"": 1}","{""0000"": 15, ""0001"": 56, ""0010"": 63, ""0011"": 17, ""0100"": 38, ""0101"": 16, ""0110"": 11, ""0111"": 51, ""1000"": 51, ""1001"": 18, ""1010"": 15, ""1011"": 49, ""1100"": 10, ""1101"": 49, ""1110"": 39, ""1111"": 14}"
4,19,73019,3064512480,5,parity_2,1.5707963267948966,512,35,9,15,"{""rz"": 22, ""cx"": 15, ""sx"": 9, ""measure"": 4, ""barrier"": 1}","{""0000"": 51, ""0001"": 23, ""0010"": 17, ""0011"": 40, ""0100"": 15, ""0101"": 61, ""0110"": 44, ""0111"": 15, ""1000"": 14, ""1001"": 45, ""1010"": 56, ""1011"": 12, ""1100"": 51, ""1101"": 15, ""1110"": 8, ""1111"": 45}"
4,19,73019,2341533947,5,parity_3,2.356194490192345,512,35,9,15,"{""rz"": 22, ""cx"": 15, ""sx"": 9, ""measure"": 4, ""barrier"": 1}","{""0000"": 18, ""0001"": 51, ""0010"": 48, ""0011"": 13, ""0100"": 48, ""0101"": 13, ""0110"": 16, ""0111"": 51, ""1000"": 55, ""1001"": 9, ""1010"": 15, ""1011"": 59, ""1100"": 12, ""1101"": 52, ""1110"": 42, ""1111"": 10}"
5,0,74000,1703390172,1,population,,512,8,1,4,"{""measure"": 5, ""cx"": 4, ""rz"": 2, ""sx"": 1, ""barrier"": 1}","{""00000"": 230, ""00001"": 5, ""00010"": 8, ""00011"": 2, ""00100"": 16, ""01000"": 6, ""01001"": 1, ""01111"": 13, ""10000"": 5, ""10011"": 1, ""10101"": 2, ""10111"": 8, ""11000"": 2, ""11010"": 1, ""11011"": 12, ""11100"": 3, ""11101"": 5, ""11110"": 12, ""11111"": 180}"
5,0,74000,1558474789,1,parity_0,0.0,512,12,6,4,"{""rz"": 17, ""sx"": 6, ""measure"": 5, ""cx"": 4, ""barrier"": 1}","{""00000"": 23, ""00001"": 5, ""00010"": 4, ""00011"": 25, ""00100"": 6, ""00101"": 25, ""00110"": 30, ""00111"": 13, ""01000"": 7, ""01001"": 27, ""01010"": 32, ""01011"": 5, ""01100"": 29, ""01101"": 8, ""01110"": 6, ""01111"": 25, ""10000"": 8, ""10001"": 21, ""10010"": 30, ""10011"": 1, ""10100"": 26, ""10101"": 3, ""10110"": 5, ""10111"": 19, ""11000"": 23, ""11001"": 8, ""11010"": 7, ""11011"": 28, ""11100"": 1, ""11101"": 35, ""11110"": 23, ""11111"": 4}"
5,0,74000,4132682528,1,parity_1,0.6283185307179586,512,12,6,4,"{""rz"": 17, ""sx"": 6, ""measure"": 5, ""cx"": 4, ""barrier"": 1}","{""00000"": 9, ""00001"": 20, ""00010"": 23, ""00011"": 7, ""00100"": 19, ""00101"": 8, ""00110"": 14, ""00111"": 25, ""01000"": 21, ""01001"": 9, ""01010"": 10, ""01011"": 21, ""01100"": 8, ""01101"": 22, ""01110"": 26, ""01111"": 9, ""10000"": 34, ""10001"": 5, ""10010"": 6, ""10011"": 24, ""10100"": 10, ""10101"": 26, ""10110"": 26, ""10111"": 2, ""11000"": 6, ""11001"": 31, ""11010"": 25, ""11011"": 4, ""11100"": 26, ""11101"": 8, ""11110"": 7, ""11111"": 21}"
5,0,74000,1763063914,1,parity_2,1.2566370614359172,512,12,6,4,"{""rz"": 17, ""sx"": 6, ""measure"": 5, ""cx"": 4, ""barrier"": 1}","{""00000"": 22, ""00001"": 10, ""00010"": 10, ""00011"": 29, ""00100"": 6, ""00101"": 27, ""00110"": 24, ""00111"": 7, ""01000"": 14, ""01001"": 29, ""01010"": 20, ""01011"": 7, ""01100"": 38, ""01101"": 7, ""01110"": 5, ""01111"": 22, ""10000"": 9, ""10001"": 21, ""10010"": 22, ""10011"": 6, ""10100"": 28, ""10101"": 4, ""10110"": 4, ""10111"": 21, ""11000"": 30, ""11001"": 7, ""11010"": 6, ""11011"": 19, ""11100"": 5, ""11101"": 24, ""11110"": 24, ""11111"": 5}"
5,0,74000,3382168444,1,parity_3,1.8849555921538759,512,12,6,4,"{""rz"": 17, ""sx"": 6, ""measure"": 5, ""cx"": 4, ""barrier"": 1}","{""00000"": 10, ""00001"": 28, ""00010"": 30, ""00011"": 5, ""00100"": 28, ""00101"": 3, ""00110"": 10, ""00111"": 29, ""01000"": 24, ""01001"": 3, ""01010"": 10, ""01011"": 22, ""01100"": 6, ""01101"": 26, ""01110"": 32, ""01111"": 7, ""10000"": 29, ""10001"": 4, ""10010"": 7, ""10011"": 18, ""10100"": 4, ""10101"": 21, ""10110"": 29, ""10111"": 2, ""11000"": 4, ""11001"": 28, ""11010"": 19, ""11011"": 9, ""11100"": 27, ""11101"": 7, ""11110"": 3, ""11111"": 28}"
5,0,74000,1142099384,1,parity_4,2.5132741228718345,512,12,6,4,"{""rz"": 17, ""sx"": 6, ""measure"": 5, ""cx"": 4, ""barrier"": 1}","{""00000"": 27, ""00001"": 10, ""00010"": 6, ""00011"": 25, ""00100"": 4, ""00101"": 32, ""00110"": 24, ""00111"": 5, ""01000"": 3, ""01001"": 30, ""01010"": 29, ""01011"": 8, ""01100"": 31, ""01101"": 11, ""01110"": 1, ""01111"": 18, ""10000"": 5, ""10001"": 20, ""10010"": 27, ""10011"": 7, ""10100"": 25, ""10101"": 3, ""10110"": 5, ""10111"": 26, ""11000"": 28, ""11001"": 7, ""11010"": 3, ""11011"": 27, ""11100"": 8, ""11101"": 23, ""11110"": 26, ""11111"": 8}"
5,0,74000,2262755364,3,population,,512,22,3,12,"{""cx"": 12, ""rz"": 6, ""measure"": 5, ""sx"": 3, ""barrier"": 1}","{""00000"": 202, ""00001"": 14, ""00010"": 5, ""00011"": 5, ""00100"": 6, ""00110"": 2, ""00111"": 5, ""01000"": 7, ""01100"": 1, ""01101"": 1, ""01110"": 3, ""01111"": 14, ""10000"": 8, ""10001"": 1, ""10010"": 2, ""10011"": 1, ""10101"": 3, ""10111"": 11, ""11000"": 9, ""11010"": 3, ""11011"": 13, ""11100"": 1, ""11101"": 13, ""11110"": 14, ""11111"": 168}"
5,0,74000,727062687,3,parity_0,0.0,512,26,8,12,"{""rz"": 21, ""cx"": 12, ""sx"": 8, ""measure"": 5, ""barrier"": 1}","{""00000"": 22, ""00001"": 6, ""00010"": 8, ""00011"": 21, ""00100"": 6, ""00101"": 30, ""00110"": 25, ""00111"": 7, ""01000"": 9, ""01001"": 26, ""01010"": 24, ""01011"": 12, ""01100"": 19, ""01101"": 7, ""01110"": 10, ""01111"": 21, ""10000"": 5, ""10001"": 27, ""10010"": 27, ""10011"": 12, ""10100"": 32, ""10101"": 7, ""10110"": 9, ""10111"": 27, ""11000"": 23, ""11001"": 8, ""11010"": 9, ""11011"": 20, ""11100"": 6, ""11101"": 22, ""11110"": 19, ""11111"": 6}"
5,0,74000,882210892,3,parity_1,0.6283185307179586,512,26,8,12,"{""rz"": 21, ""cx"": 12, ""sx"": 8, ""measure"": 5, ""barrier"": 1}","{""00000"": 11, ""00001"": 19, ""00010"": 31, ""00011"": 7, ""00100"": 30, ""00101"": 8, ""00110"": 9, ""00111"": 23, ""01000"": 29, ""01001"": 6, ""01010"": 10, ""01011"": 26, ""01100"": 5, ""01101"": 24, ""01110"": 32, ""01111"": 5, ""10000"": 27, ""10001"": 13, ""10010"": 8, ""10011"": 16, ""10100"": 5, ""10101"": 26, ""10110"": 20, ""10111"": 7, ""11000"": 11, ""11001"": 23, ""11010"": 21, ""11011"": 6, ""11100"": 20, ""11101"": 3, ""11110"": 6, ""11111"": 25}"
5,0,74000,2882103403,3,parity_2,1.2566370614359172,512,26,8,12,"{""rz"": 21, ""cx"": 12, ""sx"": 8, ""measure"": 5, ""barrier"": 1}","{""00000"": 22, ""00001"": 7, ""00010"": 6, ""00011"": 19, ""00100"": 10, ""00101"": 23, ""00110"": 29, ""00111"": 7, ""01000"": 7, ""01001"": 26, ""01010"": 18, ""01011"": 3, ""01100"": 39, ""01101"": 8, ""01110"": 17, ""01111"": 19, ""10000"": 13, ""10001"": 26, ""10010"": 24, ""10011"": 10, ""10100"": 21, ""10101"": 8, ""10110"": 7, ""10111"": 23, ""11000"": 30, ""11001"": 3, ""11010"": 4, ""11011"": 25, ""11100"": 8, ""11101"": 26, ""11110"": 20, ""11111"": 4}"
5,0,74000,548227746,3,parity_3,1.8849555921538759,512,26,8,12,"{""rz"": 21, ""cx"": 12, ""sx"": 8, ""measure"": 5, ""barrier"": 1}","{""00000"": 6, ""00001"": 22, ""00010"": 25, ""00011"": 12, ""00100"": 17, ""00101"": 8, ""00110"": 8, ""00111"": 22, ""01000"": 29, ""01001"": 9, ""01010"": 9, ""01011"": 26, ""01100"": 9, ""01101"": 16, ""01110"": 20, ""01111"": 6, ""10000"": 22, ""10001"": 7, ""10010"": 9, ""10011"": 20, ""10100"": 6, ""10101"": 24, ""10110"": 24, ""10111"": 2, ""11000"": 8, ""11001"": 27, ""11010"": 26, ""11011"": 6, ""11100"": 41, ""11101"": 10, ""11110"": 7, ""11111"": 29}"
5,0,74000,3568809428,3,parity_4,2.5132741228718345,512,26,8,12,"{""rz"": 21, ""cx"": 12, ""sx"": 8, ""measure"": 5, ""barrier"": 1}","{""00000"": 31, ""00001"": 4, ""00010"": 8, ""00011"": 20, ""00100"": 9, ""00101"": 15, ""00110"": 27, ""00111"": 10, ""01000"": 9, ""01001"": 24, ""01010"": 30, ""01011"": 3, ""01100"": 21, ""01101"": 8, ""01110"": 7, ""01111"": 26, ""10000"": 9, ""10001"": 14, ""10010"": 25, ""10011"": 9, ""10100"": 25, ""10101"": 5, ""10110"": 11, ""10111"": 21, ""11000"": 25, ""11001"": 12, ""11010"": 7, ""11011"": 30, ""11100"": 8, ""11101"": 21, ""11110"": 32, ""11111"": 6}"
5,0,74000,652018587,5,population,,512,36,5,20,"{""cx"": 20, ""rz"": 10, ""sx"": 5, ""measure"": 5, ""barrier"": 1}","{""00000"": 188, ""00001"": 12, ""00010"": 12, ""00011"": 9, ""00100"": 7, ""00101"": 1, ""00111"": 8, ""01000"": 6, ""01001"": 1, ""01010"": 1, ""01011"": 3, ""01110"": 1, ""01111"": 19, ""10000"": 10, ""10001"": 2, ""10010"": 1, ""10011"": 2, ""10100"": 4, ""10110"": 1, ""10111"": 9, ""11000"": 9, ""11010"": 2, ""11011"": 15, ""11100"": 6, ""11101"": 12, ""11110"": 18, ""11111"": 153}"
5,0,74000,3700525000,5,parity_0,0.0,512,40,10,20,"{""rz"": 25, ""cx"": 20, ""sx"": 10, ""measure"": 5, ""barrier"": 1}","{""00000"": 27, ""00001"": 3, ""00010"": 7, ""00011"": 18, ""00100"": 13, ""00101"": 22, ""00110"": 18, ""00111"": 5, ""01000"": 11, ""01001"": 37, ""01010"": 26, ""01011"": 6, ""01100"": 23, ""01101"": 7, ""01110"": 10, ""01111"": 28, ""10000"": 10, ""10001"": 30, ""10010"": 29, ""10011"": 7, ""10100"": 19, ""10101"": 11, ""10110"": 4, ""10111"": 18, ""11000"": 29, ""11001"": 7, ""11010"": 8, ""11011"": 25, ""11100"": 7, ""11101"": 14, ""11110"": 25, ""11111"": 8}"
5,0,74000,1606701125,5,parity_1,0.6283185307179586,512,40,10,20,"{""rz"": 25, ""cx"": 20, ""sx"": 10, ""measure"": 5, ""barrier"": 1}","{""00000"": 5, ""00001"": 27, ""00010"": 29, ""00011"": 10, ""00100"": 28, ""00101"": 8, ""00110"": 10, ""00111"": 21, ""01000"": 29, ""01001"": 15, ""01010"": 11, ""01011"": 16, ""01100"": 8, ""01101"": 19, ""01110"": 25, ""01111"": 10, ""10000"": 21, ""10001"": 7, ""10010"": 8, ""10011"": 24, ""10100"": 13, ""10101"": 27, ""10110"": 27, ""10111"": 2, ""11000"": 11, ""11001"": 22, ""11010"": 18, ""11011"": 6, ""11100"": 18, ""11101"": 2, ""11110"": 7, ""11111"": 28}"
5,0,74000,4066382488,5,parity_2,1.2566370614359172,512,40,10,20,"{""rz"": 25, ""cx"": 20, ""sx"": 10, ""measure"": 5, ""barrier"": 1}","{""00000"": 19, ""00001"": 9, ""00010"": 8, ""00011"": 28, ""00100"": 9, ""00101"": 30, ""00110"": 19, ""00111"": 9, ""01000"": 11, ""01001"": 24, ""01010"": 28, ""01011"": 4, ""01100"": 24, ""01101"": 9, ""01110"": 3, ""01111"": 21, ""10000"": 11, ""10001"": 24, ""10010"": 24, ""10011"": 9, ""10100"": 25, ""10101"": 8, ""10110"": 12, ""10111"": 26, ""11000"": 24, ""11001"": 5, ""11010"": 7, ""11011"": 18, ""11100"": 9, ""11101"": 24, ""11110"": 26, ""11111"": 5}"
5,0,74000,3023479256,5,parity_3,1.8849555921538759,512,40,10,20,"{""rz"": 25, ""cx"": 20, ""sx"": 10, ""measure"": 5, ""barrier"": 1}","{""00000"": 9, ""00001"": 15, ""00010"": 29, ""00011"": 8, ""00100"": 18, ""00101"": 8, ""00110"": 4, ""00111"": 17, ""01000"": 20, ""01001"": 7, ""01010"": 9, ""01011"": 22, ""01100"": 9, ""01101"": 23, ""01110"": 23, ""01111"": 4, ""10000"": 22, ""10001"": 13, ""10010"": 19, ""10011"": 29, ""10100"": 5, ""10101"": 28, ""10110"": 26, ""10111"": 7, ""11000"": 16, ""11001"": 28, ""11010"": 18, ""11011"": 12, ""11100"": 24, ""11101"": 2, ""11110"": 15, ""11111"": 23}"
5,0,74000,1064937198,5,parity_4,2.5132741228718345,512,40,10,20,"{""rz"": 25, ""cx"": 20, ""sx"": 10, ""measure"": 5, ""barrier"": 1}","{""00000"": 26, ""00001"": 8, ""00010"": 7, ""00011"": 30, ""00100"": 12, ""00101"": 18, ""00110"": 28, ""00111"": 6, ""01000"": 11, ""01001"": 33, ""01010"": 31, ""01011"": 13, ""01100"": 16, ""01101"": 6, ""01110"": 12, ""01111"": 20, ""10000"": 7, ""10001"": 28, ""10010"": 25, ""10011"": 4, ""10100"": 19, ""10101"": 4, ""10110"": 11, ""10111"": 18, ""11000"": 21, ""11001"": 9, ""11010"": 5, ""11011"": 30, ""11100"": 10, ""11101"": 15, ""11110"": 23, ""11111"": 6}"
5,1,74001,1386086175,1,population,,512,8,1,4,"{""measure"": 5, ""cx"": 4, ""rz"": 2, ""sx"": 1, ""barrier"": 1}","{""00000"": 222, ""00001"": 9, ""00010"": 5, ""00011"": 1, ""00100"": 5, ""00111"": 2, ""01000"": 10, ""01001"": 1, ""01011"": 1, ""01111"": 9, ""10000"": 7, ""10010"": 1, ""10111"": 14, ""11000"": 3, ""11011"": 16, ""11100"": 1, ""11101"": 6, ""11110"": 8, ""11111"": 191}"
5,1,74001,857957504,1,parity_0,0.0,512,12,6,4,"{""rz"": 17, ""sx"": 6, ""measure"": 5, ""cx"": 4, ""barrier"": 1}","{""00000"": 28, ""00001"": 7, ""00010"": 6, ""00011"": 31, ""00100"": 11, ""00101"": 28, ""00110"": 25, ""00111"": 8, ""01000"": 5, ""01001"": 26, ""01010"": 27, ""01011"": 12, ""01100"": 29, ""01101"": 4, ""01110"": 7, ""01111"": 19, ""10000"": 8, ""10001"": 26, ""10010"": 20, ""10011"": 8, ""10100"": 17, ""10101"": 8, ""10110"": 6, ""10111"": 22, ""11000"": 27, ""11001"": 7, ""11010"": 2, ""11011"": 19, ""11100"": 10, ""11101"": 26, ""11110"": 28, ""11111"": 5}"
5,1,74001,893591046,1,parity_1,0.6283185307179586,512,12,6,4,"{""rz"": 17, ""sx"": 6, ""measure"": 5, ""cx"": 4, ""barrier"": 1}","{""00000"": 6, ""00001"": 31, ""00010"": 23, ""00011"": 13, ""00100"": 24, ""00101"": 4, ""00110"": 7, ""00111"": 20, ""01000"": 27, ""01001"": 6, ""01010"": 4, ""01011"": 27, ""01100"": 10, ""01101"": 25, ""01110"": 19, ""01111"": 6, ""10000"": 23, ""10001"": 6, ""10010"": 5, ""10011"": 18, ""10100"": 9, ""10101"": 28, ""10110"": 21, ""10111"": 6, ""11000"": 2, ""11001"": 26, ""11010"": 23, ""11011"": 9, ""11100"": 36, ""11101"": 9, ""11110"": 7, ""11111"": 32}"
5,1,74001,1164318468,1,parity_2,1.2566370614359172,512,12,6,4,"{""rz"": 17, ""sx"": 6, ""measure"": 5, ""cx"": 4, ""barrier"": 1}","{""00000"": 29, ""00001"": 6, ""00010"": 8, ""00011"": 28, ""00100"": 6, ""00101"": 23, ""00110"": 34, ""00111"": 2, ""01000"": 5, ""01001"": 28, ""01010"": 27, ""01011"": 8, ""01100"": 37, ""01101"": 6, ""01110"": 4, ""01111"": 17, ""10000"": 5, ""10001"": 25, ""10010"": 31, ""10011"": 2, ""10100"": 29, ""10101"": 7, ""10110"": 9, ""10111"": 17, ""11000"": 20, ""11001"": 12, ""11010"": 5, ""11011"": 30, ""11100"": 5, ""11101"": 20, ""11110"": 24, ""11111"": 3}"
5,1,74001,2972569563,1,parity_3,1.8849555921538759,512,12,6,4,"{""rz"": 17, ""sx"": 6, ""measure"": 5, ""cx"": 4, ""barrier"": 1}","{""00000"": 11, ""00001"": 20, ""00010"": 31, ""00011"": 3, ""00100"": 20, ""00101"": 8, ""00110"": 6, ""00111"": 30, ""01000"": 36, ""01001"": 4, ""01010"": 6, ""01011"": 28, ""01100"": 12, ""01101"": 22, ""01110"": 21, ""01111"": 2, ""10000"": 31, ""10001"": 7, ""10010"": 7, ""10011"": 29, ""10100"": 7, ""10101"": 26, ""10110"": 19, ""10111"": 6, ""11000"": 7, ""11001"": 17, ""11010"": 20, ""11011"": 3, ""11100"": 35, ""11101"": 12, ""11110"": 5, ""11111"": 21}"
5,1,74001,2914208617,1,parity_4,2.5132741228718345,512,12,6,4,"{""rz"": 17, ""sx"": 6, ""measure"": 5, ""cx"": 4, ""barrier"": 1}","{""00000"": 35, ""00001"": 8, ""00010"": 7, ""00011"": 25, ""00100"": 8, ""00101"": 20, ""00110"": 24, ""00111"": 4, ""01000"": 3, ""01001"": 16, ""01010"": 30, ""01011"": 5, ""01100"": 25, ""01101"": 13, ""01110"": 7, ""01111"": 23, ""10000"": 7, ""10001"": 23, ""10010"": 29, ""10011"": 8, ""10100"": 27, ""10101"": 4, ""10110"": 5, ""10111"": 30, ""11000"": 30, ""11001"": 4, ""11010"": 4, ""11011"": 28, ""11100"": 2, ""11101"": 17, ""11110"": 35, ""11111"": 6}"
5,1,74001,302515353,3,population,,512,22,3,12,"{""cx"": 12, ""rz"": 6, ""measure"": 5, ""sx"": 3, ""barrier"": 1}","{""00000"": 195, ""00001"": 11, ""00010"": 11, ""00011"": 3, ""00100"": 8, ""00111"": 7, ""01000"": 5, ""01010"": 1, ""01011"": 2, ""01100"": 1, ""01111"": 15, ""10000"": 10, ""10010"": 1, ""10011"": 2, ""10100"": 1, ""10101"": 1, ""10110"": 2, ""10111"": 17, ""11000"": 5, ""11010"": 2, ""11011"": 15, ""11100"": 3, ""11101"": 16, ""11110"": 20, ""11111"": 158}"
5,1,74001,3269095976,3,parity_0,0.0,512,26,8,12,"{""rz"": 21, ""cx"": 12, ""sx"": 8, ""measure"": 5, ""barrier"": 1}","{""00000"": 40, ""00001"": 7, ""00010"": 9, ""00011"": 25, ""00100"": 5, ""00101"": 20, ""00110"": 21, ""00111"": 10, ""01000"": 4, ""01001"": 23, ""01010"": 24, ""01011"": 7, ""01100"": 27, ""01101"": 3, ""01110"": 3, ""01111"": 32, ""10000"": 2, ""10001"": 25, ""10010"": 23, ""10011"": 6, ""10100"": 18, ""10101"": 5, ""10110"": 8, ""10111"": 29, ""11000"": 27, ""11001"": 10, ""11010"": 10, ""11011"": 30, ""11100"": 2, ""11101"": 23, ""11110"": 24, ""11111"": 10}"
5,1,74001,394557863,3,parity_1,0.6283185307179586,512,26,8,12,"{""rz"": 21, ""cx"": 12, ""sx"": 8, ""measure"": 5, ""barrier"": 1}","{""00000"": 10, ""00001"": 21, ""00010"": 28, ""00011"": 9, ""00100"": 19, ""00101"": 6, ""00110"": 8, ""00111"": 27, ""01000"": 28, ""01001"": 10, ""01010"": 6, ""01011"": 25, ""01100"": 8, ""01101"": 24, ""01110"": 20, ""01111"": 6, ""10000"": 33, ""10001"": 8, ""10010"": 6, ""10011"": 26, ""10100"": 3, ""10101"": 38, ""10110"": 23, ""10111"": 5, ""11000"": 4, ""11001"": 21, ""11010"": 19, ""11011"": 7, ""11100"": 28, ""11101"": 9, ""11110"": 9, ""11111"": 18}"
5,1,74001,4172924104,3,parity_2,1.2566370614359172,512,26,8,12,"{""rz"": 21, ""cx"": 12, ""sx"": 8, ""measure"": 5, ""barrier"": 1}","{""00000"": 21, ""00001"": 9, ""00010"": 8, ""00011"": 22, ""00100"": 5, ""00101"": 32, ""00110"": 25, ""00111"": 6, ""01000"": 7, ""01001"": 24, ""01010"": 28, ""01011"": 6, ""01100"": 16, ""01101"": 6, ""01110"": 6, ""01111"": 18, ""10000"": 12, ""10001"": 28, ""10010"": 31, ""10011"": 8, ""10100"": 23, ""10101"": 7, ""10110"": 10, ""10111"": 23, ""11000"": 26, ""11001"": 9, ""11010"": 8, ""11011"": 25, ""11100"": 8, ""11101"": 24, ""11110"": 25, ""11111"": 6}"
5,1,74001,3240021151,3,parity_3,1.8849555921538759,512,26,8,12,"{""rz"": 21, ""cx"": 12, ""sx"": 8, ""measure"": 5, ""barrier"": 1}","{""00000"": 5, ""00001"": 27, ""00010"": 27, ""00011"": 9, ""00100"": 20, ""00101"": 10, ""00110"": 10, ""00111"": 23, ""01000"": 31, ""01001"": 10, ""01010"": 9, ""01011"": 22, ""01100"": 10, ""01101"": 21, ""01110"": 21, ""01111"": 8, ""10000"": 29, ""10001"": 4, ""10010"": 8, ""10011"": 21, ""10100"": 9, ""10101"": 24, ""10110"": 26, ""10111"": 11, ""11000"": 11, ""11001"": 25, ""11010"": 22, ""11011"": 8, ""11100"": 18, ""11101"": 4, ""11110"": 5, ""11111"": 24}"
5,1,74001,17730567,3,parity_4,2.5132741228718345,512,26,8,12,"{""rz"": 21, ""cx"": 12, ""sx"": 8, ""measure"": 5, ""barrier"": 1}","{""00000"": 25, ""00001"": 5, ""00010"": 5, ""00011"": 32, ""00100"": 8, ""00101"": 22, ""00110"": 21, ""00111"": 11, ""01000"": 7, ""01001"": 35, ""01010"": 25, ""01011"": 8, ""01100"": 24, ""01101"": 6, ""01110"": 3, ""01111"": 18, ""10000"": 10, ""10001"": 25, ""10010"": 21, ""10011"": 8, ""10100"": 27, ""10101"": 13, ""10110"": 9, ""10111"": 24, ""11000"": 25, ""11001"": 5, ""11010"": 10, ""11011"": 28, ""11100"": 8, ""11101"": 23, ""11110"": 17, ""11111"": 4}"
5,1,74001,2886266938,5,population,,512,36,5,20,"{""cx"": 20, ""rz"": 10, ""sx"": 5, ""measure"": 5, ""barrier"": 1}","{""00000"": 179, ""00001"": 9, ""00010"": 11, ""00011"": 8, ""00100"": 11, ""00101"": 1, ""00111"": 4, ""01000"": 7, ""01010"": 1, ""01011"": 2, ""01100"": 1, ""01101"": 1, ""01110"": 3, ""01111"": 12, ""10000"": 12, ""10001"": 4, ""10011"": 2, ""10101"": 1, ""10110"": 2, ""10111"": 14, ""11000"": 5, ""11010"": 2, ""11011"": 15, ""11100"": 11, ""11101"": 14, ""11110"": 15, ""11111"": 165}"
5,1,74001,445441802,5,parity_0,0.0,512,40,10,20,"{""rz"": 25, ""cx"": 20, ""sx"": 10, ""measure"": 5, ""barrier"": 1}","{""00000"": 26, ""00001"": 10, ""00010"": 11, ""00011"": 22, ""00100"": 12, ""00101"": 30, ""00110"": 18, ""00111"": 2, ""01000"": 9, ""01001"": 25, ""01010"": 22, ""01011"": 4, ""01100"": 22, ""01101"": 12, ""01110"": 9, ""01111"": 16, ""10000"": 9, ""10001"": 19, ""10010"": 27, ""10011"": 9, ""10100"": 17, ""10101"": 5, ""10110"": 5, ""10111"": 26, ""11000"": 29, ""11001"": 9, ""11010"": 5, ""11011"": 19, ""11100"": 16, ""11101"": 27, ""11110"": 32, ""11111"": 8}"
5,1,74001,2104012277,5,parity_1,0.6283185307179586,512,40,10,20,"{""rz"": 25, ""cx"": 20, ""sx"": 10, ""measure"": 5, ""barrier"": 1}","{""00000"": 13, ""00001"": 18, ""00010"": 31, ""00011"": 11, ""00100"": 22, ""00101"": 9, ""00110"": 10, ""00111"": 29, ""01000"": 22, ""01001"": 4, ""01010"": 6, ""01011"": 29, ""01100"": 6, ""01101"": 22, ""01110"": 23, ""01111"": 11, ""10000"": 23, ""10001"": 8, ""10010"": 12, ""10011"": 23, ""10100"": 5, ""10101"": 21, ""10110"": 19, ""10111"": 8, ""11000"": 7, ""11001"": 24, ""11010"": 21, ""11011"": 15, ""11100"": 25, ""11101"": 8, ""11110"": 7, ""11111"": 20}"
5,1,74001,1946783231,5,parity_2,1.2566370614359172,512,40,10,20,"{""rz"": 25, ""cx"": 20, ""sx"": 10, ""measure"": 5, ""barrier"": 1}","{""00000"": 27, ""00001"": 7, ""00010"": 11, ""00011"": 20, ""00100"": 7, ""00101"": 29, ""00110"": 20, ""00111"": 7, ""01000"": 7, ""01001"": 19, ""01010"": 29, ""01011"": 5, ""01100"": 26, ""01101"": 7, ""01110"": 10, ""01111"": 19, ""10000"": 9, ""10001"": 20, ""10010"": 27, ""10011"": 7, ""10100"": 28, ""10101"": 7, ""10110"": 8, ""10111"": 22, ""11000"": 34, ""11001"": 10, ""11010"": 4, ""11011"": 22, ""11100"": 6, ""11101"": 29, ""11110"": 22, ""11111"": 7}"
5,1,74001,2052608566,5,parity_3,1.8849555921538759,512,40,10,20,"{""rz"": 25, ""cx"": 20, ""sx"": 10, ""measure"": 5, ""barrier"": 1}","{""00000"": 9, ""00001"": 33, ""00010"": 24, ""00011"": 10, ""00100"": 22, ""00101"": 13, ""00110"": 7, ""00111"": 23, ""01000"": 20, ""01001"": 5, ""01010"": 5, ""01011"": 24, ""01100"": 9, ""01101"": 22, ""01110"": 13, ""01111"": 10, ""10000"": 31, ""10001"": 4, ""10010"": 7, ""10011"": 22, ""10100"": 7, ""10101"": 31, ""10110"": 21, ""10111"": 7, ""11000"": 11, ""11001"": 27, ""11010"": 21, ""11011"": 9, ""11100"": 21, ""11101"": 10, ""11110"": 7, ""11111"": 27}"
5,1,74001,4179404700,5,parity_4,2.5132741228718345,512,40,10,20,"{""rz"": 25, ""cx"": 20, ""sx"": 10, ""measure"": 5, ""barrier"": 1}","{""00000"": 22, ""00001"": 12, ""00010"": 11, ""00011"": 21, ""00100"": 8, ""00101"": 28, ""00110"": 20, ""00111"": 7, ""01000"": 8, ""01001"": 24, ""01010"": 34, ""01011"": 6, ""01100"": 19, ""01101"": 7, ""01110"": 9, ""01111"": 17, ""10000"": 13, ""10001"": 22, ""10010"": 21, ""10011"": 11, ""10100"": 21, ""10101"": 9, ""10110"": 15, ""10111"": 23, ""11000"": 22, ""11001"": 10, ""11010"": 6, ""11011"": 24, ""11100"": 8, ""11101"": 23, ""11110"": 24, ""11111"": 7}"
5,2,74002,1160088558,1,population,,512,8,1,4,"{""measure"": 5, ""cx"": 4, ""rz"": 2, ""sx"": 1, ""barrier"": 1}","{""00000"": 210, ""00001"": 13, ""00010"": 5, ""00011"": 4, ""00100"": 8, ""00111"": 1, ""01000"": 6, ""01001"": 1, ""01110"": 1, ""01111"": 12, ""10000"": 8, ""10011"": 1, ""10100"": 1, ""10101"": 1, ""10110"": 1, ""10111"": 6, ""11000"": 2, ""11001"": 2, ""11011"": 16, ""11100"": 1, ""11101"": 9, ""11110"": 9, ""11111"": 194}"
5,2,74002,1444294865,1,parity_0,0.0,512,12,6,4,"{""rz"": 17, ""sx"": 6, ""measure"": 5, ""cx"": 4, ""barrier"": 1}","{""00000"": 26, ""00001"": 1, ""00010"": 1, ""00011"": 31, ""00100"": 7, ""00101"": 28, ""00110"": 26, ""00111"": 6, ""01000"": 3, ""01001"": 23, ""01010"": 26, ""01011"": 7, ""01100"": 27, ""01101"": 2, ""01110"": 9, ""01111"": 29, ""10000"": 9, ""10001"": 26, ""10010"": 31, ""10011"": 7, ""10100"": 28, ""10101"": 4, ""10110"": 8, ""10111"": 22, ""11000"": 23, ""11001"": 8, ""11010"": 10, ""11011"": 35, ""11100"": 5, ""11101"": 15, ""11110"": 21, ""11111"": 8}"
5,2,74002,2501448482,1,parity_1,0.6283185307179586,512,12,6,4,"{""rz"": 17, ""sx"": 6, ""measure"": 5, ""cx"": 4, ""barrier"": 1}","{""00000"": 7, ""00001"": 18, ""00010"": 25, ""00011"": 14, ""00100"": 31, ""00101"": 14, ""00110"": 7, ""00111"": 25, ""01000"": 28, ""01001"": 4, ""01010"": 5, ""01011"": 23, ""01100"": 7, ""01101"": 20, ""01110"": 21, ""01111"": 2, ""10000"": 23, ""10001"": 10, ""10010"": 7, ""10011"": 24, ""10100"": 6, ""10101"": 28, ""10110"": 31, ""10111"": 3, ""11000"": 7, ""11001"": 28, ""11010"": 27, ""11011"": 6, ""11100"": 23, ""11101"": 4, ""11110"": 2, ""11111"": 32}"
5,2,74002,644966987,1,parity_2,1.2566370614359172,512,12,6,4,"{""rz"": 17, ""sx"": 6, ""measure"": 5, ""cx"": 4, ""barrier"": 1}","{""00000"": 26, ""00001"": 5, ""00010"": 4, ""00011"": 29, ""00100"": 12, ""00101"": 28, ""00110"": 30, ""00111"": 5, ""01000"": 7, ""01001"": 18, ""01010"": 32, ""01011"": 5, ""01100"": 26, ""01101"": 3, ""01110"": 9, ""01111"": 26, ""10000"": 9, ""10001"": 32, ""10010"": 17, ""10011"": 4, ""10100"": 23, ""10101"": 7, ""10110"": 7, ""10111"": 30, ""11000"": 29, ""11001"": 7, ""11010"": 6, ""11011"": 13, ""11100"": 6, ""11101"": 23, ""11110"": 29, ""11111"": 5}"
5,2,74002,1735429241,1,parity_3,1.8849555921538759,512,12,6,4,"{""rz"": 17, ""sx"": 6, ""measure"": 5, ""cx"": 4, ""barrier"": 1}","{""00000"": 9, ""00001"": 27, ""00010"": 26, ""00011"": 6, ""00100"": 28, ""00101"": 11, ""00110"": 9, ""00111"": 24, ""01000"": 25, ""01001"": 4, ""01010"": 7, ""01011"": 24, ""01100"": 6, ""01101"": 30, ""01110"": 33, ""01111"": 3, ""10000"": 20, ""10001"": 6, ""10010"": 3, ""10011"": 25, ""10100"": 12, ""10101"": 24, ""10110"": 23, ""10111"": 6, ""11000"": 9, ""11001"": 27, ""11010"": 20, ""11011"": 4, ""11100"": 20, ""11101"": 5, ""11110"": 10, ""11111"": 26}"
5,2,74002,2920443016,1,parity_4,2.5132741228718345,512,12,6,4,"{""rz"": 17, ""sx"": 6, ""measure"": 5, ""cx"": 4, ""barrier"": 1}","{""00000"": 40, ""00001"": 12, ""00010"": 10, ""00011"": 25, ""00100"": 4, ""00101"": 35, ""00110"": 24, ""00111"": 6, ""01000"": 7, ""01001"": 24, ""01010"": 29, ""01011"": 2, ""01100"": 23, ""01101"": 5, ""01110"": 4, ""01111"": 18, ""10000"": 6, ""10001"": 21, ""10010"": 23, ""10011"": 7, ""10100"": 21, ""10101"": 6, ""10110"": 3, ""10111"": 30, ""11000"": 26, ""11001"": 3, ""11010"": 9, ""11011"": 25, ""11100"": 8, ""11101"": 28, ""11110"": 23, ""11111"": 5}"
5,2,74002,1837328385,3,population,,512,22,3,12,"{""cx"": 12, ""rz"": 6, ""measure"": 5, ""sx"": 3, ""barrier"": 1}","{""00000"": 188, ""00001"": 14, ""00010"": 6, ""00011"": 3, ""00100"": 7, ""00110"": 1, ""00111"": 4, ""01000"": 8, ""01001"": 1, ""01100"": 1, ""01101"": 1, ""01110"": 1, ""01111"": 10, ""10000"": 11, ""10001"": 1, ""10100"": 2, ""10110"": 1, ""10111"": 17, ""11000"": 8, ""11010"": 3, ""11011"": 14, ""11100"": 3, ""11101"": 10, ""11110"": 20, ""11111"": 177}"
5,2,74002,284657207,3,parity_0,0.0,512,26,8,12,"{""rz"": 21, ""cx"": 12, ""sx"": 8, ""measure"": 5, ""barrier"": 1}","{""00000"": 31, ""00001"": 10, ""00010"": 7, ""00011"": 21, ""00100"": 7, ""00101"": 28, ""00110"": 25, ""00111"": 8, ""01000"": 11, ""01001"": 21, ""01010"": 13, ""01011"": 9, ""01100"": 24, ""01101"": 8, ""01110"": 6, ""01111"": 18, ""10000"": 9, ""10001"": 23, ""10010"": 28, ""10011"": 7, ""10100"": 27, ""10101"": 7, ""10110"": 6, ""10111"": 20, ""11000"": 29, ""11001"": 10, ""11010"": 7, ""11011"": 27, ""11100"": 7, ""11101"": 27, ""11110"": 27, ""11111"": 4}"
5,2,74002,3102884176,3,parity_1,0.6283185307179586,512,26,8,12,"{""rz"": 21, ""cx"": 12, ""sx"": 8, ""measure"": 5, ""barrier"": 1}","{""00000"": 15, ""00001"": 27, ""00010"": 29, ""00011"": 8, ""00100"": 28, ""00101"": 3, ""00110"": 11, ""00111"": 32, ""01000"": 16, ""01001"": 5, ""01010"": 10, ""01011"": 22, ""01100"": 1, ""01101"": 16, ""01110"": 30, ""01111"": 6, ""10000"": 27, ""10001"": 8, ""10010"": 11, ""10011"": 29, ""10100"": 3, ""10101"": 27, ""10110"": 19, ""10111"": 6, ""11000"": 3, ""11001"": 25, ""11010"": 26, ""11011"": 8, ""11100"": 24, ""11101"": 4, ""11110"": 3, ""11111"": 30}"
5,2,74002,2971973160,3,parity_2,1.2566370614359172,512,26,8,12,"{""rz"": 21, ""cx"": 12, ""sx"": 8, ""measure"": 5, ""barrier"": 1}","{""00000"": 25, ""00001"": 13, ""00010"": 12, ""00011"": 19, ""00100"": 5, ""00101"": 34, ""00110"": 21, ""00111"": 8, ""01000"": 7, ""01001"": 33, ""01010"": 21, ""01011"": 8, ""01100"": 19, ""01101"": 3, ""01110"": 10, ""01111"": 24, ""10000"": 9, ""10001"": 19, ""10010"": 14, ""10011"": 3, ""10100"": 26, ""10101"": 7, ""10110"": 10, ""10111"": 32, ""11000"": 30, ""11001"": 9, ""11010"": 11, ""11011"": 23, ""11100"": 7, ""11101"": 18, ""11110"": 24, ""11111"": 8}"
5,2,74002,3852480566,3,parity_3,1.8849555921538759,512,26,8,12,"{""rz"": 21, ""cx"": 12, ""sx"": 8, ""measure"": 5, ""barrier"": 1}","{""00000"": 16, ""00001"": 28, ""00010"": 21, ""00011"": 8, ""00100"": 23, ""00101"": 8, ""00110"": 6, ""00111"": 25, ""01000"": 27, ""01001"": 9, ""01010"": 5, ""01011"": 24, ""01100"": 4, ""01101"": 23, ""01110"": 25, ""01111"": 9, ""10000"": 27, ""10001"": 10, ""10010"": 7, ""10011"": 18, ""10100"": 4, ""10101"": 22, ""10110"": 20, ""10111"": 6, ""11000"": 6, ""11001"": 24, ""11010"": 22, ""11011"": 10, ""11100"": 29, ""11101"": 10, ""11110"": 2, ""11111"": 34}"
5,2,74002,1882535203,3,parity_4,2.5132741228718345,512,26,8,12,"{""rz"": 21, ""cx"": 12, ""sx"": 8, ""measure"": 5, ""barrier"": 1}","{""00000"": 25, ""00001"": 4, ""00010"": 11, ""00011"": 22, ""00100"": 10, ""00101"": 21, ""00110"": 31, ""00111"": 7, ""01000"": 7, ""01001"": 27, ""01010"": 20, ""01011"": 6, ""01100"": 26, ""01101"": 10, ""01110"": 5, ""01111"": 19, ""10000"": 13, ""10001"": 20, ""10010"": 36, ""10011"": 5, ""10100"": 25, ""10101"": 7, ""10110"": 7, ""10111"": 26, ""11000"": 22, ""11001"": 7, ""11010"": 5, ""11011"": 19, ""11100"": 6, ""11101"": 33, ""11110"": 27, ""11111"": 3}"
5,2,74002,224292710,5,population,,512,36,5,20,"{""cx"": 20, ""rz"": 10, ""sx"": 5, ""measure"": 5, ""barrier"": 1}","{""00000"": 184, ""00001"": 14, ""00010"": 10, ""00011"": 8, ""00100"": 8, ""00101"": 2, ""00110"": 3, ""00111"": 7, ""01000"": 10, ""01001"": 2, ""01011"": 3, ""01101"": 1, ""01110"": 4, ""01111"": 15, ""10000"": 9, ""10001"": 2, ""10011"": 3, ""10100"": 1, ""10101"": 1, ""10110"": 4, ""10111"": 8, ""11000"": 8, ""11001"": 2, ""11010"": 2, ""11011"": 13, ""11100"": 8, ""11101"": 17, ""11110"": 12, ""11111"": 151}"
5,2,74002,1311563165,5,parity_0,0.0,512,40,10,20,"{""rz"": 25, ""cx"": 20, ""sx"": 10, ""measure"": 5, ""barrier"": 1}","{""00000"": 23, ""00001"": 12, ""00010"": 8, ""00011"": 20, ""00100"": 6, ""00101"": 32, ""00110"": 20, ""00111"": 9, ""01000"": 8, ""01001"": 26, ""01010"": 22, ""01011"": 5, ""01100"": 25, ""01101"": 11, ""01110"": 9, ""01111"": 30, ""10000"": 8, ""10001"": 16, ""10010"": 26, ""10011"": 5, ""10100"": 34, ""10101"": 5, ""10110"": 9, ""10111"": 16, ""11000"": 26, ""11001"": 11, ""11010"": 8, ""11011"": 25, ""11100"": 7, ""11101"": 21, ""11110"": 22, ""11111"": 7}"
5,2,74002,2899808240,5,parity_1,0.6283185307179586,512,40,10,20,"{""rz"": 25, ""cx"": 20, ""sx"": 10, ""measure"": 5, ""barrier"": 1}","{""00000"": 8, ""00001"": 14, ""00010"": 31, ""00011"": 3, ""00100"": 30, ""00101"": 8, ""00110"": 8, ""00111"": 20, ""01000"": 18, ""01001"": 6, ""01010"": 10, ""01011"": 27, ""01100"": 16, ""01101"": 24, ""01110"": 25, ""01111"": 11, ""10000"": 23, ""10001"": 7, ""10010"": 13, ""10011"": 25, ""10100"": 11, ""10101"": 14, ""10110"": 26, ""10111"": 9, ""11000"": 9, ""11001"": 25, ""11010"": 25, ""11011"": 6, ""11100"": 29, ""11101"": 7, ""11110"": 4, ""11111"": 20}"
5,2,74002,3534324081,5,parity_2,1.2566370614359172,512,40,10,20,"{""rz"": 25, ""cx"": 20, ""sx"": 10, ""measure"": 5, ""barrier"": 1}","{""00000"": 28, ""00001"": 14, ""00010"": 9, ""00011"": 14, ""00100"": 6, ""00101"": 29, ""00110"": 14, ""00111"": 8, ""01000"": 9, ""01001"": 24, ""01010"": 28, ""01011"": 11, ""01100"": 20, ""01101"": 8, ""01110"": 7, ""01111"": 25, ""10000"": 10, ""10001"": 20, ""10010"": 25, ""10011"": 7, ""10100"": 21, ""10101"": 8, ""10110"": 9, ""10111"": 31, ""11000"": 24, ""11001"": 7, ""11010"": 13, ""11011"": 26, ""11100"": 6, ""11101"": 18, ""11110"": 27, ""11111"": 6}"
5,2,74002,809987713,5,parity_3,1.8849555921538759,512,40,10,20,"{""rz"": 25, ""cx"": 20, ""sx"": 10, ""measure"": 5, ""barrier"": 1}","{""00000"": 13, ""00001"": 23, ""00010"": 16, ""00011"": 12, ""00100"": 25, ""00101"": 12, ""00110"": 12, ""00111"": 23, ""01000"": 20, ""01001"": 9, ""01010"": 8, ""01011"": 19, ""01100"": 11, ""01101"": 33, ""01110"": 22, ""01111"": 8, ""10000"": 28, ""10001"": 6, ""10010"": 12, ""10011"": 23, ""10100"": 11, ""10101"": 22, ""10110"": 27, ""10111"": 8, ""11000"": 9, ""11001"": 13, ""11010"": 19, ""11011"": 5, ""11100"": 26, ""11101"": 11, ""11110"": 6, ""11111"": 20}"
5,2,74002,2541535687,5,parity_4,2.5132741228718345,512,40,10,20,"{""rz"": 25, ""cx"": 20, ""sx"": 10, ""measure"": 5, ""barrier"": 1}","{""00000"": 31, ""00001"": 11, ""00010"": 8, ""00011"": 19, ""00100"": 8, ""00101"": 23, ""00110"": 35, ""00111"": 9, ""01000"": 9, ""01001"": 26, ""01010"": 24, ""01011"": 3, ""01100"": 24, ""01101"": 10, ""01110"": 2, ""01111"": 21, ""10000"": 5, ""10001"": 23, ""10010"": 20, ""10011"": 9, ""10100"": 30, ""10110"": 9, ""10111"": 21, ""11000"": 25, ""11001"": 11, ""11010"": 10, ""11011"": 25, ""11100"": 4, ""11101"": 28, ""11110"": 22, ""11111"": 7}"
5,3,74003,1662563377,1,population,,512,8,1,4,"{""measure"": 5, ""cx"": 4, ""rz"": 2, ""sx"": 1, ""barrier"": 1}","{""00000"": 200, ""00001"": 7, ""00010"": 8, ""00011"": 2, ""00100"": 8, ""00101"": 1, ""00111"": 2, ""01000"": 8, ""01101"": 1, ""01111"": 15, ""10000"": 9, ""10010"": 1, ""10100"": 2, ""10101"": 1, ""10111"": 5, ""11010"": 1, ""11011"": 14, ""11100"": 3, ""11101"": 9, ""11110"": 11, ""11111"": 204}"
5,3,74003,2323456309,1,parity_0,0.0,512,12,6,4,"{""rz"": 17, ""sx"": 6, ""measure"": 5, ""cx"": 4, ""barrier"": 1}","{""00000"": 31, ""00001"": 8, ""00010"": 5, ""00011"": 19, ""00100"": 8, ""00101"": 35, ""00110"": 27, ""00111"": 3, ""01000"": 6, ""01001"": 22, ""01010"": 33, ""01011"": 2, ""01100"": 25, ""01101"": 5, ""01110"": 11, ""01111"": 19, ""10000"": 4, ""10001"": 26, ""10010"": 26, ""10011"": 6, ""10100"": 27, ""10101"": 11, ""10110"": 10, ""10111"": 22, ""11000"": 20, ""11001"": 3, ""11010"": 8, ""11011"": 23, ""11100"": 8, ""11101"": 31, ""11110"": 25, ""11111"": 3}"
5,3,74003,113378248,1,parity_1,0.6283185307179586,512,12,6,4,"{""rz"": 17, ""sx"": 6, ""measure"": 5, ""cx"": 4, ""barrier"": 1}","{""00000"": 14, ""00001"": 24, ""00010"": 36, ""00011"": 9, ""00100"": 24, ""00101"": 6, ""00110"": 7, ""00111"": 23, ""01000"": 27, ""01001"": 9, ""01010"": 7, ""01011"": 22, ""01100"": 8, ""01101"": 25, ""01110"": 23, ""01111"": 10, ""10000"": 26, ""10001"": 5, ""10010"": 8, ""10011"": 22, ""10100"": 10, ""10101"": 21, ""10110"": 21, ""10111"": 4, ""11000"": 6, ""11001"": 36, ""11010"": 24, ""11011"": 1, ""11100"": 17, ""11101"": 6, ""11110"": 3, ""11111"": 28}"
5,3,74003,3835445881,1,parity_2,1.2566370614359172,512,12,6,4,"{""rz"": 17, ""sx"": 6, ""measure"": 5, ""cx"": 4, ""barrier"": 1}","{""00000"": 26, ""00001"": 8, ""00010"": 9, ""00011"": 23, ""00100"": 10, ""00101"": 22, ""00110"": 18, ""00111"": 5, ""01000"": 4, ""01001"": 19, ""01010"": 18, ""01011"": 9, ""01100"": 28, ""01101"": 4, ""01110"": 5, ""01111"": 24, ""10000"": 12, ""10001"": 29, ""10010"": 34, ""10011"": 12, ""10100"": 25, ""10101"": 3, ""10110"": 5, ""10111"": 40, ""11000"": 30, ""11001"": 5, ""11010"": 3, ""11011"": 17, ""11100"": 8, ""11101"": 23, ""11110"": 26, ""11111"": 8}"
5,3,74003,749491483,1,parity_3,1.8849555921538759,512,12,6,4,"{""rz"": 17, ""sx"": 6, ""measure"": 5, ""cx"": 4, ""barrier"": 1}","{""00000"": 8, ""00001"": 23, ""00010"": 24, ""00011"": 9, ""00100"": 30, ""00101"": 11, ""00110"": 1, ""00111"": 28, ""01000"": 32, ""01001"": 6, ""01010"": 9, ""01011"": 21, ""01100"": 6, ""01101"": 23, ""01110"": 26, ""01111"": 2, ""10000"": 28, ""10001"": 5, ""10010"": 4, ""10011"": 20, ""10100"": 5, ""10101"": 30, ""10110"": 26, ""10111"": 2, ""11000"": 8, ""11001"": 25, ""11010"": 35, ""11011"": 6, ""11100"": 28, ""11101"": 4, ""11110"": 3, ""11111"": 24}"
5,3,74003,210855554,1,parity_4,2.5132741228718345,512,12,6,4,"{""rz"": 17, ""sx"": 6, ""measure"": 5, ""cx"": 4, ""barrier"": 1}","{""00000"": 28, ""00001"": 9, ""00010"": 12, ""00011"": 21, ""00100"": 6, ""00101"": 25, ""00110"": 26, ""00111"": 6, ""01000"": 4, ""01001"": 30, ""01010"": 19, ""01011"": 6, ""01100"": 44, ""01101"": 9, ""01110"": 4, ""01111"": 24, ""10000"": 11, ""10001"": 17, ""10010"": 25, ""10011"": 5, ""10100"": 23, ""10101"": 9, ""10110"": 2, ""10111"": 17, ""11000"": 24, ""11001"": 8, ""11010"": 7, ""11011"": 35, ""11100"": 7, ""11101"": 22, ""11110"": 25, ""11111"": 2}"
5,3,74003,2858061292,3,population,,512,22,3,12,"{""cx"": 12, ""rz"": 6, ""measure"": 5, ""sx"": 3, ""barrier"": 1}","{""00000"": 190, ""00001"": 10, ""00010"": 10, ""00011"": 7, ""00100"": 7, ""00101"": 1, ""00110"": 2, ""00111"": 2, ""01000"": 10, ""01001"": 1, ""01010"": 1, ""01011"": 2, ""01101"": 1, ""01110"": 2, ""01111"": 13, ""10000"": 9, ""10010"": 1, ""10100"": 1, ""10111"": 8, ""11000"": 5, ""11001"": 1, ""11010"": 1, ""11011"": 14, ""11100"": 4, ""11101"": 5, ""11110"": 18, ""11111"": 186}"
5,3,74003,3081955187,3,parity_0,0.0,512,26,8,12,"{""rz"": 21, ""cx"": 12, ""sx"": 8, ""measure"": 5, ""barrier"": 1}","{""00000"": 24, ""00001"": 12, ""00010"": 7, ""00011"": 30, ""00100"": 6, ""00101"": 24, ""00110"": 22, ""00111"": 2, ""01000"": 10, ""01001"": 22, ""01010"": 35, ""01011"": 4, ""01100"": 29, ""01101"": 7, ""01110"": 8, ""01111"": 28, ""10000"": 8, ""10001"": 26, ""10010"": 26, ""10011"": 7, ""10100"": 21, ""10101"": 9, ""10110"": 4, ""10111"": 27, ""11000"": 22, ""11001"": 9, ""11010"": 2, ""11011"": 19, ""11100"": 7, ""11101"": 20, ""11110"": 27, ""11111"": 8}"
5,3,74003,475496275,3,parity_1,0.6283185307179586,512,26,8,12,"{""rz"": 21, ""cx"": 12, ""sx"": 8, ""measure"": 5, ""barrier"": 1}","{""00000"": 7, ""00001"": 26, ""00010"": 29, ""00011"": 6, ""00100"": 22, ""00101"": 6, ""00110"": 7, ""00111"": 25, ""01000"": 28, ""01001"": 4, ""01010"": 4, ""01011"": 34, ""01100"": 6, ""01101"": 23, ""01110"": 24, ""01111"": 7, ""10000"": 25, ""10001"": 8, ""10010"": 6, ""10011"": 23, ""10100"": 12, ""10101"": 21, ""10110"": 30, ""10111"": 8, ""11000"": 4, ""11001"": 23, ""11010"": 28, ""11011"": 9, ""11100"": 21, ""11101"": 4, ""11110"": 7, ""11111"": 25}"
5,3,74003,422235901,3,parity_2,1.2566370614359172,512,26,8,12,"{""rz"": 21, ""cx"": 12, ""sx"": 8, ""measure"": 5, ""barrier"": 1}","{""00000"": 28, ""00001"": 7, ""00010"": 4, ""00011"": 24, ""00100"": 7, ""00101"": 27, ""00110"": 27, ""00111"": 8, ""01000"": 8, ""01001"": 24, ""01010"": 32, ""01011"": 5, ""01100"": 33, ""01101"": 5, ""01110"": 8, ""01111"": 18, ""10000"": 6, ""10001"": 29, ""10010"": 15, ""10011"": 3, ""10100"": 29, ""10101"": 6, ""10110"": 5, ""10111"": 22, ""11000"": 29, ""11001"": 9, ""11010"": 6, ""11011"": 21, ""11100"": 7, ""11101"": 29, ""11110"": 28, ""11111"": 3}"
5,3,74003,1853138885,3,parity_3,1.8849555921538759,512,26,8,12,"{""rz"": 21, ""cx"": 12, ""sx"": 8, ""measure"": 5, ""barrier"": 1}","{""00000"": 11, ""00001"": 33, ""00010"": 19, ""00011"": 6, ""00100"": 30, ""00101"": 13, ""00110"": 5, ""00111"": 21, ""01000"": 24, ""01001"": 7, ""01010"": 7, ""01011"": 26, ""01100"": 7, ""01101"": 20, ""01110"": 28, ""01111"": 4, ""10000"": 31, ""10001"": 11, ""10010"": 13, ""10011"": 16, ""10100"": 5, ""10101"": 26, ""10110"": 27, ""10111"": 4, ""11000"": 11, ""11001"": 24, ""11010"": 19, ""11011"": 8, ""11100"": 24, ""11101"": 4, ""11110"": 6, ""11111"": 22}"
5,3,74003,1780817881,3,parity_4,2.5132741228718345,512,26,8,12,"{""rz"": 21, ""cx"": 12, ""sx"": 8, ""measure"": 5, ""barrier"": 1}","{""00000"": 24, ""00001"": 8, ""00010"": 14, ""00011"": 27, ""00100"": 9, ""00101"": 30, ""00110"": 12, ""00111"": 6, ""01000"": 8, ""01001"": 24, ""01010"": 22, ""01011"": 7, ""01100"": 25, ""01101"": 2, ""01110"": 11, ""01111"": 21, ""10000"": 9, ""10001"": 25, ""10010"": 25, ""10011"": 8, ""10100"": 29, ""10101"": 4, ""10110"": 9, ""10111"": 27, ""11000"": 23, ""11001"": 7, ""11010"": 12, ""11011"": 17, ""11100"": 5, ""11101"": 29, ""11110"": 25, ""11111"": 8}"
5,3,74003,612194997,5,population,,512,36,5,20,"{""cx"": 20, ""rz"": 10, ""sx"": 5, ""measure"": 5, ""barrier"": 1}","{""00000"": 182, ""00001"": 14, ""00010"": 11, ""00011"": 11, ""00100"": 8, ""00101"": 1, ""00110"": 5, ""00111"": 12, ""01000"": 10, ""01100"": 1, ""01101"": 3, ""01111"": 11, ""10000"": 10, ""10010"": 1, ""10011"": 2, ""10100"": 1, ""10110"": 2, ""10111"": 8, ""11000"": 7, ""11001"": 4, ""11011"": 9, ""11100"": 8, ""11101"": 14, ""11110"": 20, ""11111"": 157}"
5,3,74003,4262157305,5,parity_0,0.0,512,40,10,20,"{""rz"": 25, ""cx"": 20, ""sx"": 10, ""measure"": 5, ""barrier"": 1}","{""00000"": 21, ""00001"": 11, ""00010"": 14, ""00011"": 34, ""00100"": 9, ""00101"": 30, ""00110"": 23, ""00111"": 9, ""01000"": 7, ""01001"": 18, ""01010"": 13, ""01011"": 5, ""01100"": 19, ""01101"": 8, ""01110"": 14, ""01111"": 26, ""10000"": 11, ""10001"": 19, ""10010"": 27, ""10011"": 7, ""10100"": 30, ""10101"": 2, ""10110"": 7, ""10111"": 25, ""11000"": 23, ""11001"": 3, ""11010"": 5, ""11011"": 23, ""11100"": 9, ""11101"": 28, ""11110"": 23, ""11111"": 9}"
5,3,74003,2060072951,5,parity_1,0.6283185307179586,512,40,10,20,"{""rz"": 25, ""cx"": 20, ""sx"": 10, ""measure"": 5, ""barrier"": 1}","{""00000"": 7, ""00001"": 30, ""00010"": 29, ""00011"": 6, ""00100"": 21, ""00101"": 10, ""00110"": 10, ""00111"": 22, ""01000"": 16, ""01001"": 4, ""01010"": 18, ""01011"": 23, ""01100"": 10, ""01101"": 31, ""01110"": 24, ""01111"": 8, ""10000"": 19, ""10001"": 6, ""10010"": 6, ""10011"": 24, ""10100"": 7, ""10101"": 32, ""10110"": 21, ""10111"": 6, ""11000"": 11, ""11001"": 20, ""11010"": 25, ""11011"": 6, ""11100"": 19, ""11101"": 5, ""11110"": 7, ""11111"": 29}"
5,3,74003,1604532093,5,parity_2,1.2566370614359172,512,40,10,20,"{""rz"": 25, ""cx"": 20, ""sx"": 10, ""measure"": 5, ""barrier"": 1}","{""00000"": 28, ""00001"": 10, ""00010"": 11, ""00011"": 35, ""00100"": 6, ""00101"": 28, ""00110"": 17, ""00111"": 10, ""01000"": 11, ""01001"": 20, ""01010"": 21, ""01011"": 7, ""01100"": 26, ""01101"": 6, ""01110"": 13, ""01111"": 21, ""10000"": 14, ""10001"": 21, ""10010"": 19, ""10011"": 9, ""10100"": 25, ""10101"": 10, ""10110"": 11, ""10111"": 24, ""11000"": 20, ""11001"": 8, ""11010"": 7, ""11011"": 19, ""11100"": 12, ""11101"": 19, ""11110"": 20, ""11111"": 4}"
5,3,74003,1354104209,5,parity_3,1.8849555921538759,512,40,10,20,"{""rz"": 25, ""cx"": 20, ""sx"": 10, ""measure"": 5, ""barrier"": 1}","{""00000"": 10, ""00001"": 23, ""00010"": 22, ""00011"": 14, ""00100"": 31, ""00101"": 7, ""00110"": 11, ""00111"": 18, ""01000"": 30, ""01001"": 9, ""01010"": 8, ""01011"": 22, ""01100"": 5, ""01101"": 20, ""01110"": 18, ""01111"": 10, ""10000"": 21, ""10001"": 9, ""10010"": 12, ""10011"": 23, ""10100"": 11, ""10101"": 22, ""10110"": 22, ""10111"": 4, ""11000"": 10, ""11001"": 20, ""11010"": 22, ""11011"": 10, ""11100"": 25, ""11101"": 5, ""11110"": 14, ""11111"": 24}"
5,3,74003,1104946270,5,parity_4,2.5132741228718345,512,40,10,20,"{""rz"": 25, ""cx"": 20, ""sx"": 10, ""measure"": 5, ""barrier"": 1}","{""00000"": 18, ""00001"": 4, ""00010"": 12, ""00011"": 25, ""00100"": 7, ""00101"": 26, ""00110"": 28, ""00111"": 14, ""01000"": 9, ""01001"": 20, ""01010"": 25, ""01011"": 8, ""01100"": 27, ""01101"": 11, ""01110"": 2, ""01111"": 18, ""10000"": 10, ""10001"": 32, ""10010"": 19, ""10011"": 6, ""10100"": 21, ""10101"": 6, ""10110"": 8, ""10111"": 20, ""11000"": 24, ""11001"": 6, ""11010"": 9, ""11011"": 22, ""11100"": 13, ""11101"": 28, ""11110"": 26, ""11111"": 8}"
5,4,74004,510003039,1,population,,512,8,1,4,"{""measure"": 5, ""cx"": 4, ""rz"": 2, ""sx"": 1, ""barrier"": 1}","{""00000"": 209, ""00001"": 7, ""00010"": 4, ""00011"": 2, ""00100"": 2, ""00110"": 1, ""00111"": 1, ""01000"": 9, ""01010"": 1, ""01101"": 2, ""01110"": 1, ""01111"": 13, ""10000"": 6, ""10010"": 1, ""10011"": 1, ""10101"": 1, ""10110"": 2, ""10111"": 11, ""11000"": 1, ""11001"": 1, ""11011"": 16, ""11100"": 2, ""11101"": 16, ""11110"": 11, ""11111"": 191}"
5,4,74004,1658748679,1,parity_0,0.0,512,12,6,4,"{""rz"": 17, ""sx"": 6, ""measure"": 5, ""cx"": 4, ""barrier"": 1}","{""00000"": 29, ""00001"": 3, ""00010"": 12, ""00011"": 28, ""00100"": 8, ""00101"": 19, ""00110"": 20, ""00111"": 7, ""01000"": 7, ""01001"": 27, ""01010"": 25, ""01011"": 5, ""01100"": 26, ""01101"": 5, ""01110"": 4, ""01111"": 31, ""10000"": 5, ""10001"": 37, ""10010"": 24, ""10011"": 5, ""10100"": 21, ""10101"": 6, ""10110"": 5, ""10111"": 27, ""11000"": 30, ""11001"": 7, ""11010"": 6, ""11011"": 24, ""11100"": 2, ""11101"": 29, ""11110"": 23, ""11111"": 5}"
5,4,74004,2741967826,1,parity_1,0.6283185307179586,512,12,6,4,"{""rz"": 17, ""sx"": 6, ""measure"": 5, ""cx"": 4, ""barrier"": 1}","{""00000"": 6, ""00001"": 30, ""00010"": 17, ""00011"": 10, ""00100"": 23, ""00101"": 12, ""00110"": 9, ""00111"": 29, ""01000"": 25, ""01001"": 5, ""01010"": 8, ""01011"": 23, ""01100"": 9, ""01101"": 18, ""01110"": 35, ""01111"": 10, ""10000"": 26, ""10001"": 11, ""10010"": 4, ""10011"": 24, ""10100"": 3, ""10101"": 27, ""10110"": 26, ""10111"": 8, ""11000"": 6, ""11001"": 19, ""11010"": 21, ""11011"": 4, ""11100"": 24, ""11101"": 10, ""11110"": 8, ""11111"": 22}"
5,4,74004,1270883819,1,parity_2,1.2566370614359172,512,12,6,4,"{""rz"": 17, ""sx"": 6, ""measure"": 5, ""cx"": 4, ""barrier"": 1}","{""00000"": 24, ""00001"": 12, ""00010"": 6, ""00011"": 24, ""00100"": 10, ""00101"": 26, ""00110"": 26, ""00111"": 7, ""01000"": 6, ""01001"": 22, ""01010"": 24, ""01011"": 4, ""01100"": 25, ""01101"": 1, ""01110"": 5, ""01111"": 29, ""10000"": 12, ""10001"": 25, ""10010"": 16, ""10011"": 3, ""10100"": 29, ""10101"": 5, ""10110"": 6, ""10111"": 33, ""11000"": 35, ""11001"": 8, ""11010"": 3, ""11011"": 17, ""11100"": 9, ""11101"": 29, ""11110"": 26, ""11111"": 5}"
5,4,74004,3951629997,1,parity_3,1.8849555921538759,512,12,6,4,"{""rz"": 17, ""sx"": 6, ""measure"": 5, ""cx"": 4, ""barrier"": 1}","{""00000"": 6, ""00001"": 29, ""00010"": 20, ""00011"": 6, ""00100"": 36, ""00101"": 6, ""00110"": 2, ""00111"": 19, ""01000"": 35, ""01001"": 7, ""01010"": 5, ""01011"": 25, ""01100"": 4, ""01101"": 23, ""01110"": 29, ""01111"": 5, ""10000"": 30, ""10001"": 5, ""10010"": 7, ""10011"": 24, ""10100"": 6, ""10101"": 25, ""10110"": 37, ""10111"": 8, ""11000"": 5, ""11001"": 16, ""11010"": 26, ""11011"": 6, ""11100"": 20, ""11101"": 5, ""11110"": 3, ""11111"": 32}"
5,4,74004,1199271945,1,parity_4,2.5132741228718345,512,12,6,4,"{""rz"": 17, ""sx"": 6, ""measure"": 5, ""cx"": 4, ""barrier"": 1}","{""00000"": 18, ""00001"": 6, ""00010"": 10, ""00011"": 24, ""00100"": 8, ""00101"": 26, ""00110"": 25, ""00111"": 7, ""01000"": 9, ""01001"": 25, ""01010"": 22, ""01011"": 8, ""01100"": 29, ""01101"": 7, ""01110"": 2, ""01111"": 28, ""10000"": 4, ""10001"": 24, ""10010"": 24, ""10011"": 2, ""10100"": 33, ""10101"": 9, ""10110"": 4, ""10111"": 18, ""11000"": 27, ""11001"": 6, ""11010"": 9, ""11011"": 22, ""11100"": 10, ""11101"": 31, ""11110"": 35}"
5,4,74004,1300186132,3,population,,512,22,3,12,"{""cx"": 12, ""rz"": 6, ""measure"": 5, ""sx"": 3, ""barrier"": 1}","{""00000"": 183, ""00001"": 17, ""00010"": 9, ""00011"": 4, ""00100"": 7, ""00101"": 1, ""00110"": 2, ""00111"": 7, ""01000"": 13, ""01011"": 1, ""01111"": 10, ""10000"": 7, ""10011"": 1, ""10110"": 1, ""10111"": 9, ""11000"": 2, ""11001"": 1, ""11010"": 2, ""11011"": 9, ""11100"": 7, ""11101"": 14, ""11110"": 18, ""11111"": 187}"
5,4,74004,3328343578,3,parity_0,0.0,512,26,8,12,"{""rz"": 21, ""cx"": 12, ""sx"": 8, ""measure"": 5, ""barrier"": 1}","{""00000"": 26, ""00001"": 8, ""00010"": 7, ""00011"": 26, ""00100"": 8, ""00101"": 29, ""00110"": 25, ""00111"": 8, ""01000"": 8, ""01001"": 28, ""01010"": 22, ""01011"": 5, ""01100"": 29, ""01101"": 9, ""01110"": 5, ""01111"": 24, ""10000"": 3, ""10001"": 25, ""10010"": 22, ""10011"": 6, ""10100"": 17, ""10101"": 9, ""10110"": 6, ""10111"": 31, ""11000"": 28, ""11001"": 6, ""11010"": 9, ""11011"": 32, ""11100"": 4, ""11101"": 19, ""11110"": 20, ""11111"": 8}"
5,4,74004,4125841672,3,parity_1,0.6283185307179586,512,26,8,12,"{""rz"": 21, ""cx"": 12, ""sx"": 8, ""measure"": 5, ""barrier"": 1}","{""00000"": 11, ""00001"": 28, ""00010"": 20, ""00011"": 9, ""00100"": 19, ""00101"": 6, ""00110"": 10, ""00111"": 28, ""01000"": 28, ""01001"": 5, ""01010"": 7, ""01011"": 25, ""01100"": 8, ""01101"": 23, ""01110"": 15, ""01111"": 5, ""10000"": 26, ""10001"": 7, ""10010"": 5, ""10011"": 27, ""10100"": 6, ""10101"": 31, ""10110"": 25, ""10111"": 6, ""11000"": 8, ""11001"": 26, ""11010"": 27, ""11011"": 4, ""11100"": 27, ""11101"": 3, ""11110"": 8, ""11111"": 29}"
5,4,74004,4275535484,3,parity_2,1.2566370614359172,512,26,8,12,"{""rz"": 21, ""cx"": 12, ""sx"": 8, ""measure"": 5, ""barrier"": 1}","{""00000"": 18, ""00001"": 12, ""00010"": 6, ""00011"": 29, ""00100"": 12, ""00101"": 24, ""00110"": 34, ""00111"": 10, ""01000"": 9, ""01001"": 17, ""01010"": 29, ""01011"": 3, ""01100"": 30, ""01101"": 10, ""01110"": 11, ""01111"": 26, ""10000"": 10, ""10001"": 29, ""10010"": 25, ""10011"": 7, ""10100"": 22, ""10101"": 6, ""10110"": 4, ""10111"": 13, ""11000"": 31, ""11001"": 14, ""11010"": 5, ""11011"": 15, ""11100"": 5, ""11101"": 16, ""11110"": 24, ""11111"": 6}"
5,4,74004,331672277,3,parity_3,1.8849555921538759,512,26,8,12,"{""rz"": 21, ""cx"": 12, ""sx"": 8, ""measure"": 5, ""barrier"": 1}","{""00000"": 8, ""00001"": 28, ""00010"": 24, ""00011"": 6, ""00100"": 21, ""00101"": 8, ""00110"": 11, ""00111"": 23, ""01000"": 22, ""01001"": 6, ""01010"": 8, ""01011"": 21, ""01100"": 3, ""01101"": 30, ""01110"": 20, ""01111"": 8, ""10000"": 29, ""10001"": 9, ""10010"": 6, ""10011"": 20, ""10100"": 6, ""10101"": 27, ""10110"": 27, ""10111"": 2, ""11000"": 6, ""11001"": 30, ""11010"": 27, ""11011"": 12, ""11100"": 24, ""11101"": 8, ""11110"": 6, ""11111"": 26}"
5,4,74004,2067261164,3,parity_4,2.5132741228718345,512,26,8,12,"{""rz"": 21, ""cx"": 12, ""sx"": 8, ""measure"": 5, ""barrier"": 1}","{""00000"": 29, ""00001"": 9, ""00010"": 7, ""00011"": 21, ""00100"": 7, ""00101"": 26, ""00110"": 26, ""00111"": 5, ""01000"": 7, ""01001"": 28, ""01010"": 22, ""01011"": 8, ""01100"": 33, ""01101"": 10, ""01110"": 8, ""01111"": 19, ""10000"": 11, ""10001"": 27, ""10010"": 24, ""10011"": 5, ""10100"": 29, ""10101"": 4, ""10110"": 5, ""10111"": 15, ""11000"": 21, ""11001"": 11, ""11010"": 6, ""11011"": 22, ""11100"": 8, ""11101"": 26, ""11110"": 24, ""11111"": 9}"
5,4,74004,4041196530,5,population,,512,36,5,20,"{""cx"": 20, ""rz"": 10, ""sx"": 5, ""measure"": 5, ""barrier"": 1}","{""00000"": 177, ""00001"": 14, ""00010"": 9, ""00011"": 9, ""00100"": 4, ""00101"": 1, ""00111"": 8, ""01000"": 8, ""01010"": 1, ""01011"": 3, ""01101"": 1, ""01110"": 1, ""01111"": 10, ""10000"": 10, ""10001"": 2, ""10010"": 2, ""10011"": 1, ""10100"": 1, ""10101"": 2, ""10110"": 2, ""10111"": 17, ""11000"": 7, ""11001"": 1, ""11011"": 18, ""11100"": 8, ""11101"": 10, ""11110"": 27, ""11111"": 158}"
5,4,74004,2341452642,5,parity_0,0.0,512,40,10,20,"{""rz"": 25, ""cx"": 20, ""sx"": 10, ""measure"": 5, ""barrier"": 1}","{""00000"": 22, ""00001"": 7, ""00010"": 14, ""00011"": 26, ""00100"": 12, ""00101"": 23, ""00110"": 20, ""00111"": 5, ""01000"": 5, ""01001"": 26, ""01010"": 22, ""01011"": 5, ""01100"": 22, ""01101"": 9, ""01110"": 5, ""01111"": 30, ""10000"": 8, ""10001"": 24, ""10010"": 18, ""10011"": 7, ""10100"": 25, ""10101"": 5, ""10110"": 9, ""10111"": 15, ""11000"": 30, ""11001"": 3, ""11010"": 8, ""11011"": 32, ""11100"": 7, ""11101"": 36, ""11110"": 26, ""11111"": 6}"
5,4,74004,3100490698,5,parity_1,0.6283185307179586,512,40,10,20,"{""rz"": 25, ""cx"": 20, ""sx"": 10, ""measure"": 5, ""barrier"": 1}","{""00000"": 8, ""00001"": 23, ""00010"": 25, ""00011"": 11, ""00100"": 21, ""00101"": 14, ""00110"": 8, ""00111"": 24, ""01000"": 29, ""01001"": 8, ""01010"": 11, ""01011"": 23, ""01100"": 15, ""01101"": 19, ""01110"": 29, ""01111"": 4, ""10000"": 25, ""10001"": 4, ""10010"": 8, ""10011"": 22, ""10100"": 8, ""10101"": 21, ""10110"": 26, ""10111"": 7, ""11000"": 13, ""11001"": 19, ""11010"": 27, ""11011"": 4, ""11100"": 24, ""11101"": 8, ""11110"": 6, ""11111"": 18}"
5,4,74004,436218609,5,parity_2,1.2566370614359172,512,40,10,20,"{""rz"": 25, ""cx"": 20, ""sx"": 10, ""measure"": 5, ""barrier"": 1}","{""00000"": 20, ""00001"": 8, ""00010"": 5, ""00011"": 31, ""00100"": 13, ""00101"": 21, ""00110"": 25, ""00111"": 9, ""01000"": 11, ""01001"": 23, ""01010"": 21, ""01011"": 6, ""01100"": 26, ""01101"": 8, ""01110"": 10, ""01111"": 30, ""10000"": 8, ""10001"": 21, ""10010"": 23, ""10011"": 7, ""10100"": 22, ""10101"": 5, ""10110"": 10, ""10111"": 24, ""11000"": 18, ""11001"": 12, ""11010"": 9, ""11011"": 28, ""11100"": 10, ""11101"": 22, ""11110"": 18, ""11111"": 8}"
5,4,74004,102752553,5,parity_3,1.8849555921538759,512,40,10,20,"{""rz"": 25, ""cx"": 20, ""sx"": 10, ""measure"": 5, ""barrier"": 1}","{""00000"": 13, ""00001"": 20, ""00010"": 30, ""00011"": 6, ""00100"": 25, ""00101"": 11, ""00110"": 11, ""00111"": 20, ""01000"": 18, ""01001"": 5, ""01010"": 5, ""01011"": 34, ""01100"": 13, ""01101"": 24, ""01110"": 30, ""01111"": 13, ""10000"": 17, ""10001"": 13, ""10010"": 12, ""10011"": 23, ""10100"": 7, ""10101"": 25, ""10110"": 25, ""10111"": 8, ""11000"": 8, ""11001"": 24, ""11010"": 19, ""11011"": 4, ""11100"": 15, ""11101"": 6, ""11110"": 7, ""11111"": 21}"
5,4,74004,996965875,5,parity_4,2.5132741228718345,512,40,10,20,"{""rz"": 25, ""cx"": 20, ""sx"": 10, ""measure"": 5, ""barrier"": 1}","{""00000"": 33, ""00001"": 7, ""00010"": 6, ""00011"": 16, ""00100"": 6, ""00101"": 13, ""00110"": 26, ""00111"": 5, ""01000"": 6, ""01001"": 27, ""01010"": 17, ""01011"": 7, ""01100"": 23, ""01101"": 10, ""01110"": 10, ""01111"": 29, ""10000"": 11, ""10001"": 21, ""10010"": 25, ""10011"": 10, ""10100"": 23, ""10101"": 6, ""10110"": 7, ""10111"": 24, ""11000"": 24, ""11001"": 18, ""11010"": 9, ""11011"": 31, ""11100"": 7, ""11101"": 23, ""11110"": 21, ""11111"": 11}"
5,5,74005,2580400549,1,population,,512,8,1,4,"{""measure"": 5, ""cx"": 4, ""rz"": 2, ""sx"": 1, ""barrier"": 1}","{""00000"": 184, ""00001"": 6, ""00010"": 12, ""00011"": 3, ""00100"": 6, ""00111"": 1, ""01000"": 13, ""01100"": 1, ""01110"": 1, ""01111"": 7, ""10000"": 8, ""10011"": 1, ""10100"": 1, ""10111"": 8, ""11000"": 1, ""11001"": 1, ""11010"": 1, ""11011"": 11, ""11100"": 2, ""11101"": 11, ""11110"": 17, ""11111"": 216}"
5,5,74005,3590758054,1,parity_0,0.0,512,12,6,4,"{""rz"": 17, ""sx"": 6, ""measure"": 5, ""cx"": 4, ""barrier"": 1}","{""00000"": 24, ""00001"": 11, ""00010"": 6, ""00011"": 22, ""00100"": 2, ""00101"": 31, ""00110"": 30, ""00111"": 5, ""01000"": 6, ""01001"": 25, ""01010"": 29, ""01011"": 5, ""01100"": 36, ""01101"": 4, ""01110"": 9, ""01111"": 25, ""10000"": 7, ""10001"": 27, ""10010"": 24, ""10011"": 6, ""10100"": 23, ""10101"": 7, ""10110"": 6, ""10111"": 26, ""11000"": 25, ""11001"": 7, ""11010"": 3, ""11011"": 21, ""11100"": 6, ""11101"": 28, ""11110"": 23, ""11111"": 3}"
5,5,74005,1895387315,1,parity_1,0.6283185307179586,512,12,6,4,"{""rz"": 17, ""sx"": 6, ""measure"": 5, ""cx"": 4, ""barrier"": 1}","{""00000"": 8, ""00001"": 14, ""00010"": 32, ""00011"": 7, ""00100"": 27, ""00101"": 6, ""00110"": 8, ""00111"": 34, ""01000"": 33, ""01001"": 8, ""01010"": 7, ""01011"": 18, ""01100"": 5, ""01101"": 25, ""01110"": 24, ""01111"": 7, ""10000"": 31, ""10001"": 6, ""10010"": 10, ""10011"": 25, ""10100"": 4, ""10101"": 25, ""10110"": 14, ""10111"": 4, ""11000"": 6, ""11001"": 28, ""11010"": 30, ""11011"": 10, ""11100"": 22, ""11101"": 10, ""11110"": 4, ""11111"": 20}"
5,5,74005,185882961,1,parity_2,1.2566370614359172,512,12,6,4,"{""rz"": 17, ""sx"": 6, ""measure"": 5, ""cx"": 4, ""barrier"": 1}","{""00000"": 22, ""00001"": 7, ""00010"": 8, ""00011"": 19, ""00100"": 9, ""00101"": 27, ""00110"": 24, ""00111"": 7, ""01000"": 4, ""01001"": 24, ""01010"": 21, ""01011"": 7, ""01100"": 18, ""01101"": 4, ""01110"": 6, ""01111"": 29, ""10000"": 8, ""10001"": 28, ""10010"": 31, ""10011"": 5, ""10100"": 20, ""10101"": 3, ""10110"": 10, ""10111"": 23, ""11000"": 26, ""11001"": 14, ""11010"": 6, ""11011"": 28, ""11100"": 5, ""11101"": 38, ""11110"": 28, ""11111"": 3}"
5,5,74005,902596269,1,parity_3,1.8849555921538759,512,12,6,4,"{""rz"": 17, ""sx"": 6, ""measure"": 5, ""cx"": 4, ""barrier"": 1}","{""00000"": 8, ""00001"": 19, ""00010"": 21, ""00011"": 11, ""00100"": 24, ""00101"": 12, ""00110"": 5, ""00111"": 20, ""01000"": 26, ""01001"": 3, ""01010"": 7, ""01011"": 23, ""01100"": 7, ""01101"": 23, ""01110"": 26, ""01111"": 7, ""10000"": 34, ""10001"": 5, ""10010"": 9, ""10011"": 16, ""10100"": 7, ""10101"": 23, ""10110"": 25, ""10111"": 9, ""11000"": 15, ""11001"": 25, ""11010"": 27, ""11011"": 3, ""11100"": 29, ""11101"": 5, ""11110"": 11, ""11111"": 27}"
5,5,74005,240695437,1,parity_4,2.5132741228718345,512,12,6,4,"{""rz"": 17, ""sx"": 6, ""measure"": 5, ""cx"": 4, ""barrier"": 1}","{""00000"": 24, ""00001"": 6, ""00010"": 6, ""00011"": 23, ""00100"": 4, ""00101"": 25, ""00110"": 34, ""00111"": 9, ""01000"": 7, ""01001"": 31, ""01010"": 22, ""01011"": 5, ""01100"": 27, ""01101"": 3, ""01110"": 5, ""01111"": 22, ""10000"": 3, ""10001"": 34, ""10010"": 29, ""10011"": 2, ""10100"": 34, ""10101"": 4, ""10110"": 7, ""10111"": 18, ""11000"": 23, ""11001"": 4, ""11010"": 5, ""11011"": 40, ""11100"": 4, ""11101"": 24, ""11110"": 26, ""11111"": 2}"
5,5,74005,3540090651,3,population,,512,22,3,12,"{""cx"": 12, ""rz"": 6, ""measure"": 5, ""sx"": 3, ""barrier"": 1}","{""00000"": 186, ""00001"": 19, ""00010"": 8, ""00011"": 6, ""00100"": 12, ""00101"": 1, ""00110"": 1, ""00111"": 4, ""01000"": 11, ""01011"": 2, ""01100"": 1, ""01110"": 1, ""01111"": 10, ""10000"": 8, ""10001"": 2, ""10010"": 1, ""10011"": 1, ""10101"": 1, ""10110"": 2, ""10111"": 11, ""11000"": 4, ""11001"": 1, ""11010"": 1, ""11011"": 15, ""11100"": 2, ""11101"": 10, ""11110"": 15, ""11111"": 176}"
5,5,74005,1593133055,3,parity_0,0.0,512,26,8,12,"{""rz"": 21, ""cx"": 12, ""sx"": 8, ""measure"": 5, ""barrier"": 1}","{""00000"": 16, ""00001"": 2, ""00010"": 6, ""00011"": 36, ""00100"": 11, ""00101"": 25, ""00110"": 22, ""00111"": 6, ""01000"": 7, ""01001"": 28, ""01010"": 25, ""01011"": 7, ""01100"": 31, ""01101"": 5, ""01110"": 12, ""01111"": 18, ""10000"": 5, ""10001"": 27, ""10010"": 22, ""10011"": 4, ""10100"": 30, ""10101"": 12, ""10110"": 2, ""10111"": 19, ""11000"": 18, ""11001"": 11, ""11010"": 7, ""11011"": 28, ""11100"": 9, ""11101"": 31, ""11110"": 24, ""11111"": 6}"
5,5,74005,991896017,3,parity_1,0.6283185307179586,512,26,8,12,"{""rz"": 21, ""cx"": 12, ""sx"": 8, ""measure"": 5, ""barrier"": 1}","{""00000"": 4, ""00001"": 21, ""00010"": 31, ""00011"": 9, ""00100"": 28, ""00101"": 6, ""00110"": 7, ""00111"": 21, ""01000"": 28, ""01001"": 6, ""01010"": 11, ""01011"": 19, ""01100"": 9, ""01101"": 28, ""01110"": 21, ""01111"": 7, ""10000"": 20, ""10001"": 3, ""10010"": 4, ""10011"": 28, ""10100"": 7, ""10101"": 30, ""10110"": 26, ""10111"": 8, ""11000"": 6, ""11001"": 18, ""11010"": 24, ""11011"": 8, ""11100"": 21, ""11101"": 10, ""11110"": 16, ""11111"": 27}"
5,5,74005,635875534,3,parity_2,1.2566370614359172,512,26,8,12,"{""rz"": 21, ""cx"": 12, ""sx"": 8, ""measure"": 5, ""barrier"": 1}","{""00000"": 34, ""00001"": 11, ""00010"": 14, ""00011"": 22, ""00100"": 10, ""00101"": 23, ""00110"": 25, ""00111"": 7, ""01000"": 8, ""01001"": 26, ""01010"": 23, ""01011"": 11, ""01100"": 22, ""01101"": 4, ""01110"": 7, ""01111"": 23, ""10000"": 10, ""10001"": 25, ""10010"": 20, ""10100"": 24, ""10101"": 12, ""10110"": 6, ""10111"": 15, ""11000"": 31, ""11001"": 4, ""11010"": 4, ""11011"": 23, ""11100"": 7, ""11101"": 29, ""11110"": 27, ""11111"": 5}"
5,5,74005,1360802057,3,parity_3,1.8849555921538759,512,26,8,12,"{""rz"": 21, ""cx"": 12, ""sx"": 8, ""measure"": 5, ""barrier"": 1}","{""00000"": 7, ""00001"": 19, ""00010"": 21, ""00011"": 7, ""00100"": 27, ""00101"": 7, ""00110"": 12, ""00111"": 21, ""01000"": 23, ""01001"": 10, ""01010"": 10, ""01011"": 21, ""01100"": 8, ""01101"": 29, ""01110"": 29, ""01111"": 4, ""10000"": 26, ""10001"": 6, ""10010"": 6, ""10011"": 26, ""10100"": 6, ""10101"": 18, ""10110"": 25, ""10111"": 5, ""11000"": 8, ""11001"": 26, ""11010"": 27, ""11011"": 7, ""11100"": 29, ""11101"": 6, ""11110"": 11, ""11111"": 25}"
5,5,74005,147317414,3,parity_4,2.5132741228718345,512,26,8,12,"{""rz"": 21, ""cx"": 12, ""sx"": 8, ""measure"": 5, ""barrier"": 1}","{""00000"": 24, ""00001"": 6, ""00010"": 6, ""00011"": 29, ""00100"": 3, ""00101"": 25, ""00110"": 26, ""00111"": 3, ""01000"": 7, ""01001"": 34, ""01010"": 28, ""01011"": 4, ""01100"": 27, ""01101"": 7, ""01110"": 11, ""01111"": 29, ""10000"": 10, ""10001"": 17, ""10010"": 18, ""10011"": 9, ""10100"": 22, ""10101"": 9, ""10110"": 10, ""10111"": 25, ""11000"": 28, ""11001"": 10, ""11010"": 3, ""11011"": 32, ""11100"": 5, ""11101"": 18, ""11110"": 23, ""11111"": 4}"
5,5,74005,3236938621,5,population,,512,36,5,20,"{""cx"": 20, ""rz"": 10, ""sx"": 5, ""measure"": 5, ""barrier"": 1}","{""00000"": 202, ""00001"": 10, ""00010"": 11, ""00011"": 8, ""00100"": 10, ""00101"": 2, ""00110"": 1, ""00111"": 4, ""01000"": 9, ""01011"": 1, ""01100"": 1, ""01101"": 1, ""01110"": 1, ""01111"": 11, ""10000"": 8, ""10001"": 1, ""10011"": 3, ""10100"": 1, ""10110"": 3, ""10111"": 12, ""11000"": 4, ""11001"": 3, ""11010"": 1, ""11011"": 11, ""11100"": 6, ""11101"": 12, ""11110"": 14, ""11111"": 161}"
5,5,74005,3493624355,5,parity_0,0.0,512,40,10,20,"{""rz"": 25, ""cx"": 20, ""sx"": 10, ""measure"": 5, ""barrier"": 1}","{""00000"": 30, ""00001"": 6, ""00010"": 12, ""00011"": 23, ""00100"": 8, ""00101"": 32, ""00110"": 20, ""00111"": 5, ""01000"": 11, ""01001"": 24, ""01010"": 16, ""01011"": 10, ""01100"": 26, ""01101"": 9, ""01110"": 8, ""01111"": 13, ""10000"": 9, ""10001"": 26, ""10010"": 26, ""10011"": 11, ""10100"": 31, ""10101"": 9, ""10110"": 8, ""10111"": 22, ""11000"": 21, ""11001"": 10, ""11010"": 5, ""11011"": 16, ""11100"": 10, ""11101"": 28, ""11110"": 18, ""11111"": 9}"
5,5,74005,3787170514,5,parity_1,0.6283185307179586,512,40,10,20,"{""rz"": 25, ""cx"": 20, ""sx"": 10, ""measure"": 5, ""barrier"": 1}","{""00000"": 7, ""00001"": 23, ""00010"": 40, ""00011"": 7, ""00100"": 27, ""00101"": 6, ""00110"": 14, ""00111"": 23, ""01000"": 32, ""01001"": 11, ""01010"": 23, ""01011"": 33, ""01100"": 7, ""01101"": 23, ""01110"": 19, ""01111"": 10, ""10000"": 27, ""10001"": 4, ""10010"": 6, ""10011"": 16, ""10100"": 7, ""10101"": 22, ""10110"": 14, ""10111"": 6, ""11000"": 5, ""11001"": 20, ""11010"": 33, ""11011"": 2, ""11100"": 23, ""11101"": 10, ""11110"": 2, ""11111"": 10}"
5,5,74005,1697999187,5,parity_2,1.2566370614359172,512,40,10,20,"{""rz"": 25, ""cx"": 20, ""sx"": 10, ""measure"": 5, ""barrier"": 1}","{""00000"": 20, ""00001"": 6, ""00010"": 11, ""00011"": 31, ""00100"": 12, ""00101"": 29, ""00110"": 25, ""00111"": 7, ""01000"": 8, ""01001"": 19, ""01010"": 29, ""01011"": 11, ""01100"": 25, ""01101"": 2, ""01110"": 7, ""01111"": 25, ""10000"": 8, ""10001"": 24, ""10010"": 32, ""10011"": 8, ""10100"": 19, ""10101"": 10, ""10110"": 12, ""10111"": 12, ""11000"": 24, ""11001"": 5, ""11010"": 13, ""11011"": 18, ""11100"": 8, ""11101"": 25, ""11110"": 24, ""11111"": 3}"
5,5,74005,2334204810,5,parity_3,1.8849555921538759,512,40,10,20,"{""rz"": 25, ""cx"": 20, ""sx"": 10, ""measure"": 5, ""barrier"": 1}","{""00000"": 7, ""00001"": 26, ""00010"": 37, ""00011"": 7, ""00100"": 35, ""00101"": 9, ""00110"": 3, ""00111"": 15, ""01000"": 29, ""01001"": 6, ""01010"": 7, ""01011"": 25, ""01100"": 7, ""01101"": 28, ""01110"": 21, ""01111"": 9, ""10000"": 31, ""10001"": 9, ""10010"": 8, ""10011"": 18, ""10100"": 8, ""10101"": 25, ""10110"": 18, ""10111"": 8, ""11000"": 5, ""11001"": 23, ""11010"": 19, ""11011"": 8, ""11100"": 19, ""11101"": 9, ""11110"": 6, ""11111"": 27}"
5,5,74005,155186648,5,parity_4,2.5132741228718345,512,40,10,20,"{""rz"": 25, ""cx"": 20, ""sx"": 10, ""measure"": 5, ""barrier"": 1}","{""00000"": 25, ""00001"": 15, ""00010"": 9, ""00011"": 22, ""00100"": 12, ""00101"": 29, ""00110"": 22, ""00111"": 9, ""01000"": 9, ""01001"": 22, ""01010"": 22, ""01011"": 2, ""01100"": 30, ""01101"": 11, ""01110"": 6, ""01111"": 25, ""10000"": 6, ""10001"": 25, ""10010"": 25, ""10011"": 8, ""10100"": 31, ""10101"": 9, ""10110"": 5, ""10111"": 16, ""11000"": 19, ""11001"": 2, ""11010"": 11, ""11011"": 23, ""11100"": 7, ""11101"": 27, ""11110"": 23, ""11111"": 5}"
5,6,74006,2082702361,1,population,,512,8,1,4,"{""measure"": 5, ""cx"": 4, ""rz"": 2, ""sx"": 1, ""barrier"": 1}","{""00000"": 203, ""00001"": 8, ""00010"": 9, ""00011"": 2, ""00100"": 7, ""00101"": 3, ""00110"": 1, ""00111"": 1, ""01000"": 3, ""01011"": 1, ""01100"": 1, ""01111"": 7, ""10000"": 8, ""10101"": 1, ""10110"": 1, ""10111"": 16, ""11000"": 5, ""11001"": 1, ""11011"": 11, ""11101"": 12, ""11110"": 14, ""11111"": 197}"
5,6,74006,2048627458,1,parity_0,0.0,512,12,6,4,"{""rz"": 17, ""sx"": 6, ""measure"": 5, ""cx"": 4, ""barrier"": 1}","{""00000"": 26, ""00001"": 4, ""00010"": 7, ""00011"": 27, ""00100"": 13, ""00101"": 30, ""00110"": 26, ""00111"": 6, ""01000"": 6, ""01001"": 29, ""01010"": 33, ""01011"": 2, ""01100"": 19, ""01101"": 4, ""01110"": 7, ""01111"": 18, ""10000"": 8, ""10001"": 20, ""10010"": 23, ""10011"": 2, ""10100"": 36, ""10101"": 3, ""10110"": 8, ""10111"": 29, ""11000"": 23, ""11001"": 5, ""11010"": 5, ""11011"": 30, ""11100"": 5, ""11101"": 22, ""11110"": 32, ""11111"": 4}"
5,6,74006,1801376517,1,parity_1,0.6283185307179586,512,12,6,4,"{""rz"": 17, ""sx"": 6, ""measure"": 5, ""cx"": 4, ""barrier"": 1}","{""00000"": 5, ""00001"": 25, ""00010"": 25, ""00011"": 8, ""00100"": 28, ""00101"": 5, ""00110"": 10, ""00111"": 28, ""01000"": 30, ""01001"": 8, ""01010"": 7, ""01011"": 22, ""01100"": 7, ""01101"": 30, ""01110"": 24, ""01111"": 4, ""10000"": 24, ""10001"": 4, ""10010"": 11, ""10011"": 17, ""10100"": 6, ""10101"": 29, ""10110"": 33, ""10111"": 6, ""11000"": 6, ""11001"": 27, ""11010"": 26, ""11011"": 3, ""11100"": 22, ""11101"": 4, ""11110"": 6, ""11111"": 22}"
5,6,74006,3680893299,1,parity_2,1.2566370614359172,512,12,6,4,"{""rz"": 17, ""sx"": 6, ""measure"": 5, ""cx"": 4, ""barrier"": 1}","{""00000"": 31, ""00001"": 12, ""00010"": 10, ""00011"": 21, ""00100"": 7, ""00101"": 31, ""00110"": 20, ""00111"": 4, ""01000"": 3, ""01001"": 26, ""01010"": 24, ""01011"": 7, ""01100"": 34, ""01101"": 2, ""01110"": 7, ""01111"": 27, ""10000"": 7, ""10001"": 30, ""10010"": 25, ""10011"": 8, ""10100"": 17, ""10101"": 5, ""10110"": 5, ""10111"": 19, ""11000"": 30, ""11001"": 6, ""11010"": 3, ""11011"": 30, ""11100"": 2, ""11101"": 23, ""11110"": 30, ""11111"": 6}"
5,6,74006,331959357,1,parity_3,1.8849555921538759,512,12,6,4,"{""rz"": 17, ""sx"": 6, ""measure"": 5, ""cx"": 4, ""barrier"": 1}","{""00000"": 7, ""00001"": 20, ""00010"": 28, ""00011"": 3, ""00100"": 39, ""00101"": 8, ""00110"": 3, ""00111"": 27, ""01000"": 32, ""01001"": 8, ""01010"": 4, ""01011"": 20, ""01100"": 3, ""01101"": 20, ""01110"": 29, ""01111"": 5, ""10000"": 24, ""10001"": 3, ""10010"": 6, ""10011"": 20, ""10100"": 6, ""10101"": 41, ""10110"": 27, ""10111"": 5, ""11000"": 9, ""11001"": 27, ""11010"": 18, ""11011"": 4, ""11100"": 19, ""11101"": 5, ""11110"": 5, ""11111"": 37}"
5,6,74006,1470149843,1,parity_4,2.5132741228718345,512,12,6,4,"{""rz"": 17, ""sx"": 6, ""measure"": 5, ""cx"": 4, ""barrier"": 1}","{""00000"": 24, ""00001"": 7, ""00010"": 5, ""00011"": 23, ""00100"": 6, ""00101"": 34, ""00110"": 20, ""00111"": 11, ""01000"": 6, ""01001"": 25, ""01010"": 23, ""01011"": 5, ""01100"": 34, ""01101"": 4, ""01110"": 4, ""01111"": 32, ""10000"": 7, ""10001"": 20, ""10010"": 22, ""10011"": 6, ""10100"": 30, ""10101"": 5, ""10110"": 5, ""10111"": 30, ""11000"": 37, ""11001"": 12, ""11010"": 9, ""11011"": 25, ""11100"": 5, ""11101"": 14, ""11110"": 17, ""11111"": 5}"
5,6,74006,3738937808,3,population,,512,22,3,12,"{""cx"": 12, ""rz"": 6, ""measure"": 5, ""sx"": 3, ""barrier"": 1}","{""00000"": 193, ""00001"": 15, ""00010"": 14, ""00011"": 6, ""00100"": 9, ""00101"": 1, ""00110"": 1, ""00111"": 5, ""01000"": 7, ""01001"": 1, ""01011"": 3, ""01111"": 13, ""10000"": 7, ""10001"": 1, ""10011"": 1, ""10100"": 1, ""10101"": 1, ""10111"": 12, ""11000"": 6, ""11011"": 9, ""11100"": 4, ""11101"": 13, ""11110"": 18, ""11111"": 171}"
5,6,74006,548811634,3,parity_0,0.0,512,26,8,12,"{""rz"": 21, ""cx"": 12, ""sx"": 8, ""measure"": 5, ""barrier"": 1}","{""00000"": 28, ""00001"": 8, ""00010"": 12, ""00011"": 24, ""00100"": 8, ""00101"": 24, ""00110"": 23, ""00111"": 6, ""01000"": 5, ""01001"": 26, ""01010"": 34, ""01011"": 7, ""01100"": 25, ""01101"": 8, ""01110"": 11, ""01111"": 25, ""10000"": 7, ""10001"": 24, ""10010"": 19, ""10011"": 10, ""10100"": 24, ""10101"": 8, ""10110"": 5, ""10111"": 20, ""11000"": 23, ""11001"": 4, ""11010"": 9, ""11011"": 27, ""11100"": 2, ""11101"": 18, ""11110"": 31, ""11111"": 7}"
5,6,74006,1559251211,3,parity_1,0.6283185307179586,512,26,8,12,"{""rz"": 21, ""cx"": 12, ""sx"": 8, ""measure"": 5, ""barrier"": 1}","{""00000"": 12, ""00001"": 30, ""00010"": 25, ""00011"": 7, ""00100"": 31, ""00101"": 9, ""00110"": 6, ""00111"": 17, ""01000"": 33, ""01001"": 8, ""01010"": 8, ""01011"": 18, ""01100"": 16, ""01101"": 28, ""01110"": 18, ""01111"": 7, ""10000"": 29, ""10001"": 6, ""10010"": 9, ""10011"": 31, ""10100"": 7, ""10101"": 26, ""10110"": 19, ""10111"": 6, ""11000"": 6, ""11001"": 22, ""11010"": 24, ""11011"": 7, ""11100"": 22, ""11101"": 2, ""11110"": 4, ""11111"": 19}"
5,6,74006,1055430800,3,parity_2,1.2566370614359172,512,26,8,12,"{""rz"": 21, ""cx"": 12, ""sx"": 8, ""measure"": 5, ""barrier"": 1}","{""00000"": 30, ""00001"": 5, ""00010"": 12, ""00011"": 27, ""00100"": 6, ""00101"": 22, ""00110"": 26, ""00111"": 10, ""01000"": 9, ""01001"": 25, ""01010"": 21, ""01011"": 3, ""01100"": 30, ""01101"": 7, ""01110"": 6, ""01111"": 32, ""10000"": 5, ""10001"": 24, ""10010"": 31, ""10011"": 8, ""10100"": 20, ""10101"": 6, ""10110"": 5, ""10111"": 16, ""11000"": 30, ""11001"": 4, ""11010"": 6, ""11011"": 26, ""11100"": 10, ""11101"": 20, ""11110"": 24, ""11111"": 6}"
5,6,74006,693907660,3,parity_3,1.8849555921538759,512,26,8,12,"{""rz"": 21, ""cx"": 12, ""sx"": 8, ""measure"": 5, ""barrier"": 1}","{""00000"": 10, ""00001"": 30, ""00010"": 27, ""00011"": 6, ""00100"": 25, ""00101"": 7, ""00110"": 5, ""00111"": 21, ""01000"": 25, ""01001"": 4, ""01010"": 7, ""01011"": 33, ""01100"": 5, ""01101"": 32, ""01110"": 26, ""01111"": 7, ""10000"": 24, ""10001"": 8, ""10010"": 6, ""10011"": 30, ""10100"": 4, ""10101"": 19, ""10110"": 17, ""10111"": 6, ""11000"": 10, ""11001"": 22, ""11010"": 24, ""11011"": 8, ""11100"": 24, ""11101"": 7, ""11110"": 8, ""11111"": 25}"
5,6,74006,3163683419,3,parity_4,2.5132741228718345,512,26,8,12,"{""rz"": 21, ""cx"": 12, ""sx"": 8, ""measure"": 5, ""barrier"": 1}","{""00000"": 23, ""00001"": 9, ""00010"": 5, ""00011"": 23, ""00100"": 7, ""00101"": 25, ""00110"": 20, ""00111"": 10, ""01000"": 7, ""01001"": 25, ""01010"": 25, ""01011"": 15, ""01100"": 28, ""01101"": 9, ""01110"": 11, ""01111"": 24, ""10000"": 10, ""10001"": 27, ""10010"": 29, ""10011"": 2, ""10100"": 24, ""10101"": 8, ""10110"": 4, ""10111"": 28, ""11000"": 25, ""11001"": 7, ""11010"": 6, ""11011"": 26, ""11100"": 5, ""11101"": 23, ""11110"": 19, ""11111"": 3}"
5,6,74006,2880073430,5,population,,512,36,5,20,"{""cx"": 20, ""rz"": 10, ""sx"": 5, ""measure"": 5, ""barrier"": 1}","{""00000"": 180, ""00001"": 15, ""00010"": 11, ""00011"": 6, ""00100"": 9, ""00110"": 1, ""00111"": 11, ""01000"": 5, ""01010"": 1, ""01011"": 4, ""01100"": 1, ""01101"": 1, ""01110"": 1, ""01111"": 11, ""10000"": 5, ""10010"": 2, ""10011"": 3, ""10100"": 1, ""10101"": 2, ""10110"": 1, ""10111"": 13, ""11000"": 2, ""11001"": 1, ""11010"": 1, ""11011"": 15, ""11100"": 7, ""11101"": 13, ""11110"": 25, ""11111"": 164}"
5,6,74006,669044014,5,parity_0,0.0,512,40,10,20,"{""rz"": 25, ""cx"": 20, ""sx"": 10, ""measure"": 5, ""barrier"": 1}","{""00000"": 21, ""00001"": 8, ""00010"": 12, ""00011"": 16, ""00100"": 16, ""00101"": 19, ""00110"": 24, ""00111"": 10, ""01000"": 9, ""01001"": 26, ""01010"": 29, ""01011"": 10, ""01100"": 24, ""01101"": 11, ""01110"": 4, ""01111"": 18, ""10000"": 9, ""10001"": 25, ""10010"": 20, ""10011"": 9, ""10100"": 14, ""10101"": 7, ""10110"": 11, ""10111"": 18, ""11000"": 20, ""11001"": 7, ""11010"": 9, ""11011"": 34, ""11100"": 9, ""11101"": 26, ""11110"": 29, ""11111"": 8}"
5,6,74006,4281537284,5,parity_1,0.6283185307179586,512,40,10,20,"{""rz"": 25, ""cx"": 20, ""sx"": 10, ""measure"": 5, ""barrier"": 1}","{""00000"": 14, ""00001"": 29, ""00010"": 28, ""00011"": 10, ""00100"": 22, ""00101"": 12, ""00110"": 5, ""00111"": 26, ""01000"": 31, ""01001"": 7, ""01010"": 8, ""01011"": 22, ""01100"": 12, ""01101"": 23, ""01110"": 18, ""01111"": 4, ""10000"": 28, ""10001"": 12, ""10010"": 9, ""10011"": 24, ""10100"": 8, ""10101"": 24, ""10110"": 22, ""10111"": 6, ""11000"": 8, ""11001"": 18, ""11010"": 25, ""11011"": 8, ""11100"": 20, ""11101"": 12, ""11110"": 4, ""11111"": 13}"
5,6,74006,1078983521,5,parity_2,1.2566370614359172,512,40,10,20,"{""rz"": 25, ""cx"": 20, ""sx"": 10, ""measure"": 5, ""barrier"": 1}","{""00000"": 27, ""00001"": 7, ""00010"": 6, ""00011"": 19, ""00100"": 8, ""00101"": 26, ""00110"": 17, ""00111"": 8, ""01000"": 10, ""01001"": 15, ""01010"": 21, ""01011"": 6, ""01100"": 23, ""01101"": 7, ""01110"": 6, ""01111"": 20, ""10000"": 7, ""10001"": 27, ""10010"": 31, ""10011"": 14, ""10100"": 17, ""10101"": 6, ""10110"": 7, ""10111"": 31, ""11000"": 23, ""11001"": 8, ""11010"": 11, ""11011"": 25, ""11100"": 11, ""11101"": 31, ""11110"": 23, ""11111"": 14}"
5,6,74006,376489927,5,parity_3,1.8849555921538759,512,40,10,20,"{""rz"": 25, ""cx"": 20, ""sx"": 10, ""measure"": 5, ""barrier"": 1}","{""00000"": 10, ""00001"": 20, ""00010"": 22, ""00011"": 5, ""00100"": 33, ""00101"": 7, ""00110"": 10, ""00111"": 20, ""01000"": 23, ""01001"": 10, ""01010"": 12, ""01011"": 29, ""01100"": 12, ""01101"": 18, ""01110"": 30, ""01111"": 10, ""10000"": 34, ""10001"": 11, ""10010"": 8, ""10011"": 15, ""10100"": 11, ""10101"": 19, ""10110"": 27, ""10111"": 11, ""11000"": 7, ""11001"": 26, ""11010"": 19, ""11011"": 5, ""11100"": 16, ""11101"": 4, ""11110"": 6, ""11111"": 22}"
5,6,74006,2962749177,5,parity_4,2.5132741228718345,512,40,10,20,"{""rz"": 25, ""cx"": 20, ""sx"": 10, ""measure"": 5, ""barrier"": 1}","{""00000"": 31, ""00001"": 12, ""00010"": 4, ""00011"": 28, ""00100"": 8, ""00101"": 26, ""00110"": 24, ""00111"": 7, ""01000"": 13, ""01001"": 22, ""01010"": 26, ""01011"": 9, ""01100"": 29, ""01101"": 6, ""01110"": 5, ""01111"": 27, ""10000"": 8, ""10001"": 22, ""10010"": 34, ""10011"": 5, ""10100"": 23, ""10101"": 8, ""10110"": 14, ""10111"": 13, ""11000"": 23, ""11001"": 7, ""11010"": 7, ""11011"": 20, ""11100"": 11, ""11101"": 18, ""11110"": 15, ""11111"": 7}"
5,7,74007,3022510050,1,population,,512,8,1,4,"{""measure"": 5, ""cx"": 4, ""rz"": 2, ""sx"": 1, ""barrier"": 1}","{""00000"": 228, ""00001"": 10, ""00010"": 9, ""00100"": 3, ""00111"": 1, ""01000"": 5, ""01011"": 3, ""01111"": 7, ""10000"": 5, ""10100"": 2, ""10110"": 2, ""10111"": 10, ""11000"": 2, ""11010"": 1, ""11011"": 10, ""11100"": 4, ""11101"": 6, ""11110"": 16, ""11111"": 188}"
5,7,74007,1364771003,1,parity_0,0.0,512,12,6,4,"{""rz"": 17, ""sx"": 6, ""measure"": 5, ""cx"": 4, ""barrier"": 1}","{""00000"": 22, ""00001"": 7, ""00010"": 8, ""00011"": 32, ""00100"": 8, ""00101"": 26, ""00110"": 29, ""00111"": 2, ""01000"": 3, ""01001"": 26, ""01010"": 34, ""01011"": 9, ""01100"": 22, ""01101"": 5, ""01110"": 6, ""01111"": 27, ""10000"": 8, ""10001"": 24, ""10010"": 27, ""10011"": 5, ""10100"": 28, ""10101"": 5, ""10110"": 4, ""10111"": 29, ""11000"": 12, ""11001"": 6, ""11010"": 9, ""11011"": 31, ""11100"": 4, ""11101"": 23, ""11110"": 28, ""11111"": 3}"
5,7,74007,646653836,1,parity_1,0.6283185307179586,512,12,6,4,"{""rz"": 17, ""sx"": 6, ""measure"": 5, ""cx"": 4, ""barrier"": 1}","{""00000"": 8, ""00001"": 30, ""00010"": 32, ""00011"": 6, ""00100"": 33, ""00101"": 5, ""00110"": 5, ""00111"": 21, ""01000"": 24, ""01001"": 6, ""01010"": 7, ""01011"": 25, ""01100"": 9, ""01101"": 22, ""01110"": 19, ""01111"": 5, ""10000"": 23, ""10001"": 6, ""10010"": 5, ""10011"": 23, ""10100"": 6, ""10101"": 26, ""10110"": 30, ""10111"": 6, ""11000"": 5, ""11001"": 29, ""11010"": 27, ""11011"": 1, ""11100"": 27, ""11101"": 6, ""11110"": 4, ""11111"": 31}"
5,7,74007,3749170525,1,parity_2,1.2566370614359172,512,12,6,4,"{""rz"": 17, ""sx"": 6, ""measure"": 5, ""cx"": 4, ""barrier"": 1}","{""00000"": 25, ""00001"": 7, ""00010"": 11, ""00011"": 19, ""00100"": 8, ""00101"": 32, ""00110"": 24, ""00111"": 3, ""01000"": 3, ""01001"": 19, ""01010"": 24, ""01011"": 7, ""01100"": 23, ""01101"": 9, ""01110"": 4, ""01111"": 34, ""10000"": 11, ""10001"": 32, ""10010"": 28, ""10011"": 6, ""10100"": 30, ""10101"": 8, ""10110"": 3, ""10111"": 17, ""11000"": 24, ""11001"": 5, ""11010"": 6, ""11011"": 23, ""11100"": 5, ""11101"": 30, ""11110"": 28, ""11111"": 4}"
5,7,74007,4230219575,1,parity_3,1.8849555921538759,512,12,6,4,"{""rz"": 17, ""sx"": 6, ""measure"": 5, ""cx"": 4, ""barrier"": 1}","{""00000"": 8, ""00001"": 40, ""00010"": 28, ""00011"": 8, ""00100"": 31, ""00101"": 8, ""00110"": 9, ""00111"": 29, ""01000"": 27, ""01001"": 13, ""01010"": 8, ""01011"": 30, ""01100"": 9, ""01101"": 33, ""01110"": 19, ""01111"": 1, ""10000"": 25, ""10001"": 3, ""10010"": 6, ""10011"": 19, ""10100"": 6, ""10101"": 15, ""10110"": 24, ""10111"": 7, ""11000"": 4, ""11001"": 8, ""11010"": 24, ""11011"": 2, ""11100"": 31, ""11101"": 4, ""11110"": 2, ""11111"": 31}"
5,7,74007,371832230,1,parity_4,2.5132741228718345,512,12,6,4,"{""rz"": 17, ""sx"": 6, ""measure"": 5, ""cx"": 4, ""barrier"": 1}","{""00000"": 22, ""00001"": 7, ""00010"": 6, ""00011"": 23, ""00100"": 10, ""00101"": 23, ""00110"": 32, ""00111"": 10, ""01000"": 9, ""01001"": 23, ""01010"": 30, ""01011"": 7, ""01100"": 24, ""01101"": 5, ""01110"": 9, ""01111"": 23, ""10000"": 5, ""10001"": 28, ""10010"": 26, ""10011"": 4, ""10100"": 23, ""10101"": 3, ""10110"": 11, ""10111"": 31, ""11000"": 22, ""11001"": 3, ""11010"": 5, ""11011"": 26, ""11100"": 4, ""11101"": 22, ""11110"": 35, ""11111"": 1}"
5,7,74007,1051468995,3,population,,512,22,3,12,"{""cx"": 12, ""rz"": 6, ""measure"": 5, ""sx"": 3, ""barrier"": 1}","{""00000"": 185, ""00001"": 8, ""00010"": 10, ""00011"": 4, ""00100"": 3, ""00101"": 1, ""00110"": 1, ""00111"": 6, ""01000"": 7, ""01001"": 1, ""01010"": 1, ""01100"": 1, ""01111"": 12, ""10000"": 9, ""10011"": 1, ""10100"": 3, ""10111"": 15, ""11000"": 7, ""11011"": 14, ""11100"": 7, ""11101"": 12, ""11110"": 19, ""11111"": 185}"
5,7,74007,2528499361,3,parity_0,0.0,512,26,8,12,"{""rz"": 21, ""cx"": 12, ""sx"": 8, ""measure"": 5, ""barrier"": 1}","{""00000"": 16, ""00001"": 13, ""00010"": 7, ""00011"": 29, ""00100"": 7, ""00101"": 28, ""00110"": 24, ""00111"": 7, ""01000"": 14, ""01001"": 29, ""01010"": 25, ""01011"": 5, ""01100"": 29, ""01101"": 5, ""01110"": 9, ""01111"": 26, ""10000"": 8, ""10001"": 28, ""10010"": 31, ""10011"": 4, ""10100"": 28, ""10101"": 6, ""10110"": 3, ""10111"": 23, ""11000"": 23, ""11001"": 6, ""11010"": 5, ""11011"": 16, ""11100"": 1, ""11101"": 27, ""11110"": 23, ""11111"": 7}"
5,7,74007,3790893407,3,parity_1,0.6283185307179586,512,26,8,12,"{""rz"": 21, ""cx"": 12, ""sx"": 8, ""measure"": 5, ""barrier"": 1}","{""00000"": 10, ""00001"": 25, ""00010"": 27, ""00011"": 5, ""00100"": 18, ""00101"": 7, ""00110"": 9, ""00111"": 23, ""01000"": 25, ""01001"": 7, ""01010"": 7, ""01011"": 25, ""01100"": 6, ""01101"": 31, ""01110"": 25, ""01111"": 8, ""10000"": 21, ""10001"": 6, ""10010"": 10, ""10011"": 22, ""10100"": 7, ""10101"": 19, ""10110"": 20, ""10111"": 2, ""11000"": 10, ""11001"": 25, ""11010"": 28, ""11011"": 4, ""11100"": 27, ""11101"": 9, ""11110"": 5, ""11111"": 39}"
5,7,74007,1950581022,3,parity_2,1.2566370614359172,512,26,8,12,"{""rz"": 21, ""cx"": 12, ""sx"": 8, ""measure"": 5, ""barrier"": 1}","{""00000"": 23, ""00001"": 9, ""00010"": 6, ""00011"": 19, ""00100"": 5, ""00101"": 22, ""00110"": 23, ""00111"": 7, ""01000"": 5, ""01001"": 35, ""01010"": 25, ""01011"": 10, ""01100"": 22, ""01101"": 6, ""01110"": 4, ""01111"": 24, ""10000"": 7, ""10001"": 36, ""10010"": 22, ""10011"": 8, ""10100"": 22, ""10101"": 7, ""10110"": 7, ""10111"": 17, ""11000"": 26, ""11001"": 5, ""11010"": 8, ""11011"": 27, ""11100"": 11, ""11101"": 32, ""11110"": 25, ""11111"": 7}"
5,7,74007,881621203,3,parity_3,1.8849555921538759,512,26,8,12,"{""rz"": 21, ""cx"": 12, ""sx"": 8, ""measure"": 5, ""barrier"": 1}","{""00000"": 9, ""00001"": 22, ""00010"": 17, ""00011"": 8, ""00100"": 32, ""00101"": 12, ""00110"": 8, ""00111"": 21, ""01000"": 31, ""01001"": 11, ""01010"": 6, ""01011"": 21, ""01100"": 15, ""01101"": 23, ""01110"": 29, ""01111"": 6, ""10000"": 26, ""10001"": 7, ""10010"": 7, ""10011"": 19, ""10100"": 6, ""10101"": 26, ""10110"": 20, ""10111"": 4, ""11000"": 2, ""11001"": 27, ""11010"": 19, ""11011"": 8, ""11100"": 26, ""11101"": 10, ""11110"": 9, ""11111"": 25}"
5,7,74007,666430128,3,parity_4,2.5132741228718345,512,26,8,12,"{""rz"": 21, ""cx"": 12, ""sx"": 8, ""measure"": 5, ""barrier"": 1}","{""00000"": 31, ""00001"": 9, ""00010"": 10, ""00011"": 22, ""00100"": 7, ""00101"": 18, ""00110"": 22, ""00111"": 9, ""01000"": 8, ""01001"": 22, ""01010"": 26, ""01011"": 9, ""01100"": 22, ""01101"": 3, ""01110"": 10, ""01111"": 19, ""10000"": 9, ""10001"": 34, ""10010"": 27, ""10011"": 3, ""10100"": 30, ""10101"": 6, ""10110"": 5, ""10111"": 16, ""11000"": 39, ""11001"": 5, ""11010"": 7, ""11011"": 22, ""11100"": 4, ""11101"": 26, ""11110"": 27, ""11111"": 5}"
5,7,74007,1405922330,5,population,,512,36,5,20,"{""cx"": 20, ""rz"": 10, ""sx"": 5, ""measure"": 5, ""barrier"": 1}","{""00000"": 184, ""00001"": 16, ""00010"": 6, ""00011"": 9, ""00100"": 8, ""00101"": 1, ""00111"": 5, ""01000"": 9, ""01010"": 1, ""01011"": 1, ""01110"": 3, ""01111"": 14, ""10000"": 7, ""10001"": 1, ""10011"": 3, ""10110"": 2, ""10111"": 19, ""11000"": 12, ""11001"": 1, ""11011"": 16, ""11100"": 9, ""11101"": 16, ""11110"": 22, ""11111"": 147}"
5,7,74007,3380667820,5,parity_0,0.0,512,40,10,20,"{""rz"": 25, ""cx"": 20, ""sx"": 10, ""measure"": 5, ""barrier"": 1}","{""00000"": 30, ""00001"": 12, ""00010"": 5, ""00011"": 23, ""00100"": 4, ""00101"": 24, ""00110"": 27, ""00111"": 12, ""01000"": 17, ""01001"": 17, ""01010"": 31, ""01011"": 5, ""01100"": 21, ""01101"": 6, ""01110"": 5, ""01111"": 16, ""10000"": 10, ""10001"": 23, ""10010"": 21, ""10011"": 8, ""10100"": 13, ""10101"": 8, ""10110"": 7, ""10111"": 22, ""11000"": 32, ""11001"": 14, ""11010"": 9, ""11011"": 29, ""11100"": 7, ""11101"": 25, ""11110"": 19, ""11111"": 10}"
5,7,74007,986717203,5,parity_1,0.6283185307179586,512,40,10,20,"{""rz"": 25, ""cx"": 20, ""sx"": 10, ""measure"": 5, ""barrier"": 1}","{""00000"": 11, ""00001"": 20, ""00010"": 19, ""00011"": 5, ""00100"": 33, ""00101"": 10, ""00110"": 16, ""00111"": 25, ""01000"": 31, ""01001"": 5, ""01010"": 3, ""01011"": 26, ""01100"": 11, ""01101"": 20, ""01110"": 30, ""01111"": 7, ""10000"": 21, ""10001"": 13, ""10010"": 7, ""10011"": 21, ""10100"": 3, ""10101"": 28, ""10110"": 20, ""10111"": 7, ""11000"": 8, ""11001"": 15, ""11010"": 15, ""11011"": 11, ""11100"": 23, ""11101"": 12, ""11110"": 4, ""11111"": 32}"
5,7,74007,3131118341,5,parity_2,1.2566370614359172,512,40,10,20,"{""rz"": 25, ""cx"": 20, ""sx"": 10, ""measure"": 5, ""barrier"": 1}","{""00000"": 32, ""00001"": 12, ""00010"": 7, ""00011"": 24, ""00100"": 6, ""00101"": 24, ""00110"": 24, ""00111"": 6, ""01000"": 13, ""01001"": 37, ""01010"": 23, ""01011"": 12, ""01100"": 18, ""01101"": 4, ""01110"": 3, ""01111"": 17, ""10000"": 5, ""10001"": 29, ""10010"": 22, ""10011"": 7, ""10100"": 22, ""10101"": 5, ""10110"": 6, ""10111"": 23, ""11000"": 29, ""11001"": 6, ""11010"": 12, ""11011"": 20, ""11100"": 7, ""11101"": 22, ""11110"": 29, ""11111"": 6}"
5,7,74007,3436861839,5,parity_3,1.8849555921538759,512,40,10,20,"{""rz"": 25, ""cx"": 20, ""sx"": 10, ""measure"": 5, ""barrier"": 1}","{""00000"": 6, ""00001"": 24, ""00010"": 29, ""00011"": 13, ""00100"": 27, ""00101"": 6, ""00110"": 5, ""00111"": 29, ""01000"": 25, ""01001"": 8, ""01010"": 5, ""01011"": 21, ""01100"": 9, ""01101"": 21, ""01110"": 32, ""01111"": 7, ""10000"": 26, ""10001"": 9, ""10010"": 6, ""10011"": 28, ""10100"": 9, ""10101"": 20, ""10110"": 22, ""10111"": 6, ""11000"": 8, ""11001"": 24, ""11010"": 21, ""11011"": 7, ""11100"": 24, ""11101"": 3, ""11110"": 4, ""11111"": 28}"
5,7,74007,3289234703,5,parity_4,2.5132741228718345,512,40,10,20,"{""rz"": 25, ""cx"": 20, ""sx"": 10, ""measure"": 5, ""barrier"": 1}","{""00000"": 26, ""00001"": 5, ""00010"": 11, ""00011"": 22, ""00100"": 7, ""00101"": 27, ""00110"": 27, ""00111"": 9, ""01000"": 3, ""01001"": 16, ""01010"": 24, ""01011"": 9, ""01100"": 18, ""01101"": 6, ""01110"": 5, ""01111"": 27, ""10000"": 5, ""10001"": 23, ""10010"": 28, ""10011"": 9, ""10100"": 21, ""10101"": 17, ""10110"": 5, ""10111"": 31, ""11000"": 24, ""11001"": 8, ""11010"": 12, ""11011"": 30, ""11100"": 4, ""11101"": 22, ""11110"": 21, ""11111"": 10}"
5,8,74008,188375029,1,population,,512,8,1,4,"{""measure"": 5, ""cx"": 4, ""rz"": 2, ""sx"": 1, ""barrier"": 1}","{""00000"": 213, ""00001"": 7, ""00010"": 10, ""00011"": 2, ""00100"": 7, ""00101"": 2, ""00111"": 3, ""01000"": 8, ""01011"": 2, ""01101"": 1, ""01111"": 5, ""10000"": 9, ""10101"": 1, ""10111"": 11, ""11000"": 2, ""11011"": 10, ""11100"": 5, ""11101"": 9, ""11110"": 10, ""11111"": 195}"
5,8,74008,279360381,1,parity_0,0.0,512,12,6,4,"{""rz"": 17, ""sx"": 6, ""measure"": 5, ""cx"": 4, ""barrier"": 1}","{""00000"": 29, ""00001"": 8, ""00010"": 9, ""00011"": 23, ""00100"": 6, ""00101"": 23, ""00110"": 22, ""00111"": 3, ""01000"": 7, ""01001"": 21, ""01010"": 26, ""01011"": 7, ""01100"": 25, ""01101"": 5, ""01110"": 9, ""01111"": 30, ""10000"": 8, ""10001"": 22, ""10010"": 34, ""10011"": 7, ""10100"": 29, ""10101"": 6, ""10110"": 2, ""10111"": 27, ""11000"": 26, ""11001"": 3, ""11010"": 6, ""11011"": 29, ""11100"": 2, ""11101"": 26, ""11110"": 26, ""11111"": 6}"
5,8,74008,4071610755,1,parity_1,0.6283185307179586,512,12,6,4,"{""rz"": 17, ""sx"": 6, ""measure"": 5, ""cx"": 4, ""barrier"": 1}","{""00000"": 13, ""00001"": 27, ""00010"": 32, ""00011"": 8, ""00100"": 31, ""00101"": 2, ""00110"": 5, ""00111"": 25, ""01000"": 29, ""01001"": 9, ""01010"": 3, ""01011"": 23, ""01100"": 4, ""01101"": 26, ""01110"": 30, ""01111"": 8, ""10000"": 22, ""10001"": 3, ""10010"": 6, ""10011"": 23, ""10100"": 5, ""10101"": 20, ""10110"": 25, ""10111"": 4, ""11000"": 8, ""11001"": 25, ""11010"": 28, ""11011"": 9, ""11100"": 21, ""11101"": 9, ""11110"": 5, ""11111"": 24}"
5,8,74008,3899755718,1,parity_2,1.2566370614359172,512,12,6,4,"{""rz"": 17, ""sx"": 6, ""measure"": 5, ""cx"": 4, ""barrier"": 1}","{""00000"": 37, ""00001"": 7, ""00010"": 7, ""00011"": 20, ""00100"": 4, ""00101"": 28, ""00110"": 31, ""00111"": 5, ""01000"": 7, ""01001"": 30, ""01010"": 24, ""01011"": 7, ""01100"": 32, ""01101"": 5, ""01110"": 6, ""01111"": 25, ""10000"": 4, ""10001"": 20, ""10010"": 23, ""10011"": 2, ""10100"": 26, ""10101"": 5, ""10110"": 5, ""10111"": 22, ""11000"": 34, ""11001"": 9, ""11010"": 3, ""11011"": 29, ""11100"": 3, ""11101"": 27, ""11110"": 24, ""11111"": 1}"
5,8,74008,2276015956,1,parity_3,1.8849555921538759,512,12,6,4,"{""rz"": 17, ""sx"": 6, ""measure"": 5, ""cx"": 4, ""barrier"": 1}","{""00000"": 9, ""00001"": 30, ""00010"": 23, ""00011"": 8, ""00100"": 32, ""00101"": 5, ""00110"": 6, ""00111"": 22, ""01000"": 27, ""01001"": 7, ""01010"": 4, ""01011"": 20, ""01100"": 10, ""01101"": 25, ""01110"": 41, ""01111"": 4, ""10000"": 25, ""10001"": 4, ""10010"": 4, ""10011"": 23, ""10100"": 3, ""10101"": 26, ""10110"": 28, ""10111"": 4, ""11000"": 9, ""11001"": 27, ""11010"": 24, ""11011"": 3, ""11100"": 28, ""11101"": 2, ""11110"": 9, ""11111"": 20}"
5,8,74008,2981662722,1,parity_4,2.5132741228718345,512,12,6,4,"{""rz"": 17, ""sx"": 6, ""measure"": 5, ""cx"": 4, ""barrier"": 1}","{""00000"": 21, ""00001"": 8, ""00010"": 7, ""00011"": 19, ""00100"": 9, ""00101"": 21, ""00110"": 26, ""00111"": 10, ""01000"": 9, ""01001"": 28, ""01010"": 27, ""01011"": 8, ""01100"": 31, ""01101"": 2, ""01110"": 4, ""01111"": 23, ""10000"": 6, ""10001"": 21, ""10010"": 21, ""10011"": 4, ""10100"": 30, ""10101"": 6, ""10110"": 4, ""10111"": 26, ""11000"": 27, ""11001"": 5, ""11010"": 7, ""11011"": 30, ""11100"": 9, ""11101"": 25, ""11110"": 36, ""11111"": 2}"
5,8,74008,2291076058,3,population,,512,22,3,12,"{""cx"": 12, ""rz"": 6, ""measure"": 5, ""sx"": 3, ""barrier"": 1}","{""00000"": 192, ""00001"": 14, ""00010"": 3, ""00011"": 5, ""00100"": 5, ""00101"": 2, ""00111"": 5, ""01000"": 3, ""01001"": 1, ""01010"": 1, ""01100"": 2, ""01110"": 2, ""01111"": 9, ""10000"": 8, ""10001"": 1, ""10100"": 3, ""10110"": 2, ""10111"": 12, ""11000"": 5, ""11001"": 1, ""11010"": 1, ""11011"": 10, ""11100"": 4, ""11101"": 16, ""11110"": 21, ""11111"": 184}"
5,8,74008,3008000094,3,parity_0,0.0,512,26,8,12,"{""rz"": 21, ""cx"": 12, ""sx"": 8, ""measure"": 5, ""barrier"": 1}","{""00000"": 23, ""00001"": 10, ""00010"": 12, ""00011"": 22, ""00100"": 10, ""00101"": 25, ""00110"": 25, ""00111"": 7, ""01000"": 14, ""01001"": 19, ""01010"": 18, ""01011"": 13, ""01100"": 33, ""01101"": 6, ""01110"": 6, ""01111"": 20, ""10000"": 7, ""10001"": 23, ""10010"": 20, ""10011"": 10, ""10100"": 25, ""10101"": 5, ""10110"": 10, ""10111"": 24, ""11000"": 27, ""11001"": 8, ""11010"": 4, ""11011"": 26, ""11100"": 9, ""11101"": 24, ""11110"": 23, ""11111"": 4}"
5,8,74008,1697589228,3,parity_1,0.6283185307179586,512,26,8,12,"{""rz"": 21, ""cx"": 12, ""sx"": 8, ""measure"": 5, ""barrier"": 1}","{""00000"": 13, ""00001"": 24, ""00010"": 25, ""00011"": 11, ""00100"": 30, ""00101"": 6, ""00110"": 9, ""00111"": 22, ""01000"": 27, ""01001"": 12, ""01010"": 10, ""01011"": 28, ""01100"": 8, ""01101"": 19, ""01110"": 34, ""01111"": 3, ""10000"": 22, ""10001"": 12, ""10010"": 7, ""10011"": 21, ""10100"": 4, ""10101"": 19, ""10110"": 23, ""10111"": 7, ""11000"": 6, ""11001"": 24, ""11010"": 14, ""11011"": 5, ""11100"": 30, ""11101"": 3, ""11110"": 8, ""11111"": 26}"
5,8,74008,3678735897,3,parity_2,1.2566370614359172,512,26,8,12,"{""rz"": 21, ""cx"": 12, ""sx"": 8, ""measure"": 5, ""barrier"": 1}","{""00000"": 30, ""00001"": 7, ""00010"": 5, ""00011"": 18, ""00100"": 6, ""00101"": 18, ""00110"": 28, ""00111"": 12, ""01000"": 7, ""01001"": 17, ""01010"": 23, ""01011"": 7, ""01100"": 30, ""01101"": 2, ""01110"": 3, ""01111"": 20, ""10000"": 8, ""10001"": 21, ""10010"": 38, ""10011"": 13, ""10100"": 24, ""10101"": 6, ""10110"": 6, ""10111"": 24, ""11000"": 38, ""11001"": 8, ""11010"": 12, ""11011"": 31, ""11100"": 5, ""11101"": 18, ""11110"": 23, ""11111"": 4}"
5,8,74008,1423296498,3,parity_3,1.8849555921538759,512,26,8,12,"{""rz"": 21, ""cx"": 12, ""sx"": 8, ""measure"": 5, ""barrier"": 1}","{""00000"": 9, ""00001"": 24, ""00010"": 19, ""00011"": 15, ""00100"": 22, ""00101"": 3, ""00110"": 8, ""00111"": 26, ""01000"": 26, ""01001"": 2, ""01010"": 6, ""01011"": 26, ""01100"": 6, ""01101"": 29, ""01110"": 26, ""01111"": 6, ""10000"": 20, ""10001"": 16, ""10010"": 6, ""10011"": 27, ""10100"": 8, ""10101"": 27, ""10110"": 15, ""10111"": 10, ""11000"": 5, ""11001"": 28, ""11010"": 23, ""11011"": 9, ""11100"": 22, ""11101"": 6, ""11110"": 11, ""11111"": 26}"
5,8,74008,3571664479,3,parity_4,2.5132741228718345,512,26,8,12,"{""rz"": 21, ""cx"": 12, ""sx"": 8, ""measure"": 5, ""barrier"": 1}","{""00000"": 30, ""00001"": 8, ""00010"": 10, ""00011"": 28, ""00100"": 8, ""00101"": 20, ""00110"": 31, ""00111"": 2, ""01000"": 16, ""01001"": 25, ""01010"": 26, ""01011"": 10, ""01100"": 25, ""01101"": 4, ""01110"": 9, ""01111"": 26, ""10000"": 8, ""10001"": 26, ""10010"": 21, ""10011"": 6, ""10100"": 36, ""10101"": 5, ""10110"": 6, ""10111"": 23, ""11000"": 19, ""11001"": 10, ""11010"": 6, ""11011"": 15, ""11100"": 9, ""11101"": 22, ""11110"": 15, ""11111"": 7}"
5,8,74008,983334302,5,population,,512,36,5,20,"{""cx"": 20, ""rz"": 10, ""sx"": 5, ""measure"": 5, ""barrier"": 1}","{""00000"": 186, ""00001"": 17, ""00010"": 7, ""00011"": 8, ""00100"": 8, ""00101"": 1, ""00110"": 3, ""00111"": 12, ""01000"": 4, ""01011"": 1, ""01100"": 1, ""01101"": 3, ""01110"": 2, ""01111"": 14, ""10000"": 13, ""10001"": 2, ""10010"": 1, ""10011"": 2, ""10100"": 1, ""10110"": 2, ""10111"": 12, ""11000"": 8, ""11010"": 4, ""11011"": 8, ""11100"": 6, ""11101"": 8, ""11110"": 11, ""11111"": 167}"
5,8,74008,1191515578,5,parity_0,0.0,512,40,10,20,"{""rz"": 25, ""cx"": 20, ""sx"": 10, ""measure"": 5, ""barrier"": 1}","{""00000"": 23, ""00001"": 9, ""00010"": 16, ""00011"": 21, ""00100"": 4, ""00101"": 29, ""00110"": 26, ""00111"": 6, ""01000"": 10, ""01001"": 28, ""01010"": 25, ""01011"": 7, ""01100"": 15, ""01101"": 6, ""01110"": 6, ""01111"": 27, ""10000"": 13, ""10001"": 30, ""10010"": 14, ""10011"": 9, ""10100"": 29, ""10101"": 12, ""10110"": 9, ""10111"": 33, ""11000"": 20, ""11001"": 5, ""11010"": 5, ""11011"": 23, ""11100"": 6, ""11101"": 21, ""11110"": 21, ""11111"": 4}"
5,8,74008,2830594198,5,parity_1,0.6283185307179586,512,40,10,20,"{""rz"": 25, ""cx"": 20, ""sx"": 10, ""measure"": 5, ""barrier"": 1}","{""00000"": 8, ""00001"": 13, ""00010"": 15, ""00011"": 11, ""00100"": 28, ""00101"": 6, ""00110"": 7, ""00111"": 24, ""01000"": 20, ""01001"": 15, ""01010"": 3, ""01011"": 22, ""01100"": 7, ""01101"": 21, ""01110"": 26, ""01111"": 9, ""10000"": 32, ""10001"": 9, ""10010"": 9, ""10011"": 31, ""10100"": 5, ""10101"": 31, ""10110"": 22, ""10111"": 6, ""11000"": 7, ""11001"": 31, ""11010"": 30, ""11011"": 4, ""11100"": 23, ""11101"": 9, ""11110"": 9, ""11111"": 19}"
5,8,74008,324149494,5,parity_2,1.2566370614359172,512,40,10,20,"{""rz"": 25, ""cx"": 20, ""sx"": 10, ""measure"": 5, ""barrier"": 1}","{""00000"": 17, ""00001"": 8, ""00010"": 10, ""00011"": 22, ""00100"": 6, ""00101"": 27, ""00110"": 17, ""00111"": 4, ""01000"": 6, ""01001"": 22, ""01010"": 21, ""01011"": 9, ""01100"": 28, ""01101"": 7, ""01110"": 11, ""01111"": 22, ""10000"": 12, ""10001"": 23, ""10010"": 27, ""10011"": 3, ""10100"": 25, ""10101"": 7, ""10110"": 8, ""10111"": 22, ""11000"": 27, ""11001"": 9, ""11010"": 7, ""11011"": 29, ""11100"": 14, ""11101"": 30, ""11110"": 21, ""11111"": 11}"
5,8,74008,3815049719,5,parity_3,1.8849555921538759,512,40,10,20,"{""rz"": 25, ""cx"": 20, ""sx"": 10, ""measure"": 5, ""barrier"": 1}","{""00000"": 12, ""00001"": 25, ""00010"": 27, ""00011"": 9, ""00100"": 27, ""00101"": 8, ""00110"": 13, ""00111"": 25, ""01000"": 17, ""01001"": 7, ""01010"": 4, ""01011"": 25, ""01100"": 7, ""01101"": 23, ""01110"": 19, ""01111"": 6, ""10000"": 24, ""10001"": 6, ""10010"": 14, ""10011"": 25, ""10100"": 9, ""10101"": 23, ""10110"": 27, ""10111"": 5, ""11000"": 10, ""11001"": 26, ""11010"": 20, ""11011"": 3, ""11100"": 31, ""11101"": 5, ""11110"": 8, ""11111"": 22}"
5,8,74008,1223119799,5,parity_4,2.5132741228718345,512,40,10,20,"{""rz"": 25, ""cx"": 20, ""sx"": 10, ""measure"": 5, ""barrier"": 1}","{""00000"": 27, ""00001"": 10, ""00010"": 9, ""00011"": 15, ""00100"": 18, ""00101"": 25, ""00110"": 18, ""00111"": 12, ""01000"": 7, ""01001"": 19, ""01010"": 19, ""01011"": 5, ""01100"": 31, ""01101"": 10, ""01110"": 8, ""01111"": 28, ""10000"": 8, ""10001"": 23, ""10010"": 17, ""10011"": 7, ""10100"": 29, ""10101"": 15, ""10110"": 7, ""10111"": 21, ""11000"": 22, ""11001"": 10, ""11010"": 10, ""11011"": 14, ""11100"": 11, ""11101"": 26, ""11110"": 21, ""11111"": 10}"
5,9,74009,299100530,1,population,,512,8,1,4,"{""measure"": 5, ""cx"": 4, ""rz"": 2, ""sx"": 1, ""barrier"": 1}","{""00000"": 212, ""00001"": 11, ""00010"": 11, ""00011"": 1, ""00100"": 8, ""00101"": 1, ""00111"": 4, ""01000"": 9, ""01001"": 2, ""01110"": 2, ""01111"": 11, ""10000"": 8, ""10100"": 2, ""10111"": 11, ""11000"": 2, ""11001"": 1, ""11011"": 9, ""11100"": 2, ""11101"": 8, ""11110"": 20, ""11111"": 177}"
5,9,74009,2799354622,1,parity_0,0.0,512,12,6,4,"{""rz"": 17, ""sx"": 6, ""measure"": 5, ""cx"": 4, ""barrier"": 1}","{""00000"": 24, ""00001"": 6, ""00010"": 7, ""00011"": 32, ""00100"": 7, ""00101"": 34, ""00110"": 20, ""00111"": 3, ""01000"": 6, ""01001"": 24, ""01010"": 27, ""01011"": 9, ""01100"": 35, ""01101"": 5, ""01110"": 7, ""01111"": 29, ""10000"": 7, ""10001"": 22, ""10010"": 28, ""10011"": 2, ""10100"": 25, ""10101"": 8, ""10110"": 5, ""10111"": 20, ""11000"": 24, ""11001"": 6, ""11010"": 7, ""11011"": 25, ""11100"": 4, ""11101"": 27, ""11110"": 23, ""11111"": 4}"
5,9,74009,1448452701,1,parity_1,0.6283185307179586,512,12,6,4,"{""rz"": 17, ""sx"": 6, ""measure"": 5, ""cx"": 4, ""barrier"": 1}","{""00000"": 7, ""00001"": 28, ""00010"": 35, ""00011"": 7, ""00100"": 27, ""00101"": 6, ""00110"": 11, ""00111"": 24, ""01000"": 29, ""01001"": 7, ""01010"": 5, ""01011"": 25, ""01100"": 7, ""01101"": 16, ""01110"": 30, ""01111"": 4, ""10000"": 17, ""10001"": 9, ""10010"": 8, ""10011"": 27, ""10100"": 7, ""10101"": 25, ""10110"": 19, ""10111"": 7, ""11000"": 6, ""11001"": 23, ""11010"": 19, ""11011"": 7, ""11100"": 33, ""11101"": 8, ""11110"": 6, ""11111"": 23}"
5,9,74009,590661439,1,parity_2,1.2566370614359172,512,12,6,4,"{""rz"": 17, ""sx"": 6, ""measure"": 5, ""cx"": 4, ""barrier"": 1}","{""00000"": 40, ""00001"": 6, ""00010"": 6, ""00011"": 18, ""00100"": 6, ""00101"": 36, ""00110"": 26, ""00111"": 4, ""01000"": 5, ""01001"": 20, ""01010"": 24, ""01011"": 10, ""01100"": 22, ""01101"": 9, ""01110"": 7, ""01111"": 20, ""10000"": 13, ""10001"": 26, ""10010"": 20, ""10011"": 5, ""10100"": 25, ""10101"": 11, ""10110"": 6, ""10111"": 22, ""11000"": 26, ""11001"": 5, ""11010"": 6, ""11011"": 26, ""11100"": 8, ""11101"": 24, ""11110"": 27, ""11111"": 3}"
5,9,74009,3188217105,1,parity_3,1.8849555921538759,512,12,6,4,"{""rz"": 17, ""sx"": 6, ""measure"": 5, ""cx"": 4, ""barrier"": 1}","{""00000"": 6, ""00001"": 21, ""00010"": 24, ""00011"": 10, ""00100"": 23, ""00101"": 13, ""00110"": 4, ""00111"": 18, ""01000"": 31, ""01001"": 4, ""01010"": 5, ""01011"": 27, ""01100"": 5, ""01101"": 27, ""01110"": 24, ""01111"": 3, ""10000"": 26, ""10001"": 5, ""10010"": 6, ""10011"": 30, ""10100"": 10, ""10101"": 19, ""10110"": 31, ""10111"": 3, ""11000"": 4, ""11001"": 29, ""11010"": 36, ""11011"": 11, ""11100"": 20, ""11101"": 4, ""11110"": 8, ""11111"": 25}"
5,9,74009,2828012638,1,parity_4,2.5132741228718345,512,12,6,4,"{""rz"": 17, ""sx"": 6, ""measure"": 5, ""cx"": 4, ""barrier"": 1}","{""00000"": 24, ""00001"": 11, ""00010"": 3, ""00011"": 28, ""00100"": 7, ""00101"": 23, ""00110"": 30, ""00111"": 9, ""01000"": 7, ""01001"": 28, ""01010"": 36, ""01011"": 6, ""01100"": 25, ""01101"": 6, ""01110"": 2, ""01111"": 12, ""10000"": 5, ""10001"": 25, ""10010"": 25, ""10011"": 8, ""10100"": 33, ""10101"": 3, ""10110"": 7, ""10111"": 22, ""11000"": 33, ""11001"": 5, ""11010"": 5, ""11011"": 24, ""11100"": 7, ""11101"": 27, ""11110"": 18, ""11111"": 8}"
5,9,74009,805440895,3,population,,512,22,3,12,"{""cx"": 12, ""rz"": 6, ""measure"": 5, ""sx"": 3, ""barrier"": 1}","{""00000"": 183, ""00001"": 14, ""00010"": 11, ""00011"": 7, ""00100"": 4, ""00101"": 2, ""00111"": 1, ""01000"": 9, ""01010"": 2, ""01011"": 2, ""01100"": 2, ""01101"": 1, ""01110"": 2, ""01111"": 7, ""10000"": 9, ""10001"": 1, ""10011"": 3, ""10101"": 2, ""10110"": 2, ""10111"": 6, ""11000"": 7, ""11010"": 2, ""11011"": 16, ""11100"": 5, ""11101"": 9, ""11110"": 14, ""11111"": 189}"
5,9,74009,1206195476,3,parity_0,0.0,512,26,8,12,"{""rz"": 21, ""cx"": 12, ""sx"": 8, ""measure"": 5, ""barrier"": 1}","{""00000"": 27, ""00001"": 7, ""00010"": 12, ""00011"": 34, ""00100"": 8, ""00101"": 17, ""00110"": 27, ""00111"": 7, ""01000"": 10, ""01001"": 26, ""01010"": 26, ""01011"": 7, ""01100"": 16, ""01101"": 8, ""01110"": 5, ""01111"": 30, ""10000"": 7, ""10001"": 31, ""10010"": 15, ""10011"": 5, ""10100"": 21, ""10101"": 4, ""10110"": 11, ""10111"": 26, ""11000"": 18, ""11001"": 10, ""11010"": 13, ""11011"": 17, ""11100"": 5, ""11101"": 33, ""11110"": 24, ""11111"": 5}"
5,9,74009,412561043,3,parity_1,0.6283185307179586,512,26,8,12,"{""rz"": 21, ""cx"": 12, ""sx"": 8, ""measure"": 5, ""barrier"": 1}","{""00000"": 3, ""00001"": 24, ""00010"": 26, ""00011"": 4, ""00100"": 20, ""00101"": 10, ""00110"": 9, ""00111"": 19, ""01000"": 24, ""01001"": 9, ""01010"": 12, ""01011"": 15, ""01100"": 2, ""01101"": 27, ""01110"": 31, ""01111"": 6, ""10000"": 25, ""10001"": 15, ""10010"": 2, ""10011"": 29, ""10100"": 6, ""10101"": 30, ""10110"": 21, ""10111"": 8, ""11000"": 5, ""11001"": 23, ""11010"": 26, ""11011"": 8, ""11100"": 27, ""11101"": 7, ""11110"": 8, ""11111"": 31}"
5,9,74009,2602012646,3,parity_2,1.2566370614359172,512,26,8,12,"{""rz"": 21, ""cx"": 12, ""sx"": 8, ""measure"": 5, ""barrier"": 1}","{""00000"": 20, ""00001"": 8, ""00010"": 6, ""00011"": 28, ""00100"": 6, ""00101"": 31, ""00110"": 25, ""00111"": 11, ""01000"": 10, ""01001"": 21, ""01010"": 25, ""01011"": 3, ""01100"": 21, ""01101"": 13, ""01110"": 5, ""01111"": 19, ""10000"": 4, ""10001"": 31, ""10010"": 29, ""10011"": 12, ""10100"": 22, ""10101"": 8, ""10110"": 8, ""10111"": 25, ""11000"": 32, ""11001"": 9, ""11010"": 9, ""11011"": 24, ""11100"": 4, ""11101"": 20, ""11110"": 19, ""11111"": 4}"
5,9,74009,1559357409,3,parity_3,1.8849555921538759,512,26,8,12,"{""rz"": 21, ""cx"": 12, ""sx"": 8, ""measure"": 5, ""barrier"": 1}","{""00000"": 11, ""00001"": 23, ""00010"": 29, ""00011"": 8, ""00100"": 28, ""00101"": 6, ""00110"": 7, ""00111"": 25, ""01000"": 28, ""01001"": 5, ""01010"": 4, ""01011"": 21, ""01100"": 8, ""01101"": 24, ""01110"": 25, ""01111"": 6, ""10000"": 28, ""10001"": 11, ""10010"": 5, ""10011"": 20, ""10100"": 9, ""10101"": 32, ""10110"": 27, ""10111"": 8, ""11000"": 10, ""11001"": 19, ""11010"": 24, ""11011"": 7, ""11100"": 21, ""11101"": 9, ""11110"": 5, ""11111"": 19}"
5,9,74009,2586970179,3,parity_4,2.5132741228718345,512,26,8,12,"{""rz"": 21, ""cx"": 12, ""sx"": 8, ""measure"": 5, ""barrier"": 1}","{""00000"": 25, ""00001"": 9, ""00010"": 5, ""00011"": 24, ""00100"": 9, ""00101"": 33, ""00110"": 30, ""00111"": 7, ""01000"": 10, ""01001"": 22, ""01010"": 35, ""01011"": 5, ""01100"": 29, ""01101"": 5, ""01110"": 4, ""01111"": 25, ""10000"": 4, ""10001"": 25, ""10010"": 21, ""10011"": 8, ""10100"": 17, ""10101"": 7, ""10110"": 4, ""10111"": 21, ""11000"": 17, ""11001"": 4, ""11010"": 13, ""11011"": 30, ""11100"": 11, ""11101"": 29, ""11110"": 20, ""11111"": 4}"
5,9,74009,1542410101,5,population,,512,36,5,20,"{""cx"": 20, ""rz"": 10, ""sx"": 5, ""measure"": 5, ""barrier"": 1}","{""00000"": 192, ""00001"": 18, ""00010"": 12, ""00011"": 7, ""00100"": 8, ""00101"": 2, ""00110"": 3, ""00111"": 11, ""01000"": 11, ""01001"": 1, ""01011"": 2, ""01100"": 1, ""01101"": 2, ""01110"": 1, ""01111"": 13, ""10000"": 9, ""10011"": 2, ""10110"": 3, ""10111"": 11, ""11000"": 13, ""11010"": 1, ""11011"": 6, ""11100"": 3, ""11101"": 8, ""11110"": 16, ""11111"": 156}"
5,9,74009,282566518,5,parity_0,0.0,512,40,10,20,"{""rz"": 25, ""cx"": 20, ""sx"": 10, ""measure"": 5, ""barrier"": 1}","{""00000"": 25, ""00001"": 10, ""00010"": 7, ""00011"": 18, ""00100"": 9, ""00101"": 20, ""00110"": 34, ""00111"": 5, ""01000"": 12, ""01001"": 29, ""01010"": 24, ""01011"": 5, ""01100"": 23, ""01101"": 4, ""01110"": 10, ""01111"": 17, ""10000"": 14, ""10001"": 28, ""10010"": 32, ""10011"": 8, ""10100"": 23, ""10101"": 10, ""10110"": 13, ""10111"": 22, ""11000"": 20, ""11001"": 10, ""11010"": 2, ""11011"": 21, ""11100"": 6, ""11101"": 20, ""11110"": 23, ""11111"": 8}"
5,9,74009,4031140606,5,parity_1,0.6283185307179586,512,40,10,20,"{""rz"": 25, ""cx"": 20, ""sx"": 10, ""measure"": 5, ""barrier"": 1}","{""00000"": 12, ""00001"": 31, ""00010"": 23, ""00011"": 7, ""00100"": 30, ""00101"": 9, ""00110"": 7, ""00111"": 19, ""01000"": 21, ""01001"": 7, ""01010"": 13, ""01011"": 27, ""01100"": 12, ""01101"": 24, ""01110"": 23, ""01111"": 5, ""10000"": 18, ""10001"": 8, ""10010"": 11, ""10011"": 25, ""10100"": 10, ""10101"": 19, ""10110"": 19, ""10111"": 8, ""11000"": 11, ""11001"": 21, ""11010"": 33, ""11011"": 8, ""11100"": 25, ""11101"": 3, ""11110"": 8, ""11111"": 15}"
5,9,74009,113913639,5,parity_2,1.2566370614359172,512,40,10,20,"{""rz"": 25, ""cx"": 20, ""sx"": 10, ""measure"": 5, ""barrier"": 1}","{""00000"": 25, ""00001"": 12, ""00010"": 8, ""00011"": 22, ""00100"": 10, ""00101"": 28, ""00110"": 22, ""00111"": 6, ""01000"": 11, ""01001"": 29, ""01010"": 25, ""01011"": 5, ""01100"": 19, ""01101"": 14, ""01110"": 9, ""01111"": 14, ""10000"": 10, ""10001"": 25, ""10010"": 22, ""10011"": 5, ""10100"": 19, ""10101"": 9, ""10110"": 7, ""10111"": 27, ""11000"": 31, ""11001"": 7, ""11010"": 12, ""11011"": 32, ""11100"": 9, ""11101"": 19, ""11110"": 14, ""11111"": 5}"
5,9,74009,625270663,5,parity_3,1.8849555921538759,512,40,10,20,"{""rz"": 25, ""cx"": 20, ""sx"": 10, ""measure"": 5, ""barrier"": 1}","{""00000"": 9, ""00001"": 19, ""00010"": 29, ""00011"": 5, ""00100"": 24, ""00101"": 10, ""00110"": 9, ""00111"": 23, ""01000"": 21, ""01001"": 4, ""01010"": 8, ""01011"": 27, ""01100"": 7, ""01101"": 17, ""01110"": 31, ""01111"": 8, ""10000"": 28, ""10001"": 5, ""10010"": 8, ""10011"": 28, ""10100"": 9, ""10101"": 25, ""10110"": 25, ""10111"": 12, ""11000"": 11, ""11001"": 20, ""11010"": 19, ""11011"": 7, ""11100"": 23, ""11101"": 10, ""11110"": 6, ""11111"": 25}"
5,9,74009,2931420989,5,parity_4,2.5132741228718345,512,40,10,20,"{""rz"": 25, ""cx"": 20, ""sx"": 10, ""measure"": 5, ""barrier"": 1}","{""00000"": 23, ""00001"": 13, ""00010"": 22, ""00011"": 24, ""00100"": 2, ""00101"": 17, ""00110"": 29, ""00111"": 8, ""01000"": 13, ""01001"": 18, ""01010"": 26, ""01011"": 4, ""01100"": 27, ""01101"": 6, ""01110"": 13, ""01111"": 24, ""10000"": 13, ""10001"": 24, ""10010"": 28, ""10011"": 4, ""10100"": 25, ""10101"": 6, ""10110"": 4, ""10111"": 22, ""11000"": 23, ""11001"": 6, ""11010"": 4, ""11011"": 25, ""11100"": 9, ""11101"": 26, ""11110"": 19, ""11111"": 5}"
5,10,74010,953926035,1,population,,512,8,1,4,"{""measure"": 5, ""cx"": 4, ""rz"": 2, ""sx"": 1, ""barrier"": 1}","{""00000"": 228, ""00001"": 7, ""00010"": 11, ""00011"": 1, ""00100"": 8, ""00101"": 1, ""00110"": 1, ""00111"": 1, ""01000"": 7, ""01011"": 1, ""01110"": 2, ""01111"": 5, ""10000"": 11, ""10101"": 1, ""10111"": 15, ""11000"": 2, ""11001"": 1, ""11011"": 9, ""11100"": 4, ""11101"": 12, ""11110"": 6, ""11111"": 178}"
5,10,74010,1990605921,1,parity_0,0.0,512,12,6,4,"{""rz"": 17, ""sx"": 6, ""measure"": 5, ""cx"": 4, ""barrier"": 1}","{""00000"": 25, ""00001"": 5, ""00010"": 4, ""00011"": 22, ""00100"": 7, ""00101"": 26, ""00110"": 28, ""00111"": 4, ""01000"": 7, ""01001"": 28, ""01010"": 22, ""01011"": 11, ""01100"": 34, ""01101"": 4, ""01110"": 7, ""01111"": 24, ""10000"": 8, ""10001"": 30, ""10010"": 32, ""10011"": 5, ""10100"": 19, ""10101"": 11, ""10110"": 5, ""10111"": 25, ""11000"": 26, ""11001"": 7, ""11010"": 4, ""11011"": 22, ""11100"": 8, ""11101"": 22, ""11110"": 28, ""11111"": 2}"
5,10,74010,4207532943,1,parity_1,0.6283185307179586,512,12,6,4,"{""rz"": 17, ""sx"": 6, ""measure"": 5, ""cx"": 4, ""barrier"": 1}","{""00000"": 6, ""00001"": 32, ""00010"": 29, ""00011"": 3, ""00100"": 24, ""00101"": 8, ""00110"": 7, ""00111"": 30, ""01000"": 25, ""01001"": 6, ""01010"": 4, ""01011"": 31, ""01100"": 5, ""01101"": 31, ""01110"": 20, ""01111"": 2, ""10000"": 18, ""10001"": 11, ""10010"": 9, ""10011"": 24, ""10100"": 9, ""10101"": 25, ""10110"": 17, ""10111"": 6, ""11000"": 11, ""11001"": 22, ""11010"": 29, ""11011"": 3, ""11100"": 21, ""11101"": 3, ""11110"": 12, ""11111"": 29}"
5,10,74010,221726803,1,parity_2,1.2566370614359172,512,12,6,4,"{""rz"": 17, ""sx"": 6, ""measure"": 5, ""cx"": 4, ""barrier"": 1}","{""00000"": 26, ""00001"": 11, ""00010"": 7, ""00011"": 37, ""00100"": 4, ""00101"": 29, ""00110"": 29, ""00111"": 3, ""01000"": 7, ""01001"": 20, ""01010"": 28, ""01011"": 7, ""01100"": 20, ""01101"": 2, ""01110"": 5, ""01111"": 26, ""10000"": 3, ""10001"": 23, ""10010"": 33, ""10011"": 10, ""10100"": 20, ""10101"": 4, ""10110"": 8, ""10111"": 27, ""11000"": 35, ""11001"": 4, ""11010"": 7, ""11011"": 23, ""11100"": 5, ""11101"": 22, ""11110"": 20, ""11111"": 7}"
5,10,74010,598416150,1,parity_3,1.8849555921538759,512,12,6,4,"{""rz"": 17, ""sx"": 6, ""measure"": 5, ""cx"": 4, ""barrier"": 1}","{""00000"": 3, ""00001"": 25, ""00010"": 29, ""00011"": 8, ""00100"": 21, ""00101"": 3, ""00110"": 9, ""00111"": 29, ""01000"": 36, ""01001"": 8, ""01010"": 9, ""01011"": 22, ""01100"": 3, ""01101"": 19, ""01110"": 31, ""01111"": 11, ""10000"": 22, ""10001"": 7, ""10010"": 6, ""10011"": 22, ""10100"": 8, ""10101"": 26, ""10110"": 28, ""10111"": 4, ""11000"": 5, ""11001"": 27, ""11010"": 26, ""11011"": 6, ""11100"": 27, ""11101"": 4, ""11110"": 4, ""11111"": 24}"
5,10,74010,1150939463,1,parity_4,2.5132741228718345,512,12,6,4,"{""rz"": 17, ""sx"": 6, ""measure"": 5, ""cx"": 4, ""barrier"": 1}","{""00000"": 26, ""00001"": 5, ""00010"": 7, ""00011"": 25, ""00100"": 8, ""00101"": 29, ""00110"": 25, ""00111"": 3, ""01000"": 9, ""01001"": 23, ""01010"": 27, ""01011"": 4, ""01100"": 29, ""01101"": 4, ""01110"": 4, ""01111"": 23, ""10000"": 5, ""10001"": 29, ""10010"": 25, ""10011"": 7, ""10100"": 28, ""10101"": 3, ""10110"": 2, ""10111"": 28, ""11000"": 29, ""11001"": 11, ""11010"": 11, ""11011"": 17, ""11100"": 3, ""11101"": 35, ""11110"": 22, ""11111"": 6}"
5,10,74010,4233395686,3,population,,512,22,3,12,"{""cx"": 12, ""rz"": 6, ""measure"": 5, ""sx"": 3, ""barrier"": 1}","{""00000"": 202, ""00001"": 10, ""00010"": 9, ""00011"": 3, ""00100"": 16, ""00101"": 1, ""00111"": 1, ""01000"": 11, ""01011"": 3, ""01100"": 1, ""01101"": 1, ""01111"": 12, ""10000"": 7, ""10010"": 1, ""10101"": 1, ""10110"": 3, ""10111"": 16, ""11000"": 5, ""11010"": 1, ""11011"": 16, ""11100"": 3, ""11101"": 11, ""11110"": 21, ""11111"": 157}"
5,10,74010,2518093074,3,parity_0,0.0,512,26,8,12,"{""rz"": 21, ""cx"": 12, ""sx"": 8, ""measure"": 5, ""barrier"": 1}","{""00000"": 27, ""00001"": 7, ""00010"": 5, ""00011"": 27, ""00100"": 7, ""00101"": 37, ""00110"": 22, ""00111"": 6, ""01000"": 7, ""01001"": 32, ""01010"": 18, ""01011"": 6, ""01100"": 30, ""01101"": 11, ""01110"": 5, ""01111"": 21, ""10000"": 10, ""10001"": 40, ""10010"": 27, ""10011"": 4, ""10100"": 29, ""10101"": 9, ""10110"": 3, ""10111"": 25, ""11000"": 20, ""11001"": 5, ""11010"": 3, ""11011"": 23, ""11100"": 6, ""11101"": 27, ""11110"": 11, ""11111"": 2}"
5,10,74010,2382323341,3,parity_1,0.6283185307179586,512,26,8,12,"{""rz"": 21, ""cx"": 12, ""sx"": 8, ""measure"": 5, ""barrier"": 1}","{""00000"": 7, ""00001"": 26, ""00010"": 30, ""00011"": 10, ""00100"": 23, ""00101"": 9, ""00110"": 12, ""00111"": 24, ""01000"": 23, ""01001"": 10, ""01010"": 9, ""01011"": 32, ""01100"": 3, ""01101"": 30, ""01110"": 16, ""01111"": 5, ""10000"": 30, ""10001"": 9, ""10010"": 9, ""10011"": 18, ""10100"": 6, ""10101"": 20, ""10110"": 20, ""10111"": 8, ""11000"": 11, ""11001"": 22, ""11010"": 26, ""11011"": 5, ""11100"": 23, ""11101"": 8, ""11110"": 4, ""11111"": 24}"
5,10,74010,2726808313,3,parity_2,1.2566370614359172,512,26,8,12,"{""rz"": 21, ""cx"": 12, ""sx"": 8, ""measure"": 5, ""barrier"": 1}","{""00000"": 26, ""00001"": 8, ""00010"": 5, ""00011"": 28, ""00100"": 14, ""00101"": 29, ""00110"": 18, ""00111"": 9, ""01000"": 4, ""01001"": 31, ""01010"": 31, ""01011"": 6, ""01100"": 33, ""01101"": 6, ""01110"": 7, ""01111"": 25, ""10000"": 9, ""10001"": 21, ""10010"": 23, ""10011"": 10, ""10100"": 23, ""10101"": 6, ""10110"": 2, ""10111"": 22, ""11000"": 25, ""11001"": 3, ""11010"": 5, ""11011"": 32, ""11100"": 7, ""11101"": 15, ""11110"": 25, ""11111"": 4}"
5,10,74010,1556068969,3,parity_3,1.8849555921538759,512,26,8,12,"{""rz"": 21, ""cx"": 12, ""sx"": 8, ""measure"": 5, ""barrier"": 1}","{""00000"": 6, ""00001"": 29, ""00010"": 26, ""00011"": 3, ""00100"": 32, ""00101"": 9, ""00110"": 9, ""00111"": 24, ""01000"": 30, ""01001"": 7, ""01010"": 9, ""01011"": 22, ""01100"": 11, ""01101"": 19, ""01110"": 29, ""01111"": 7, ""10000"": 21, ""10001"": 6, ""10010"": 3, ""10011"": 21, ""10100"": 10, ""10101"": 17, ""10110"": 29, ""10111"": 6, ""11000"": 11, ""11001"": 34, ""11010"": 25, ""11011"": 4, ""11100"": 30, ""11101"": 5, ""11110"": 2, ""11111"": 16}"
5,10,74010,2846836412,3,parity_4,2.5132741228718345,512,26,8,12,"{""rz"": 21, ""cx"": 12, ""sx"": 8, ""measure"": 5, ""barrier"": 1}","{""00000"": 22, ""00001"": 10, ""00010"": 7, ""00011"": 24, ""00100"": 7, ""00101"": 27, ""00110"": 22, ""00111"": 6, ""01000"": 11, ""01001"": 26, ""01010"": 31, ""01011"": 3, ""01100"": 20, ""01101"": 5, ""01110"": 9, ""01111"": 18, ""10000"": 3, ""10001"": 30, ""10010"": 35, ""10011"": 10, ""10100"": 30, ""10101"": 4, ""10110"": 8, ""10111"": 21, ""11000"": 25, ""11001"": 9, ""11010"": 6, ""11011"": 15, ""11100"": 8, ""11101"": 24, ""11110"": 30, ""11111"": 6}"
5,10,74010,3007595813,5,population,,512,36,5,20,"{""cx"": 20, ""rz"": 10, ""sx"": 5, ""measure"": 5, ""barrier"": 1}","{""00000"": 190, ""00001"": 9, ""00010"": 12, ""00011"": 7, ""00100"": 11, ""00101"": 2, ""00110"": 2, ""00111"": 5, ""01000"": 16, ""01001"": 1, ""01010"": 1, ""01011"": 3, ""01100"": 1, ""01101"": 2, ""01110"": 2, ""01111"": 9, ""10000"": 12, ""10001"": 1, ""10100"": 1, ""10110"": 1, ""10111"": 11, ""11000"": 8, ""11001"": 3, ""11011"": 10, ""11100"": 14, ""11101"": 6, ""11110"": 13, ""11111"": 159}"
5,10,74010,731728493,5,parity_0,0.0,512,40,10,20,"{""rz"": 25, ""cx"": 20, ""sx"": 10, ""measure"": 5, ""barrier"": 1}","{""00000"": 29, ""00001"": 11, ""00010"": 11, ""00011"": 24, ""00100"": 11, ""00101"": 20, ""00110"": 25, ""00111"": 2, ""01000"": 10, ""01001"": 26, ""01010"": 24, ""01011"": 3, ""01100"": 22, ""01101"": 10, ""01110"": 9, ""01111"": 21, ""10000"": 11, ""10001"": 27, ""10010"": 25, ""10011"": 6, ""10100"": 19, ""10101"": 9, ""10110"": 7, ""10111"": 18, ""11000"": 21, ""11001"": 7, ""11010"": 7, ""11011"": 32, ""11100"": 8, ""11101"": 34, ""11110"": 18, ""11111"": 5}"
5,10,74010,3674500139,5,parity_1,0.6283185307179586,512,40,10,20,"{""rz"": 25, ""cx"": 20, ""sx"": 10, ""measure"": 5, ""barrier"": 1}","{""00000"": 11, ""00001"": 31, ""00010"": 19, ""00011"": 6, ""00100"": 22, ""00101"": 7, ""00110"": 7, ""00111"": 27, ""01000"": 27, ""01001"": 8, ""01010"": 12, ""01011"": 30, ""01100"": 12, ""01101"": 15, ""01110"": 23, ""01111"": 9, ""10000"": 17, ""10001"": 4, ""10010"": 8, ""10011"": 21, ""10100"": 11, ""10101"": 15, ""10110"": 28, ""10111"": 5, ""11000"": 7, ""11001"": 19, ""11010"": 28, ""11011"": 8, ""11100"": 36, ""11101"": 6, ""11110"": 12, ""11111"": 21}"
5,10,74010,2918603671,5,parity_2,1.2566370614359172,512,40,10,20,"{""rz"": 25, ""cx"": 20, ""sx"": 10, ""measure"": 5, ""barrier"": 1}","{""00000"": 15, ""00001"": 4, ""00010"": 7, ""00011"": 24, ""00100"": 10, ""00101"": 26, ""00110"": 26, ""00111"": 9, ""01000"": 8, ""01001"": 23, ""01010"": 23, ""01011"": 7, ""01100"": 29, ""01101"": 7, ""01110"": 7, ""01111"": 19, ""10000"": 13, ""10001"": 18, ""10010"": 26, ""10011"": 6, ""10100"": 21, ""10101"": 11, ""10110"": 12, ""10111"": 27, ""11000"": 30, ""11001"": 8, ""11010"": 8, ""11011"": 22, ""11100"": 7, ""11101"": 25, ""11110"": 29, ""11111"": 5}"
5,10,74010,3373086034,5,parity_3,1.8849555921538759,512,40,10,20,"{""rz"": 25, ""cx"": 20, ""sx"": 10, ""measure"": 5, ""barrier"": 1}","{""00000"": 12, ""00001"": 23, ""00010"": 24, ""00011"": 9, ""00100"": 25, ""00101"": 13, ""00110"": 9, ""00111"": 24, ""01000"": 25, ""01001"": 8, ""01010"": 5, ""01011"": 26, ""01100"": 8, ""01101"": 22, ""01110"": 33, ""01111"": 9, ""10000"": 23, ""10001"": 11, ""10010"": 9, ""10011"": 24, ""10100"": 5, ""10101"": 21, ""10110"": 29, ""10111"": 9, ""11000"": 6, ""11001"": 17, ""11010"": 21, ""11011"": 10, ""11100"": 20, ""11101"": 2, ""11110"": 3, ""11111"": 27}"
5,10,74010,2986260051,5,parity_4,2.5132741228718345,512,40,10,20,"{""rz"": 25, ""cx"": 20, ""sx"": 10, ""measure"": 5, ""barrier"": 1}","{""00000"": 32, ""00001"": 10, ""00010"": 9, ""00011"": 28, ""00100"": 9, ""00101"": 26, ""00110"": 26, ""00111"": 8, ""01000"": 10, ""01001"": 22, ""01010"": 30, ""01011"": 9, ""01100"": 24, ""01101"": 4, ""01110"": 13, ""01111"": 23, ""10000"": 8, ""10001"": 18, ""10010"": 18, ""10011"": 2, ""10100"": 24, ""10101"": 9, ""10110"": 11, ""10111"": 26, ""11000"": 21, ""11001"": 7, ""11010"": 10, ""11011"": 26, ""11100"": 8, ""11101"": 27, ""11110"": 13, ""11111"": 1}"
5,11,74011,4014840017,1,population,,512,8,1,4,"{""measure"": 5, ""cx"": 4, ""rz"": 2, ""sx"": 1, ""barrier"": 1}","{""00000"": 214, ""00001"": 7, ""00010"": 7, ""00011"": 2, ""00100"": 4, ""00101"": 1, ""00111"": 1, ""01000"": 7, ""01001"": 1, ""01101"": 1, ""01111"": 16, ""10000"": 3, ""10010"": 1, ""10011"": 2, ""10110"": 1, ""10111"": 16, ""11000"": 1, ""11001"": 1, ""11010"": 1, ""11011"": 9, ""11100"": 5, ""11101"": 12, ""11110"": 7, ""11111"": 192}"
5,11,74011,530615923,1,parity_0,0.0,512,12,6,4,"{""rz"": 17, ""sx"": 6, ""measure"": 5, ""cx"": 4, ""barrier"": 1}","{""00000"": 34, ""00001"": 8, ""00010"": 8, ""00011"": 25, ""00100"": 8, ""00101"": 22, ""00110"": 23, ""00111"": 5, ""01000"": 9, ""01001"": 21, ""01010"": 16, ""01011"": 4, ""01100"": 29, ""01101"": 1, ""01110"": 9, ""01111"": 28, ""10000"": 3, ""10001"": 21, ""10010"": 31, ""10011"": 4, ""10100"": 35, ""10101"": 9, ""10110"": 7, ""10111"": 26, ""11000"": 32, ""11001"": 9, ""11010"": 6, ""11011"": 23, ""11100"": 2, ""11101"": 26, ""11110"": 23, ""11111"": 5}"
5,11,74011,2735004875,1,parity_1,0.6283185307179586,512,12,6,4,"{""rz"": 17, ""sx"": 6, ""measure"": 5, ""cx"": 4, ""barrier"": 1}","{""00000"": 10, ""00001"": 30, ""00010"": 23, ""00011"": 12, ""00100"": 23, ""00101"": 7, ""00110"": 7, ""00111"": 28, ""01000"": 23, ""01001"": 3, ""01010"": 6, ""01011"": 30, ""01100"": 6, ""01101"": 20, ""01110"": 29, ""01111"": 8, ""10000"": 24, ""10001"": 6, ""10010"": 6, ""10011"": 20, ""10100"": 4, ""10101"": 20, ""10110"": 28, ""10111"": 8, ""11000"": 11, ""11001"": 28, ""11010"": 23, ""11011"": 5, ""11100"": 31, ""11101"": 5, ""11110"": 6, ""11111"": 22}"
5,11,74011,831531980,1,parity_2,1.2566370614359172,512,12,6,4,"{""rz"": 17, ""sx"": 6, ""measure"": 5, ""cx"": 4, ""barrier"": 1}","{""00000"": 29, ""00001"": 6, ""00010"": 7, ""00011"": 36, ""00100"": 2, ""00101"": 26, ""00110"": 27, ""00111"": 6, ""01000"": 10, ""01001"": 27, ""01010"": 39, ""01011"": 4, ""01100"": 29, ""01101"": 7, ""01110"": 5, ""01111"": 21, ""10000"": 7, ""10001"": 27, ""10010"": 24, ""10011"": 9, ""10100"": 27, ""10101"": 3, ""10110"": 1, ""10111"": 25, ""11000"": 24, ""11001"": 6, ""11010"": 1, ""11011"": 27, ""11100"": 3, ""11101"": 26, ""11110"": 21}"
5,11,74011,4273390124,1,parity_3,1.8849555921538759,512,12,6,4,"{""rz"": 17, ""sx"": 6, ""measure"": 5, ""cx"": 4, ""barrier"": 1}","{""00000"": 8, ""00001"": 27, ""00010"": 19, ""00011"": 9, ""00100"": 24, ""00101"": 3, ""00110"": 2, ""00111"": 25, ""01000"": 38, ""01001"": 5, ""01010"": 3, ""01011"": 33, ""01100"": 4, ""01101"": 23, ""01110"": 27, ""01111"": 4, ""10000"": 28, ""10001"": 8, ""10010"": 6, ""10011"": 28, ""10100"": 6, ""10101"": 20, ""10110"": 19, ""10111"": 4, ""11000"": 11, ""11001"": 28, ""11010"": 30, ""11011"": 6, ""11100"": 33, ""11101"": 4, ""11110"": 3, ""11111"": 24}"
5,11,74011,393815075,1,parity_4,2.5132741228718345,512,12,6,4,"{""rz"": 17, ""sx"": 6, ""measure"": 5, ""cx"": 4, ""barrier"": 1}","{""00000"": 20, ""00001"": 3, ""00010"": 9, ""00011"": 32, ""00100"": 8, ""00101"": 32, ""00110"": 30, ""00111"": 7, ""01000"": 7, ""01001"": 21, ""01010"": 19, ""01011"": 8, ""01100"": 28, ""01101"": 3, ""01110"": 4, ""01111"": 16, ""10000"": 7, ""10001"": 27, ""10010"": 31, ""10011"": 5, ""10100"": 28, ""10101"": 9, ""10110"": 9, ""10111"": 19, ""11000"": 29, ""11001"": 10, ""11010"": 5, ""11011"": 26, ""11100"": 7, ""11101"": 26, ""11110"": 24, ""11111"": 3}"
5,11,74011,1572705545,3,population,,512,22,3,12,"{""cx"": 12, ""rz"": 6, ""measure"": 5, ""sx"": 3, ""barrier"": 1}","{""00000"": 211, ""00001"": 11, ""00010"": 2, ""00011"": 4, ""00100"": 6, ""00110"": 1, ""00111"": 6, ""01000"": 6, ""01001"": 6, ""01011"": 3, ""01101"": 3, ""01110"": 2, ""01111"": 12, ""10000"": 5, ""10010"": 1, ""10011"": 1, ""10110"": 1, ""10111"": 14, ""11000"": 2, ""11010"": 2, ""11011"": 5, ""11100"": 7, ""11101"": 14, ""11110"": 10, ""11111"": 177}"
5,11,74011,3990248142,3,parity_0,0.0,512,26,8,12,"{""rz"": 21, ""cx"": 12, ""sx"": 8, ""measure"": 5, ""barrier"": 1}","{""00000"": 29, ""00001"": 9, ""00010"": 6, ""00011"": 27, ""00100"": 11, ""00101"": 27, ""00110"": 28, ""00111"": 3, ""01000"": 9, ""01001"": 24, ""01010"": 28, ""01011"": 3, ""01100"": 22, ""01101"": 7, ""01110"": 8, ""01111"": 29, ""10000"": 11, ""10001"": 30, ""10010"": 24, ""10011"": 11, ""10100"": 15, ""10101"": 3, ""10110"": 5, ""10111"": 24, ""11000"": 17, ""11001"": 6, ""11010"": 4, ""11011"": 27, ""11100"": 6, ""11101"": 21, ""11110"": 36, ""11111"": 2}"
5,11,74011,1015235561,3,parity_1,0.6283185307179586,512,26,8,12,"{""rz"": 21, ""cx"": 12, ""sx"": 8, ""measure"": 5, ""barrier"": 1}","{""00000"": 12, ""00001"": 38, ""00010"": 22, ""00011"": 3, ""00100"": 32, ""00101"": 5, ""00110"": 10, ""00111"": 26, ""01000"": 22, ""01001"": 10, ""01010"": 7, ""01011"": 25, ""01100"": 8, ""01101"": 29, ""01110"": 24, ""01111"": 3, ""10000"": 29, ""10001"": 1, ""10010"": 9, ""10011"": 19, ""10100"": 3, ""10101"": 27, ""10110"": 26, ""10111"": 5, ""11000"": 8, ""11001"": 25, ""11010"": 18, ""11011"": 7, ""11100"": 26, ""11101"": 7, ""11110"": 10, ""11111"": 16}"
5,11,74011,3266775814,3,parity_2,1.2566370614359172,512,26,8,12,"{""rz"": 21, ""cx"": 12, ""sx"": 8, ""measure"": 5, ""barrier"": 1}","{""00000"": 27, ""00001"": 7, ""00010"": 9, ""00011"": 20, ""00100"": 9, ""00101"": 26, ""00110"": 26, ""00111"": 7, ""01000"": 7, ""01001"": 18, ""01010"": 24, ""01011"": 6, ""01100"": 20, ""01101"": 13, ""01110"": 5, ""01111"": 27, ""10000"": 10, ""10001"": 27, ""10010"": 33, ""10011"": 9, ""10100"": 21, ""10101"": 7, ""10110"": 7, ""10111"": 23, ""11000"": 20, ""11001"": 7, ""11010"": 10, ""11011"": 17, ""11100"": 11, ""11101"": 29, ""11110"": 24, ""11111"": 6}"
5,11,74011,2537933493,3,parity_3,1.8849555921538759,512,26,8,12,"{""rz"": 21, ""cx"": 12, ""sx"": 8, ""measure"": 5, ""barrier"": 1}","{""00000"": 7, ""00001"": 24, ""00010"": 27, ""00011"": 5, ""00100"": 21, ""00101"": 9, ""00110"": 6, ""00111"": 37, ""01000"": 22, ""01001"": 15, ""01010"": 5, ""01011"": 28, ""01100"": 7, ""01101"": 32, ""01110"": 26, ""01111"": 8, ""10000"": 19, ""10001"": 8, ""10010"": 8, ""10011"": 14, ""10100"": 9, ""10101"": 23, ""10110"": 23, ""10111"": 6, ""11000"": 7, ""11001"": 25, ""11010"": 27, ""11011"": 3, ""11100"": 22, ""11101"": 7, ""11110"": 6, ""11111"": 26}"
5,11,74011,3440279267,3,parity_4,2.5132741228718345,512,26,8,12,"{""rz"": 21, ""cx"": 12, ""sx"": 8, ""measure"": 5, ""barrier"": 1}","{""00000"": 26, ""00001"": 8, ""00010"": 8, ""00011"": 25, ""00100"": 5, ""00101"": 35, ""00110"": 18, ""00111"": 7, ""01000"": 11, ""01001"": 23, ""01010"": 30, ""01011"": 6, ""01100"": 14, ""01101"": 6, ""01110"": 7, ""01111"": 24, ""10000"": 10, ""10001"": 21, ""10010"": 16, ""10011"": 5, ""10100"": 22, ""10101"": 7, ""10110"": 11, ""10111"": 30, ""11000"": 30, ""11001"": 6, ""11010"": 8, ""11011"": 18, ""11100"": 8, ""11101"": 34, ""11110"": 24, ""11111"": 9}"
5,11,74011,2938474695,5,population,,512,36,5,20,"{""cx"": 20, ""rz"": 10, ""sx"": 5, ""measure"": 5, ""barrier"": 1}","{""00000"": 186, ""00001"": 22, ""00010"": 7, ""00011"": 6, ""00100"": 7, ""00101"": 1, ""00111"": 7, ""01000"": 3, ""01001"": 2, ""01010"": 1, ""01111"": 12, ""10000"": 12, ""10001"": 1, ""10010"": 1, ""10011"": 2, ""10100"": 1, ""10101"": 2, ""10110"": 1, ""10111"": 15, ""11000"": 12, ""11001"": 2, ""11011"": 12, ""11100"": 8, ""11101"": 14, ""11110"": 13, ""11111"": 162}"
5,11,74011,1854206026,5,parity_0,0.0,512,40,10,20,"{""rz"": 25, ""cx"": 20, ""sx"": 10, ""measure"": 5, ""barrier"": 1}","{""00000"": 36, ""00001"": 13, ""00010"": 9, ""00011"": 16, ""00100"": 6, ""00101"": 23, ""00110"": 26, ""00111"": 9, ""01000"": 8, ""01001"": 22, ""01010"": 19, ""01011"": 7, ""01100"": 36, ""01101"": 7, ""01110"": 9, ""01111"": 21, ""10000"": 6, ""10001"": 26, ""10010"": 31, ""10011"": 8, ""10100"": 29, ""10101"": 7, ""10110"": 6, ""10111"": 25, ""11000"": 18, ""11001"": 9, ""11010"": 8, ""11011"": 20, ""11100"": 3, ""11101"": 15, ""11110"": 23, ""11111"": 11}"
5,11,74011,2616597402,5,parity_1,0.6283185307179586,512,40,10,20,"{""rz"": 25, ""cx"": 20, ""sx"": 10, ""measure"": 5, ""barrier"": 1}","{""00000"": 9, ""00001"": 26, ""00010"": 23, ""00011"": 12, ""00100"": 16, ""00101"": 10, ""00110"": 11, ""00111"": 22, ""01000"": 24, ""01001"": 9, ""01010"": 7, ""01011"": 24, ""01100"": 8, ""01101"": 29, ""01110"": 24, ""01111"": 10, ""10000"": 24, ""10001"": 9, ""10010"": 13, ""10011"": 22, ""10100"": 12, ""10101"": 22, ""10110"": 21, ""10111"": 6, ""11000"": 10, ""11001"": 17, ""11010"": 21, ""11011"": 8, ""11100"": 25, ""11101"": 6, ""11110"": 5, ""11111"": 27}"
5,11,74011,4159389861,5,parity_2,1.2566370614359172,512,40,10,20,"{""rz"": 25, ""cx"": 20, ""sx"": 10, ""measure"": 5, ""barrier"": 1}","{""00000"": 31, ""00001"": 10, ""00010"": 5, ""00011"": 22, ""00100"": 12, ""00101"": 21, ""00110"": 28, ""00111"": 10, ""01000"": 9, ""01001"": 21, ""01010"": 14, ""01011"": 11, ""01100"": 17, ""01101"": 8, ""01110"": 10, ""01111"": 21, ""10000"": 9, ""10001"": 29, ""10010"": 29, ""10011"": 11, ""10100"": 22, ""10101"": 8, ""10110"": 6, ""10111"": 19, ""11000"": 30, ""11001"": 5, ""11010"": 13, ""11011"": 15, ""11100"": 14, ""11101"": 31, ""11110"": 17, ""11111"": 4}"
5,11,74011,765741751,5,parity_3,1.8849555921538759,512,40,10,20,"{""rz"": 25, ""cx"": 20, ""sx"": 10, ""measure"": 5, ""barrier"": 1}","{""00000"": 7, ""00001"": 26, ""00010"": 42, ""00011"": 9, ""00100"": 22, ""00101"": 7, ""00110"": 12, ""00111"": 22, ""01000"": 27, ""01001"": 6, ""01010"": 3, ""01011"": 25, ""01100"": 7, ""01101"": 30, ""01110"": 23, ""01111"": 7, ""10000"": 21, ""10001"": 8, ""10010"": 8, ""10011"": 17, ""10100"": 7, ""10101"": 40, ""10110"": 17, ""10111"": 8, ""11000"": 10, ""11001"": 18, ""11010"": 16, ""11011"": 3, ""11100"": 21, ""11101"": 10, ""11110"": 8, ""11111"": 25}"
5,11,74011,3020102378,5,parity_4,2.5132741228718345,512,40,10,20,"{""rz"": 25, ""cx"": 20, ""sx"": 10, ""measure"": 5, ""barrier"": 1}","{""00000"": 21, ""00001"": 13, ""00010"": 10, ""00011"": 20, ""00100"": 12, ""00101"": 18, ""00110"": 24, ""00111"": 9, ""01000"": 7, ""01001"": 23, ""01010"": 28, ""01011"": 11, ""01100"": 27, ""01101"": 6, ""01110"": 7, ""01111"": 21, ""10000"": 12, ""10001"": 20, ""10010"": 22, ""10011"": 2, ""10100"": 19, ""10101"": 8, ""10110"": 10, ""10111"": 19, ""11000"": 20, ""11001"": 8, ""11010"": 9, ""11011"": 28, ""11100"": 13, ""11101"": 32, ""11110"": 26, ""11111"": 7}"
5,12,74012,2624197173,1,population,,512,8,1,4,"{""measure"": 5, ""cx"": 4, ""rz"": 2, ""sx"": 1, ""barrier"": 1}","{""00000"": 223, ""00001"": 7, ""00010"": 10, ""00011"": 1, ""00100"": 10, ""00111"": 2, ""01000"": 3, ""01011"": 3, ""01101"": 3, ""01111"": 9, ""10000"": 10, ""10011"": 1, ""10101"": 1, ""10111"": 12, ""11011"": 9, ""11100"": 2, ""11101"": 13, ""11110"": 10, ""11111"": 183}"
5,12,74012,3425055217,1,parity_0,0.0,512,12,6,4,"{""rz"": 17, ""sx"": 6, ""measure"": 5, ""cx"": 4, ""barrier"": 1}","{""00000"": 30, ""00001"": 9, ""00010"": 7, ""00011"": 24, ""00100"": 8, ""00101"": 22, ""00110"": 28, ""00111"": 6, ""01000"": 10, ""01001"": 28, ""01010"": 21, ""01011"": 6, ""01100"": 25, ""01101"": 12, ""01110"": 5, ""01111"": 23, ""10000"": 5, ""10001"": 28, ""10010"": 36, ""10011"": 6, ""10100"": 23, ""10101"": 6, ""10110"": 4, ""10111"": 17, ""11000"": 21, ""11001"": 4, ""11010"": 10, ""11011"": 28, ""11100"": 10, ""11101"": 26, ""11110"": 19, ""11111"": 5}"
5,12,74012,2360127867,1,parity_1,0.6283185307179586,512,12,6,4,"{""rz"": 17, ""sx"": 6, ""measure"": 5, ""cx"": 4, ""barrier"": 1}","{""00000"": 4, ""00001"": 38, ""00010"": 36, ""00011"": 5, ""00100"": 19, ""00101"": 10, ""00110"": 3, ""00111"": 24, ""01000"": 32, ""01001"": 6, ""01010"": 9, ""01011"": 19, ""01100"": 7, ""01101"": 22, ""01110"": 22, ""01111"": 4, ""10000"": 29, ""10001"": 7, ""10010"": 5, ""10011"": 34, ""10100"": 6, ""10101"": 21, ""10110"": 27, ""10111"": 4, ""11000"": 6, ""11001"": 24, ""11010"": 18, ""11011"": 5, ""11100"": 24, ""11101"": 6, ""11110"": 9, ""11111"": 27}"
5,12,74012,3806314449,1,parity_2,1.2566370614359172,512,12,6,4,"{""rz"": 17, ""sx"": 6, ""measure"": 5, ""cx"": 4, ""barrier"": 1}","{""00000"": 22, ""00001"": 2, ""00010"": 8, ""00011"": 24, ""00100"": 8, ""00101"": 22, ""00110"": 22, ""00111"": 7, ""01000"": 11, ""01001"": 28, ""01010"": 28, ""01011"": 6, ""01100"": 20, ""01101"": 8, ""01110"": 4, ""01111"": 21, ""10000"": 13, ""10001"": 29, ""10010"": 23, ""10011"": 8, ""10100"": 22, ""10101"": 5, ""10110"": 5, ""10111"": 17, ""11000"": 26, ""11001"": 3, ""11010"": 4, ""11011"": 34, ""11100"": 7, ""11101"": 32, ""11110"": 34, ""11111"": 9}"
5,12,74012,759628184,1,parity_3,1.8849555921538759,512,12,6,4,"{""rz"": 17, ""sx"": 6, ""measure"": 5, ""cx"": 4, ""barrier"": 1}","{""00000"": 8, ""00001"": 21, ""00010"": 27, ""00011"": 6, ""00100"": 27, ""00101"": 6, ""00110"": 8, ""00111"": 20, ""01000"": 33, ""01001"": 2, ""01010"": 2, ""01011"": 26, ""01100"": 3, ""01101"": 37, ""01110"": 26, ""01111"": 7, ""10000"": 25, ""10001"": 2, ""10010"": 6, ""10011"": 31, ""10100"": 3, ""10101"": 19, ""10110"": 40, ""10111"": 3, ""11000"": 11, ""11001"": 31, ""11010"": 25, ""11011"": 7, ""11100"": 23, ""11101"": 4, ""11110"": 5, ""11111"": 18}"
5,12,74012,3020141290,1,parity_4,2.5132741228718345,512,12,6,4,"{""rz"": 17, ""sx"": 6, ""measure"": 5, ""cx"": 4, ""barrier"": 1}","{""00000"": 25, ""00001"": 6, ""00010"": 5, ""00011"": 31, ""00100"": 9, ""00101"": 34, ""00110"": 31, ""00111"": 9, ""01000"": 1, ""01001"": 27, ""01010"": 14, ""01011"": 6, ""01100"": 28, ""01101"": 5, ""01110"": 9, ""01111"": 23, ""10000"": 8, ""10001"": 21, ""10010"": 29, ""10011"": 5, ""10100"": 23, ""10101"": 8, ""10110"": 5, ""10111"": 25, ""11000"": 23, ""11001"": 8, ""11010"": 5, ""11011"": 27, ""11100"": 5, ""11101"": 23, ""11110"": 31, ""11111"": 3}"
5,12,74012,3509589006,3,population,,512,22,3,12,"{""cx"": 12, ""rz"": 6, ""measure"": 5, ""sx"": 3, ""barrier"": 1}","{""00000"": 207, ""00001"": 10, ""00010"": 9, ""00011"": 4, ""00100"": 6, ""00101"": 3, ""00111"": 2, ""01000"": 13, ""01011"": 2, ""01100"": 1, ""01110"": 1, ""01111"": 6, ""10000"": 17, ""10011"": 1, ""10101"": 1, ""10111"": 11, ""11000"": 8, ""11001"": 1, ""11011"": 12, ""11100"": 4, ""11101"": 12, ""11110"": 7, ""11111"": 174}"
5,12,74012,1257599802,3,parity_0,0.0,512,26,8,12,"{""rz"": 21, ""cx"": 12, ""sx"": 8, ""measure"": 5, ""barrier"": 1}","{""00000"": 23, ""00001"": 12, ""00010"": 4, ""00011"": 23, ""00100"": 8, ""00101"": 22, ""00110"": 24, ""00111"": 7, ""01000"": 9, ""01001"": 17, ""01010"": 32, ""01011"": 7, ""01100"": 29, ""01101"": 9, ""01110"": 5, ""01111"": 27, ""10000"": 12, ""10001"": 31, ""10010"": 26, ""10011"": 7, ""10100"": 18, ""10101"": 5, ""10110"": 9, ""10111"": 17, ""11000"": 27, ""11001"": 9, ""11010"": 8, ""11011"": 17, ""11100"": 6, ""11101"": 27, ""11110"": 29, ""11111"": 6}"
5,12,74012,206523972,3,parity_1,0.6283185307179586,512,26,8,12,"{""rz"": 21, ""cx"": 12, ""sx"": 8, ""measure"": 5, ""barrier"": 1}","{""00000"": 7, ""00001"": 23, ""00010"": 26, ""00011"": 7, ""00100"": 24, ""00101"": 5, ""00110"": 8, ""00111"": 37, ""01000"": 20, ""01001"": 5, ""01010"": 9, ""01011"": 26, ""01100"": 9, ""01101"": 26, ""01110"": 28, ""01111"": 4, ""10000"": 29, ""10001"": 7, ""10010"": 6, ""10011"": 22, ""10100"": 15, ""10101"": 23, ""10110"": 28, ""10111"": 6, ""11000"": 7, ""11001"": 14, ""11010"": 26, ""11011"": 5, ""11100"": 25, ""11101"": 5, ""11110"": 9, ""11111"": 21}"
5,12,74012,508208238,3,parity_2,1.2566370614359172,512,26,8,12,"{""rz"": 21, ""cx"": 12, ""sx"": 8, ""measure"": 5, ""barrier"": 1}","{""00000"": 27, ""00001"": 8, ""00010"": 11, ""00011"": 27, ""00100"": 12, ""00101"": 27, ""00110"": 30, ""00111"": 4, ""01000"": 8, ""01001"": 30, ""01010"": 19, ""01011"": 3, ""01100"": 28, ""01101"": 5, ""01110"": 9, ""01111"": 21, ""10000"": 10, ""10001"": 22, ""10010"": 26, ""10011"": 5, ""10100"": 28, ""10101"": 5, ""10110"": 4, ""10111"": 25, ""11000"": 26, ""11001"": 7, ""11010"": 7, ""11011"": 26, ""11100"": 7, ""11101"": 21, ""11110"": 20, ""11111"": 4}"
5,12,74012,2347276522,3,parity_3,1.8849555921538759,512,26,8,12,"{""rz"": 21, ""cx"": 12, ""sx"": 8, ""measure"": 5, ""barrier"": 1}","{""00000"": 9, ""00001"": 21, ""00010"": 32, ""00011"": 5, ""00100"": 20, ""00101"": 13, ""00110"": 6, ""00111"": 22, ""01000"": 38, ""01001"": 6, ""01010"": 11, ""01011"": 19, ""01100"": 6, ""01101"": 28, ""01110"": 23, ""01111"": 5, ""10000"": 23, ""10001"": 3, ""10010"": 5, ""10011"": 21, ""10100"": 8, ""10101"": 30, ""10110"": 27, ""10111"": 11, ""11000"": 6, ""11001"": 23, ""11010"": 28, ""11011"": 8, ""11100"": 23, ""11101"": 3, ""11110"": 11, ""11111"": 18}"
5,12,74012,2883608422,3,parity_4,2.5132741228718345,512,26,8,12,"{""rz"": 21, ""cx"": 12, ""sx"": 8, ""measure"": 5, ""barrier"": 1}","{""00000"": 18, ""00001"": 8, ""00010"": 8, ""00011"": 18, ""00100"": 14, ""00101"": 20, ""00110"": 17, ""00111"": 8, ""01000"": 7, ""01001"": 20, ""01010"": 30, ""01011"": 3, ""01100"": 26, ""01101"": 4, ""01110"": 10, ""01111"": 20, ""10000"": 12, ""10001"": 19, ""10010"": 24, ""10011"": 7, ""10100"": 28, ""10101"": 9, ""10110"": 6, ""10111"": 28, ""11000"": 27, ""11001"": 6, ""11010"": 7, ""11011"": 18, ""11100"": 10, ""11101"": 29, ""11110"": 38, ""11111"": 13}"
5,12,74012,3909860787,5,population,,512,36,5,20,"{""cx"": 20, ""rz"": 10, ""sx"": 5, ""measure"": 5, ""barrier"": 1}","{""00000"": 194, ""00001"": 20, ""00010"": 15, ""00011"": 10, ""00100"": 7, ""00101"": 1, ""00111"": 7, ""01000"": 8, ""01100"": 2, ""01101"": 1, ""01110"": 3, ""01111"": 15, ""10000"": 10, ""10001"": 1, ""10011"": 2, ""10100"": 1, ""10101"": 1, ""10110"": 1, ""10111"": 8, ""11000"": 9, ""11001"": 1, ""11010"": 2, ""11011"": 16, ""11100"": 7, ""11101"": 12, ""11110"": 12, ""11111"": 146}"
5,12,74012,93388832,5,parity_0,0.0,512,40,10,20,"{""rz"": 25, ""cx"": 20, ""sx"": 10, ""measure"": 5, ""barrier"": 1}","{""00000"": 23, ""00001"": 16, ""00010"": 8, ""00011"": 26, ""00100"": 11, ""00101"": 22, ""00110"": 30, ""00111"": 9, ""01000"": 10, ""01001"": 21, ""01010"": 30, ""01011"": 6, ""01100"": 25, ""01101"": 4, ""01110"": 5, ""01111"": 19, ""10000"": 8, ""10001"": 23, ""10010"": 24, ""10011"": 8, ""10100"": 23, ""10101"": 10, ""10110"": 6, ""10111"": 25, ""11000"": 22, ""11001"": 7, ""11010"": 10, ""11011"": 18, ""11100"": 11, ""11101"": 15, ""11110"": 27, ""11111"": 10}"
5,12,74012,481294116,5,parity_1,0.6283185307179586,512,40,10,20,"{""rz"": 25, ""cx"": 20, ""sx"": 10, ""measure"": 5, ""barrier"": 1}","{""00000"": 16, ""00001"": 28, ""00010"": 28, ""00011"": 16, ""00100"": 22, ""00101"": 14, ""00110"": 6, ""00111"": 23, ""01000"": 24, ""01001"": 12, ""01010"": 9, ""01011"": 20, ""01100"": 4, ""01101"": 24, ""01110"": 24, ""01111"": 7, ""10000"": 28, ""10001"": 5, ""10010"": 7, ""10011"": 26, ""10100"": 7, ""10101"": 16, ""10110"": 25, ""10111"": 7, ""11000"": 9, ""11001"": 16, ""11010"": 18, ""11011"": 7, ""11100"": 24, ""11101"": 6, ""11110"": 12, ""11111"": 22}"
5,12,74012,3542362110,5,parity_2,1.2566370614359172,512,40,10,20,"{""rz"": 25, ""cx"": 20, ""sx"": 10, ""measure"": 5, ""barrier"": 1}","{""00000"": 19, ""00001"": 16, ""00010"": 10, ""00011"": 25, ""00100"": 13, ""00101"": 28, ""00110"": 22, ""00111"": 4, ""01000"": 6, ""01001"": 31, ""01010"": 25, ""01011"": 15, ""01100"": 32, ""01101"": 3, ""01110"": 7, ""01111"": 31, ""10000"": 5, ""10001"": 18, ""10010"": 25, ""10011"": 9, ""10100"": 14, ""10101"": 11, ""10110"": 15, ""10111"": 23, ""11000"": 20, ""11001"": 10, ""11010"": 3, ""11011"": 17, ""11100"": 7, ""11101"": 18, ""11110"": 17, ""11111"": 13}"
5,12,74012,4191305915,5,parity_3,1.8849555921538759,512,40,10,20,"{""rz"": 25, ""cx"": 20, ""sx"": 10, ""measure"": 5, ""barrier"": 1}","{""00000"": 11, ""00001"": 24, ""00010"": 26, ""00011"": 11, ""00100"": 19, ""00101"": 13, ""00110"": 6, ""00111"": 25, ""01000"": 12, ""01001"": 12, ""01010"": 7, ""01011"": 17, ""01100"": 7, ""01101"": 33, ""01110"": 27, ""01111"": 6, ""10000"": 24, ""10001"": 9, ""10010"": 7, ""10011"": 25, ""10100"": 6, ""10101"": 26, ""10110"": 27, ""10111"": 4, ""11000"": 5, ""11001"": 20, ""11010"": 25, ""11011"": 8, ""11100"": 26, ""11101"": 8, ""11110"": 8, ""11111"": 28}"
5,12,74012,2319120533,5,parity_4,2.5132741228718345,512,40,10,20,"{""rz"": 25, ""cx"": 20, ""sx"": 10, ""measure"": 5, ""barrier"": 1}","{""00000"": 25, ""00001"": 8, ""00010"": 10, ""00011"": 21, ""00100"": 5, ""00101"": 24, ""00110"": 31, ""00111"": 4, ""01000"": 5, ""01001"": 30, ""01010"": 18, ""01011"": 10, ""01100"": 24, ""01101"": 7, ""01110"": 10, ""01111"": 23, ""10000"": 9, ""10001"": 22, ""10010"": 24, ""10011"": 9, ""10100"": 25, ""10101"": 7, ""10110"": 8, ""10111"": 31, ""11000"": 23, ""11001"": 10, ""11010"": 7, ""11011"": 24, ""11100"": 5, ""11101"": 22, ""11110"": 23, ""11111"": 8}"
5,13,74013,515515067,1,population,,512,8,1,4,"{""measure"": 5, ""cx"": 4, ""rz"": 2, ""sx"": 1, ""barrier"": 1}","{""00000"": 200, ""00001"": 11, ""00010"": 9, ""00011"": 1, ""00100"": 7, ""00111"": 4, ""01000"": 9, ""01010"": 1, ""01011"": 1, ""01101"": 1, ""01111"": 13, ""10000"": 9, ""10111"": 7, ""11000"": 7, ""11001"": 1, ""11010"": 1, ""11011"": 9, ""11100"": 2, ""11101"": 11, ""11110"": 11, ""11111"": 197}"
5,13,74013,3708391114,1,parity_0,0.0,512,12,6,4,"{""rz"": 17, ""sx"": 6, ""measure"": 5, ""cx"": 4, ""barrier"": 1}","{""00000"": 28, ""00001"": 7, ""00010"": 4, ""00011"": 22, ""00100"": 10, ""00101"": 23, ""00110"": 25, ""00111"": 9, ""01000"": 12, ""01001"": 26, ""01010"": 25, ""01011"": 6, ""01100"": 24, ""01101"": 5, ""01110"": 11, ""01111"": 21, ""10000"": 4, ""10001"": 28, ""10010"": 27, ""10011"": 7, ""10100"": 25, ""10101"": 5, ""10110"": 5, ""10111"": 22, ""11000"": 33, ""11001"": 4, ""11010"": 2, ""11011"": 30, ""11100"": 6, ""11101"": 23, ""11110"": 27, ""11111"": 6}"
5,13,74013,3315715945,1,parity_1,0.6283185307179586,512,12,6,4,"{""rz"": 17, ""sx"": 6, ""measure"": 5, ""cx"": 4, ""barrier"": 1}","{""00000"": 4, ""00001"": 27, ""00010"": 16, ""00011"": 7, ""00100"": 22, ""00101"": 7, ""00110"": 3, ""00111"": 28, ""01000"": 29, ""01001"": 5, ""01010"": 7, ""01011"": 20, ""01100"": 5, ""01101"": 36, ""01110"": 27, ""01111"": 8, ""10000"": 27, ""10001"": 8, ""10010"": 12, ""10011"": 28, ""10100"": 8, ""10101"": 22, ""10110"": 28, ""10111"": 5, ""11000"": 5, ""11001"": 23, ""11010"": 24, ""11011"": 7, ""11100"": 26, ""11101"": 1, ""11110"": 9, ""11111"": 28}"
5,13,74013,592691529,1,parity_2,1.2566370614359172,512,12,6,4,"{""rz"": 17, ""sx"": 6, ""measure"": 5, ""cx"": 4, ""barrier"": 1}","{""00000"": 35, ""00001"": 5, ""00010"": 10, ""00011"": 30, ""00100"": 8, ""00101"": 21, ""00110"": 24, ""00111"": 6, ""01000"": 6, ""01001"": 32, ""01010"": 24, ""01011"": 6, ""01100"": 25, ""01101"": 4, ""01110"": 8, ""01111"": 29, ""10000"": 9, ""10001"": 30, ""10010"": 20, ""10011"": 12, ""10100"": 22, ""10101"": 5, ""10110"": 4, ""10111"": 19, ""11000"": 22, ""11001"": 10, ""11010"": 3, ""11011"": 20, ""11100"": 6, ""11101"": 30, ""11110"": 23, ""11111"": 4}"
5,13,74013,2247825561,1,parity_3,1.8849555921538759,512,12,6,4,"{""rz"": 17, ""sx"": 6, ""measure"": 5, ""cx"": 4, ""barrier"": 1}","{""00000"": 12, ""00001"": 26, ""00010"": 18, ""00011"": 4, ""00100"": 31, ""00101"": 10, ""00110"": 9, ""00111"": 26, ""01000"": 34, ""01001"": 5, ""01010"": 5, ""01011"": 26, ""01100"": 7, ""01101"": 23, ""01110"": 21, ""01111"": 5, ""10000"": 24, ""10001"": 14, ""10010"": 9, ""10011"": 25, ""10100"": 3, ""10101"": 32, ""10110"": 25, ""10111"": 5, ""11000"": 4, ""11001"": 19, ""11010"": 30, ""11011"": 5, ""11100"": 21, ""11101"": 5, ""11110"": 6, ""11111"": 23}"
5,13,74013,1199302277,1,parity_4,2.5132741228718345,512,12,6,4,"{""rz"": 17, ""sx"": 6, ""measure"": 5, ""cx"": 4, ""barrier"": 1}","{""00000"": 29, ""00001"": 10, ""00010"": 4, ""00011"": 25, ""00100"": 5, ""00101"": 29, ""00110"": 29, ""00111"": 8, ""01000"": 8, ""01001"": 20, ""01010"": 23, ""01011"": 2, ""01100"": 23, ""01101"": 4, ""01110"": 6, ""01111"": 30, ""10000"": 8, ""10001"": 25, ""10010"": 24, ""10011"": 7, ""10100"": 19, ""10101"": 10, ""10110"": 7, ""10111"": 33, ""11000"": 19, ""11001"": 6, ""11010"": 5, ""11011"": 34, ""11100"": 6, ""11101"": 21, ""11110"": 31, ""11111"": 2}"
5,13,74013,1345328821,3,population,,512,22,3,12,"{""cx"": 12, ""rz"": 6, ""measure"": 5, ""sx"": 3, ""barrier"": 1}","{""00000"": 201, ""00001"": 10, ""00010"": 9, ""00011"": 5, ""00100"": 11, ""00101"": 1, ""00110"": 1, ""00111"": 5, ""01000"": 8, ""01001"": 2, ""01011"": 2, ""01100"": 3, ""01101"": 1, ""01110"": 1, ""01111"": 9, ""10000"": 9, ""10010"": 1, ""10101"": 1, ""10111"": 10, ""11000"": 3, ""11001"": 2, ""11010"": 1, ""11011"": 16, ""11100"": 6, ""11101"": 13, ""11110"": 15, ""11111"": 166}"
5,13,74013,1312858831,3,parity_0,0.0,512,26,8,12,"{""rz"": 21, ""cx"": 12, ""sx"": 8, ""measure"": 5, ""barrier"": 1}","{""00000"": 25, ""00001"": 6, ""00010"": 7, ""00011"": 27, ""00100"": 5, ""00101"": 18, ""00110"": 28, ""00111"": 6, ""01000"": 13, ""01001"": 31, ""01010"": 26, ""01011"": 4, ""01100"": 31, ""01101"": 9, ""01110"": 2, ""01111"": 25, ""10000"": 16, ""10001"": 19, ""10010"": 28, ""10011"": 6, ""10100"": 27, ""10101"": 7, ""10110"": 10, ""10111"": 20, ""11000"": 24, ""11001"": 7, ""11010"": 5, ""11011"": 26, ""11100"": 9, ""11101"": 25, ""11110"": 17, ""11111"": 3}"
5,13,74013,3807326327,3,parity_1,0.6283185307179586,512,26,8,12,"{""rz"": 21, ""cx"": 12, ""sx"": 8, ""measure"": 5, ""barrier"": 1}","{""00000"": 14, ""00001"": 24, ""00010"": 22, ""00011"": 8, ""00100"": 27, ""00101"": 3, ""00110"": 8, ""00111"": 27, ""01000"": 28, ""01001"": 8, ""01010"": 8, ""01011"": 22, ""01100"": 7, ""01101"": 26, ""01110"": 24, ""01111"": 4, ""10000"": 31, ""10001"": 4, ""10010"": 6, ""10011"": 24, ""10100"": 12, ""10101"": 20, ""10110"": 28, ""10111"": 7, ""11000"": 9, ""11001"": 21, ""11010"": 29, ""11011"": 10, ""11100"": 19, ""11101"": 4, ""11110"": 6, ""11111"": 22}"
5,13,74013,2463788178,3,parity_2,1.2566370614359172,512,26,8,12,"{""rz"": 21, ""cx"": 12, ""sx"": 8, ""measure"": 5, ""barrier"": 1}","{""00000"": 20, ""00001"": 13, ""00010"": 12, ""00011"": 31, ""00100"": 9, ""00101"": 23, ""00110"": 22, ""00111"": 7, ""01000"": 9, ""01001"": 30, ""01010"": 34, ""01011"": 6, ""01100"": 20, ""01101"": 9, ""01110"": 9, ""01111"": 19, ""10000"": 8, ""10001"": 23, ""10010"": 31, ""10011"": 6, ""10100"": 24, ""10101"": 5, ""10110"": 5, ""10111"": 27, ""11000"": 23, ""11001"": 7, ""11010"": 8, ""11011"": 15, ""11100"": 8, ""11101"": 20, ""11110"": 27, ""11111"": 2}"
5,13,74013,173608805,3,parity_3,1.8849555921538759,512,26,8,12,"{""rz"": 21, ""cx"": 12, ""sx"": 8, ""measure"": 5, ""barrier"": 1}","{""00000"": 4, ""00001"": 22, ""00010"": 33, ""00011"": 5, ""00100"": 31, ""00101"": 8, ""00110"": 9, ""00111"": 23, ""01000"": 21, ""01001"": 11, ""01010"": 15, ""01011"": 20, ""01100"": 9, ""01101"": 25, ""01110"": 27, ""01111"": 7, ""10000"": 28, ""10001"": 7, ""10010"": 8, ""10011"": 22, ""10100"": 5, ""10101"": 19, ""10110"": 22, ""10111"": 5, ""11000"": 9, ""11001"": 20, ""11010"": 29, ""11011"": 6, ""11100"": 24, ""11101"": 6, ""11110"": 7, ""11111"": 25}"
5,13,74013,493380544,3,parity_4,2.5132741228718345,512,26,8,12,"{""rz"": 21, ""cx"": 12, ""sx"": 8, ""measure"": 5, ""barrier"": 1}","{""00000"": 28, ""00001"": 12, ""00010"": 7, ""00011"": 23, ""00100"": 12, ""00101"": 21, ""00110"": 25, ""00111"": 4, ""01000"": 11, ""01001"": 25, ""01010"": 24, ""01011"": 7, ""01100"": 24, ""01101"": 3, ""01110"": 6, ""01111"": 22, ""10000"": 9, ""10001"": 30, ""10010"": 16, ""10011"": 10, ""10100"": 14, ""10101"": 9, ""10110"": 11, ""10111"": 27, ""11000"": 22, ""11001"": 5, ""11010"": 10, ""11011"": 33, ""11100"": 10, ""11101"": 20, ""11110"": 25, ""11111"": 7}"
5,13,74013,764812956,5,population,,512,36,5,20,"{""cx"": 20, ""rz"": 10, ""sx"": 5, ""measure"": 5, ""barrier"": 1}","{""00000"": 174, ""00001"": 14, ""00010"": 15, ""00011"": 10, ""00100"": 6, ""00101"": 3, ""00110"": 2, ""00111"": 9, ""01000"": 8, ""01100"": 1, ""01101"": 2, ""01110"": 1, ""01111"": 17, ""10000"": 9, ""10010"": 1, ""10011"": 2, ""10100"": 3, ""10101"": 3, ""10110"": 2, ""10111"": 10, ""11000"": 7, ""11010"": 3, ""11011"": 12, ""11100"": 9, ""11101"": 11, ""11110"": 15, ""11111"": 163}"
5,13,74013,1575149479,5,parity_0,0.0,512,40,10,20,"{""rz"": 25, ""cx"": 20, ""sx"": 10, ""measure"": 5, ""barrier"": 1}","{""00000"": 18, ""00001"": 8, ""00010"": 9, ""00011"": 29, ""00100"": 12, ""00101"": 25, ""00110"": 28, ""00111"": 11, ""01000"": 9, ""01001"": 17, ""01010"": 31, ""01011"": 11, ""01100"": 25, ""01101"": 9, ""01110"": 6, ""01111"": 16, ""10000"": 6, ""10001"": 27, ""10010"": 20, ""10011"": 11, ""10100"": 17, ""10101"": 15, ""10110"": 7, ""10111"": 22, ""11000"": 18, ""11001"": 16, ""11010"": 10, ""11011"": 17, ""11100"": 7, ""11101"": 24, ""11110"": 25, ""11111"": 6}"
5,13,74013,103904430,5,parity_1,0.6283185307179586,512,40,10,20,"{""rz"": 25, ""cx"": 20, ""sx"": 10, ""measure"": 5, ""barrier"": 1}","{""00000"": 12, ""00001"": 22, ""00010"": 23, ""00011"": 6, ""00100"": 18, ""00101"": 12, ""00110"": 6, ""00111"": 28, ""01000"": 25, ""01001"": 7, ""01010"": 10, ""01011"": 25, ""01100"": 4, ""01101"": 21, ""01110"": 29, ""01111"": 8, ""10000"": 26, ""10001"": 6, ""10010"": 7, ""10011"": 22, ""10100"": 5, ""10101"": 25, ""10110"": 24, ""10111"": 8, ""11000"": 14, ""11001"": 25, ""11010"": 22, ""11011"": 8, ""11100"": 25, ""11101"": 10, ""11110"": 7, ""11111"": 22}"
5,13,74013,3399049359,5,parity_2,1.2566370614359172,512,40,10,20,"{""rz"": 25, ""cx"": 20, ""sx"": 10, ""measure"": 5, ""barrier"": 1}","{""00000"": 38, ""00001"": 5, ""00010"": 8, ""00011"": 24, ""00100"": 8, ""00101"": 17, ""00110"": 29, ""00111"": 7, ""01000"": 9, ""01001"": 16, ""01010"": 26, ""01011"": 5, ""01100"": 22, ""01101"": 9, ""01110"": 10, ""01111"": 25, ""10000"": 9, ""10001"": 28, ""10010"": 22, ""10011"": 8, ""10100"": 27, ""10101"": 10, ""10110"": 8, ""10111"": 25, ""11000"": 27, ""11001"": 9, ""11010"": 2, ""11011"": 21, ""11100"": 5, ""11101"": 28, ""11110"": 19, ""11111"": 6}"
5,13,74013,3047310339,5,parity_3,1.8849555921538759,512,40,10,20,"{""rz"": 25, ""cx"": 20, ""sx"": 10, ""measure"": 5, ""barrier"": 1}","{""00000"": 10, ""00001"": 24, ""00010"": 25, ""00011"": 9, ""00100"": 24, ""00101"": 5, ""00110"": 5, ""00111"": 28, ""01000"": 19, ""01001"": 8, ""01010"": 11, ""01011"": 28, ""01100"": 10, ""01101"": 23, ""01110"": 24, ""01111"": 9, ""10000"": 27, ""10001"": 6, ""10010"": 10, ""10011"": 24, ""10100"": 4, ""10101"": 22, ""10110"": 33, ""10111"": 6, ""11000"": 8, ""11001"": 20, ""11010"": 25, ""11011"": 6, ""11100"": 23, ""11101"": 7, ""11110"": 5, ""11111"": 24}"
5,13,74013,2588252635,5,parity_4,2.5132741228718345,512,40,10,20,"{""rz"": 25, ""cx"": 20, ""sx"": 10, ""measure"": 5, ""barrier"": 1}","{""00000"": 23, ""00001"": 13, ""00010"": 10, ""00011"": 24, ""00100"": 8, ""00101"": 24, ""00110"": 21, ""00111"": 6, ""01000"": 10, ""01001"": 24, ""01010"": 31, ""01011"": 10, ""01100"": 33, ""01101"": 9, ""01110"": 7, ""01111"": 27, ""10000"": 12, ""10001"": 27, ""10010"": 18, ""10011"": 7, ""10100"": 17, ""10101"": 8, ""10110"": 4, ""10111"": 18, ""11000"": 24, ""11001"": 6, ""11010"": 11, ""11011"": 24, ""11100"": 2, ""11101"": 20, ""11110"": 25, ""11111"": 9}"
5,14,74014,4259694164,1,population,,512,8,1,4,"{""measure"": 5, ""cx"": 4, ""rz"": 2, ""sx"": 1, ""barrier"": 1}","{""00000"": 222, ""00001"": 8, ""00010"": 6, ""00011"": 6, ""00100"": 6, ""00110"": 1, ""00111"": 1, ""01000"": 9, ""01010"": 1, ""01011"": 1, ""01101"": 2, ""01110"": 1, ""01111"": 10, ""10000"": 7, ""10100"": 1, ""10101"": 1, ""10110"": 1, ""10111"": 11, ""11000"": 1, ""11001"": 2, ""11010"": 1, ""11011"": 19, ""11100"": 5, ""11101"": 7, ""11110"": 11, ""11111"": 171}"
5,14,74014,744532684,1,parity_0,0.0,512,12,6,4,"{""rz"": 17, ""sx"": 6, ""measure"": 5, ""cx"": 4, ""barrier"": 1}","{""00000"": 28, ""00001"": 5, ""00010"": 5, ""00011"": 26, ""00100"": 6, ""00101"": 24, ""00110"": 30, ""00111"": 5, ""01000"": 6, ""01001"": 14, ""01010"": 25, ""01011"": 4, ""01100"": 17, ""01101"": 8, ""01110"": 4, ""01111"": 20, ""10000"": 7, ""10001"": 27, ""10010"": 32, ""10011"": 4, ""10100"": 32, ""10101"": 7, ""10110"": 4, ""10111"": 33, ""11000"": 35, ""11001"": 4, ""11010"": 5, ""11011"": 25, ""11100"": 7, ""11101"": 32, ""11110"": 23, ""11111"": 8}"
5,14,74014,843046414,1,parity_1,0.6283185307179586,512,12,6,4,"{""rz"": 17, ""sx"": 6, ""measure"": 5, ""cx"": 4, ""barrier"": 1}","{""00000"": 10, ""00001"": 32, ""00010"": 27, ""00011"": 5, ""00100"": 33, ""00101"": 2, ""00110"": 8, ""00111"": 24, ""01000"": 25, ""01001"": 8, ""01010"": 3, ""01011"": 24, ""01100"": 13, ""01101"": 15, ""01110"": 22, ""01111"": 3, ""10000"": 39, ""10001"": 6, ""10010"": 5, ""10011"": 33, ""10100"": 6, ""10101"": 28, ""10110"": 22, ""10111"": 3, ""11000"": 11, ""11001"": 17, ""11010"": 17, ""11011"": 10, ""11100"": 28, ""11101"": 4, ""11110"": 6, ""11111"": 23}"
5,14,74014,2814610164,1,parity_2,1.2566370614359172,512,12,6,4,"{""rz"": 17, ""sx"": 6, ""measure"": 5, ""cx"": 4, ""barrier"": 1}","{""00000"": 19, ""00001"": 6, ""00010"": 8, ""00011"": 29, ""00100"": 8, ""00101"": 20, ""00110"": 22, ""00111"": 5, ""01000"": 9, ""01001"": 26, ""01010"": 30, ""01011"": 6, ""01100"": 26, ""01101"": 8, ""01110"": 4, ""01111"": 26, ""10000"": 6, ""10001"": 28, ""10010"": 32, ""10011"": 6, ""10100"": 21, ""10101"": 7, ""10110"": 6, ""10111"": 22, ""11000"": 27, ""11001"": 11, ""11010"": 4, ""11011"": 23, ""11100"": 4, ""11101"": 23, ""11110"": 33, ""11111"": 7}"
5,14,74014,4291689595,1,parity_3,1.8849555921538759,512,12,6,4,"{""rz"": 17, ""sx"": 6, ""measure"": 5, ""cx"": 4, ""barrier"": 1}","{""00000"": 4, ""00001"": 29, ""00010"": 30, ""00011"": 6, ""00100"": 34, ""00101"": 7, ""00110"": 5, ""00111"": 32, ""01000"": 34, ""01001"": 7, ""01010"": 6, ""01011"": 19, ""01100"": 5, ""01101"": 21, ""01110"": 30, ""01111"": 6, ""10000"": 23, ""10001"": 1, ""10010"": 2, ""10011"": 29, ""10100"": 8, ""10101"": 33, ""10110"": 21, ""10111"": 8, ""11000"": 11, ""11001"": 17, ""11010"": 29, ""11011"": 5, ""11100"": 18, ""11101"": 2, ""11110"": 4, ""11111"": 26}"
5,14,74014,836556257,1,parity_4,2.5132741228718345,512,12,6,4,"{""rz"": 17, ""sx"": 6, ""measure"": 5, ""cx"": 4, ""barrier"": 1}","{""00000"": 25, ""00001"": 8, ""00010"": 5, ""00011"": 28, ""00100"": 6, ""00101"": 25, ""00110"": 20, ""00111"": 4, ""01000"": 7, ""01001"": 34, ""01010"": 27, ""01011"": 6, ""01100"": 27, ""01101"": 5, ""01110"": 6, ""01111"": 29, ""10000"": 11, ""10001"": 26, ""10010"": 27, ""10011"": 11, ""10100"": 29, ""10101"": 6, ""10110"": 7, ""10111"": 23, ""11000"": 28, ""11001"": 3, ""11010"": 6, ""11011"": 15, ""11100"": 7, ""11101"": 21, ""11110"": 26, ""11111"": 4}"
5,14,74014,4094419406,3,population,,512,22,3,12,"{""cx"": 12, ""rz"": 6, ""measure"": 5, ""sx"": 3, ""barrier"": 1}","{""00000"": 199, ""00001"": 10, ""00010"": 6, ""00011"": 4, ""00100"": 15, ""00110"": 3, ""00111"": 3, ""01000"": 6, ""01100"": 1, ""01101"": 2, ""01111"": 10, ""10000"": 10, ""10001"": 2, ""10100"": 1, ""10111"": 11, ""11000"": 5, ""11010"": 1, ""11011"": 13, ""11100"": 5, ""11101"": 14, ""11110"": 12, ""11111"": 179}"
5,14,74014,2354120843,3,parity_0,0.0,512,26,8,12,"{""rz"": 21, ""cx"": 12, ""sx"": 8, ""measure"": 5, ""barrier"": 1}","{""00000"": 22, ""00001"": 9, ""00010"": 15, ""00011"": 34, ""00100"": 6, ""00101"": 30, ""00110"": 28, ""00111"": 5, ""01000"": 8, ""01001"": 28, ""01010"": 27, ""01011"": 5, ""01100"": 31, ""01101"": 5, ""01110"": 7, ""01111"": 23, ""10000"": 6, ""10001"": 27, ""10010"": 27, ""10011"": 4, ""10100"": 27, ""10101"": 3, ""10110"": 5, ""10111"": 18, ""11000"": 20, ""11001"": 4, ""11010"": 6, ""11011"": 22, ""11100"": 3, ""11101"": 23, ""11110"": 27, ""11111"": 7}"
5,14,74014,4067588927,3,parity_1,0.6283185307179586,512,26,8,12,"{""rz"": 21, ""cx"": 12, ""sx"": 8, ""measure"": 5, ""barrier"": 1}","{""00000"": 4, ""00001"": 32, ""00010"": 19, ""00011"": 4, ""00100"": 38, ""00101"": 6, ""00110"": 10, ""00111"": 18, ""01000"": 35, ""01001"": 7, ""01010"": 7, ""01011"": 26, ""01100"": 7, ""01101"": 23, ""01110"": 31, ""01111"": 6, ""10000"": 24, ""10001"": 8, ""10010"": 8, ""10011"": 20, ""10100"": 5, ""10101"": 24, ""10110"": 28, ""10111"": 6, ""11000"": 4, ""11001"": 19, ""11010"": 26, ""11011"": 5, ""11100"": 20, ""11101"": 8, ""11110"": 9, ""11111"": 25}"
5,14,74014,3123518658,3,parity_2,1.2566370614359172,512,26,8,12,"{""rz"": 21, ""cx"": 12, ""sx"": 8, ""measure"": 5, ""barrier"": 1}","{""00000"": 25, ""00001"": 10, ""00010"": 9, ""00011"": 26, ""00100"": 16, ""00101"": 27, ""00110"": 21, ""00111"": 7, ""01000"": 7, ""01001"": 29, ""01010"": 21, ""01011"": 5, ""01100"": 26, ""01101"": 5, ""01110"": 4, ""01111"": 28, ""10000"": 13, ""10001"": 19, ""10010"": 28, ""10011"": 12, ""10100"": 22, ""10101"": 7, ""10110"": 9, ""10111"": 26, ""11000"": 27, ""11001"": 7, ""11010"": 5, ""11011"": 14, ""11100"": 5, ""11101"": 21, ""11110"": 20, ""11111"": 11}"
5,14,74014,4262765641,3,parity_3,1.8849555921538759,512,26,8,12,"{""rz"": 21, ""cx"": 12, ""sx"": 8, ""measure"": 5, ""barrier"": 1}","{""00000"": 10, ""00001"": 24, ""00010"": 34, ""00011"": 10, ""00100"": 20, ""00101"": 11, ""00110"": 8, ""00111"": 13, ""01000"": 23, ""01001"": 7, ""01010"": 4, ""01011"": 24, ""01100"": 8, ""01101"": 21, ""01110"": 30, ""01111"": 6, ""10000"": 15, ""10001"": 4, ""10010"": 7, ""10011"": 24, ""10100"": 11, ""10101"": 23, ""10110"": 32, ""10111"": 6, ""11000"": 11, ""11001"": 17, ""11010"": 30, ""11011"": 5, ""11100"": 39, ""11101"": 3, ""11110"": 8, ""11111"": 24}"
5,14,74014,1982058651,3,parity_4,2.5132741228718345,512,26,8,12,"{""rz"": 21, ""cx"": 12, ""sx"": 8, ""measure"": 5, ""barrier"": 1}","{""00000"": 30, ""00001"": 11, ""00010"": 7, ""00011"": 23, ""00100"": 6, ""00101"": 24, ""00110"": 31, ""00111"": 9, ""01000"": 4, ""01001"": 27, ""01010"": 24, ""01011"": 10, ""01100"": 17, ""01101"": 8, ""01110"": 6, ""01111"": 20, ""10000"": 5, ""10001"": 30, ""10010"": 28, ""10011"": 8, ""10100"": 19, ""10101"": 7, ""10110"": 8, ""10111"": 29, ""11000"": 16, ""11001"": 8, ""11010"": 9, ""11011"": 32, ""11100"": 5, ""11101"": 24, ""11110"": 22, ""11111"": 5}"
5,14,74014,1722916676,5,population,,512,36,5,20,"{""cx"": 20, ""rz"": 10, ""sx"": 5, ""measure"": 5, ""barrier"": 1}","{""00000"": 178, ""00001"": 14, ""00010"": 12, ""00011"": 7, ""00100"": 7, ""00110"": 1, ""00111"": 7, ""01000"": 11, ""01011"": 5, ""01101"": 2, ""01111"": 14, ""10000"": 10, ""10010"": 1, ""10100"": 1, ""10110"": 2, ""10111"": 10, ""11000"": 14, ""11010"": 2, ""11011"": 13, ""11100"": 12, ""11101"": 11, ""11110"": 14, ""11111"": 164}"
5,14,74014,939976248,5,parity_0,0.0,512,40,10,20,"{""rz"": 25, ""cx"": 20, ""sx"": 10, ""measure"": 5, ""barrier"": 1}","{""00000"": 24, ""00001"": 9, ""00010"": 8, ""00011"": 20, ""00100"": 8, ""00101"": 23, ""00110"": 24, ""00111"": 11, ""01000"": 17, ""01001"": 22, ""01010"": 38, ""01011"": 5, ""01100"": 18, ""01101"": 9, ""01110"": 6, ""01111"": 30, ""10000"": 16, ""10001"": 17, ""10010"": 24, ""10011"": 8, ""10100"": 20, ""10101"": 8, ""10110"": 6, ""10111"": 23, ""11000"": 24, ""11001"": 7, ""11010"": 7, ""11011"": 24, ""11100"": 6, ""11101"": 19, ""11110"": 22, ""11111"": 9}"
5,14,74014,2781172962,5,parity_1,0.6283185307179586,512,40,10,20,"{""rz"": 25, ""cx"": 20, ""sx"": 10, ""measure"": 5, ""barrier"": 1}","{""00000"": 11, ""00001"": 32, ""00010"": 27, ""00011"": 11, ""00100"": 23, ""00101"": 8, ""00110"": 12, ""00111"": 26, ""01000"": 24, ""01001"": 7, ""01010"": 16, ""01011"": 22, ""01100"": 7, ""01101"": 26, ""01110"": 22, ""01111"": 10, ""10000"": 22, ""10001"": 9, ""10010"": 11, ""10011"": 20, ""10100"": 7, ""10101"": 22, ""10110"": 15, ""10111"": 7, ""11000"": 13, ""11001"": 23, ""11010"": 21, ""11011"": 4, ""11100"": 25, ""11101"": 7, ""11110"": 6, ""11111"": 16}"
5,14,74014,4064406296,5,parity_2,1.2566370614359172,512,40,10,20,"{""rz"": 25, ""cx"": 20, ""sx"": 10, ""measure"": 5, ""barrier"": 1}","{""00000"": 28, ""00001"": 7, ""00010"": 8, ""00011"": 25, ""00100"": 9, ""00101"": 12, ""00110"": 29, ""00111"": 4, ""01000"": 15, ""01001"": 26, ""01010"": 35, ""01011"": 5, ""01100"": 22, ""01101"": 5, ""01110"": 8, ""01111"": 20, ""10000"": 11, ""10001"": 17, ""10010"": 33, ""10011"": 5, ""10100"": 28, ""10101"": 10, ""10110"": 10, ""10111"": 23, ""11000"": 16, ""11001"": 8, ""11010"": 11, ""11011"": 22, ""11100"": 9, ""11101"": 15, ""11110"": 30, ""11111"": 6}"
5,14,74014,2489723877,5,parity_3,1.8849555921538759,512,40,10,20,"{""rz"": 25, ""cx"": 20, ""sx"": 10, ""measure"": 5, ""barrier"": 1}","{""00000"": 13, ""00001"": 27, ""00010"": 32, ""00011"": 7, ""00100"": 25, ""00101"": 8, ""00110"": 7, ""00111"": 20, ""01000"": 24, ""01001"": 10, ""01010"": 14, ""01011"": 22, ""01100"": 11, ""01101"": 21, ""01110"": 29, ""01111"": 10, ""10000"": 20, ""10001"": 3, ""10010"": 7, ""10011"": 25, ""10100"": 16, ""10101"": 26, ""10110"": 19, ""10111"": 6, ""11000"": 7, ""11001"": 13, ""11010"": 31, ""11011"": 8, ""11100"": 25, ""11101"": 3, ""11110"": 5, ""11111"": 18}"
5,14,74014,3626275468,5,parity_4,2.5132741228718345,512,40,10,20,"{""rz"": 25, ""cx"": 20, ""sx"": 10, ""measure"": 5, ""barrier"": 1}","{""00000"": 23, ""00001"": 12, ""00010"": 12, ""00011"": 19, ""00100"": 8, ""00101"": 27, ""00110"": 15, ""00111"": 6, ""01000"": 7, ""01001"": 24, ""01010"": 32, ""01011"": 9, ""01100"": 21, ""01101"": 11, ""01110"": 11, ""01111"": 18, ""10000"": 14, ""10001"": 21, ""10010"": 21, ""10011"": 4, ""10100"": 31, ""10101"": 7, ""10110"": 12, ""10111"": 23, ""11000"": 32, ""11001"": 7, ""11010"": 5, ""11011"": 26, ""11100"": 8, ""11101"": 20, ""11110"": 22, ""11111"": 4}"
5,15,74015,3633989452,1,population,,512,8,1,4,"{""measure"": 5, ""cx"": 4, ""rz"": 2, ""sx"": 1, ""barrier"": 1}","{""00000"": 215, ""00001"": 8, ""00010"": 10, ""00011"": 1, ""00100"": 10, ""00111"": 1, ""01000"": 9, ""01100"": 1, ""01101"": 1, ""01111"": 5, ""10000"": 11, ""10010"": 1, ""10011"": 1, ""10110"": 1, ""10111"": 12, ""11000"": 2, ""11001"": 1, ""11010"": 2, ""11011"": 10, ""11100"": 1, ""11101"": 12, ""11110"": 8, ""11111"": 189}"
5,15,74015,2045173048,1,parity_0,0.0,512,12,6,4,"{""rz"": 17, ""sx"": 6, ""measure"": 5, ""cx"": 4, ""barrier"": 1}","{""00000"": 31, ""00001"": 7, ""00010"": 6, ""00011"": 25, ""00100"": 8, ""00101"": 14, ""00110"": 21, ""00111"": 5, ""01000"": 4, ""01001"": 33, ""01010"": 33, ""01011"": 11, ""01100"": 33, ""01101"": 7, ""01110"": 6, ""01111"": 26, ""10000"": 4, ""10001"": 23, ""10010"": 28, ""10011"": 7, ""10100"": 32, ""10101"": 8, ""10110"": 6, ""10111"": 21, ""11000"": 21, ""11001"": 4, ""11010"": 3, ""11011"": 23, ""11100"": 3, ""11101"": 32, ""11110"": 22, ""11111"": 5}"
5,15,74015,867663285,1,parity_1,0.6283185307179586,512,12,6,4,"{""rz"": 17, ""sx"": 6, ""measure"": 5, ""cx"": 4, ""barrier"": 1}","{""00000"": 9, ""00001"": 19, ""00010"": 23, ""00011"": 9, ""00100"": 27, ""00101"": 8, ""00110"": 5, ""00111"": 30, ""01000"": 30, ""01001"": 6, ""01010"": 4, ""01011"": 17, ""01100"": 10, ""01101"": 32, ""01110"": 32, ""01111"": 7, ""10000"": 32, ""10001"": 10, ""10010"": 7, ""10011"": 25, ""10100"": 6, ""10101"": 20, ""10110"": 25, ""10111"": 7, ""11000"": 9, ""11001"": 25, ""11010"": 19, ""11011"": 8, ""11100"": 20, ""11101"": 8, ""11110"": 2, ""11111"": 21}"
5,15,74015,1438294601,1,parity_2,1.2566370614359172,512,12,6,4,"{""rz"": 17, ""sx"": 6, ""measure"": 5, ""cx"": 4, ""barrier"": 1}","{""00000"": 33, ""00001"": 5, ""00010"": 3, ""00011"": 24, ""00100"": 7, ""00101"": 19, ""00110"": 31, ""00111"": 7, ""01000"": 4, ""01001"": 33, ""01010"": 21, ""01011"": 5, ""01100"": 23, ""01101"": 7, ""01110"": 7, ""01111"": 28, ""10000"": 4, ""10001"": 31, ""10010"": 23, ""10011"": 5, ""10100"": 25, ""10101"": 11, ""10110"": 6, ""10111"": 30, ""11000"": 24, ""11001"": 8, ""11010"": 7, ""11011"": 25, ""11100"": 6, ""11101"": 25, ""11110"": 21, ""11111"": 4}"
5,15,74015,2535546374,1,parity_3,1.8849555921538759,512,12,6,4,"{""rz"": 17, ""sx"": 6, ""measure"": 5, ""cx"": 4, ""barrier"": 1}","{""00000"": 11, ""00001"": 20, ""00010"": 32, ""00011"": 5, ""00100"": 19, ""00101"": 6, ""00110"": 15, ""00111"": 17, ""01000"": 27, ""01001"": 8, ""01010"": 1, ""01011"": 21, ""01100"": 9, ""01101"": 22, ""01110"": 30, ""01111"": 4, ""10000"": 27, ""10001"": 11, ""10010"": 6, ""10011"": 20, ""10100"": 6, ""10101"": 26, ""10110"": 25, ""10111"": 7, ""11000"": 8, ""11001"": 27, ""11010"": 35, ""11011"": 5, ""11100"": 33, ""11101"": 2, ""11110"": 2, ""11111"": 25}"
5,15,74015,650872185,1,parity_4,2.5132741228718345,512,12,6,4,"{""rz"": 17, ""sx"": 6, ""measure"": 5, ""cx"": 4, ""barrier"": 1}","{""00000"": 27, ""00001"": 12, ""00010"": 9, ""00011"": 27, ""00100"": 10, ""00101"": 26, ""00110"": 25, ""00111"": 9, ""01000"": 3, ""01001"": 23, ""01010"": 20, ""01011"": 7, ""01100"": 26, ""01101"": 2, ""01110"": 6, ""01111"": 31, ""10000"": 7, ""10001"": 28, ""10010"": 29, ""10011"": 7, ""10100"": 23, ""10101"": 5, ""10110"": 6, ""10111"": 19, ""11000"": 19, ""11001"": 11, ""11010"": 2, ""11011"": 21, ""11100"": 4, ""11101"": 37, ""11110"": 25, ""11111"": 6}"
5,15,74015,1385780738,3,population,,512,22,3,12,"{""cx"": 12, ""rz"": 6, ""measure"": 5, ""sx"": 3, ""barrier"": 1}","{""00000"": 215, ""00001"": 15, ""00010"": 11, ""00011"": 6, ""00100"": 8, ""00111"": 11, ""01000"": 6, ""01011"": 2, ""01100"": 2, ""01111"": 10, ""10000"": 6, ""10100"": 1, ""10110"": 2, ""10111"": 14, ""11000"": 6, ""11010"": 1, ""11011"": 7, ""11100"": 7, ""11101"": 9, ""11110"": 12, ""11111"": 161}"
5,15,74015,3296153579,3,parity_0,0.0,512,26,8,12,"{""rz"": 21, ""cx"": 12, ""sx"": 8, ""measure"": 5, ""barrier"": 1}","{""00000"": 30, ""00001"": 5, ""00010"": 14, ""00011"": 30, ""00100"": 10, ""00101"": 28, ""00110"": 19, ""00111"": 5, ""01000"": 5, ""01001"": 22, ""01010"": 40, ""01011"": 4, ""01100"": 15, ""01101"": 7, ""01110"": 5, ""01111"": 23, ""10000"": 6, ""10001"": 29, ""10010"": 27, ""10011"": 8, ""10100"": 23, ""10101"": 10, ""10110"": 7, ""10111"": 24, ""11000"": 21, ""11001"": 10, ""11010"": 3, ""11011"": 30, ""11100"": 9, ""11101"": 17, ""11110"": 21, ""11111"": 5}"
5,15,74015,2004228763,3,parity_1,0.6283185307179586,512,26,8,12,"{""rz"": 21, ""cx"": 12, ""sx"": 8, ""measure"": 5, ""barrier"": 1}","{""00000"": 12, ""00001"": 33, ""00010"": 24, ""00011"": 4, ""00100"": 31, ""00101"": 9, ""00110"": 10, ""00111"": 22, ""01000"": 21, ""01001"": 8, ""01010"": 8, ""01011"": 16, ""01100"": 10, ""01101"": 19, ""01110"": 28, ""01111"": 7, ""10000"": 23, ""10001"": 13, ""10010"": 6, ""10011"": 32, ""10100"": 7, ""10101"": 24, ""10110"": 10, ""10111"": 6, ""11000"": 8, ""11001"": 17, ""11010"": 35, ""11011"": 4, ""11100"": 24, ""11101"": 10, ""11110"": 6, ""11111"": 25}"
5,15,74015,2249764192,3,parity_2,1.2566370614359172,512,26,8,12,"{""rz"": 21, ""cx"": 12, ""sx"": 8, ""measure"": 5, ""barrier"": 1}","{""00000"": 24, ""00001"": 7, ""00010"": 8, ""00011"": 23, ""00100"": 4, ""00101"": 30, ""00110"": 33, ""00111"": 2, ""01000"": 9, ""01001"": 23, ""01010"": 30, ""01011"": 5, ""01100"": 26, ""01101"": 5, ""01110"": 4, ""01111"": 26, ""10000"": 10, ""10001"": 29, ""10010"": 18, ""10011"": 2, ""10100"": 19, ""10101"": 11, ""10110"": 5, ""10111"": 19, ""11000"": 34, ""11001"": 9, ""11010"": 12, ""11011"": 21, ""11100"": 5, ""11101"": 33, ""11110"": 23, ""11111"": 3}"
5,15,74015,2306685897,3,parity_3,1.8849555921538759,512,26,8,12,"{""rz"": 21, ""cx"": 12, ""sx"": 8, ""measure"": 5, ""barrier"": 1}","{""00000"": 7, ""00001"": 30, ""00010"": 27, ""00011"": 12, ""00100"": 22, ""00101"": 10, ""00110"": 7, ""00111"": 32, ""01000"": 23, ""01001"": 8, ""01010"": 4, ""01011"": 21, ""01100"": 5, ""01101"": 27, ""01110"": 29, ""01111"": 4, ""10000"": 25, ""10001"": 5, ""10010"": 6, ""10011"": 25, ""10100"": 12, ""10101"": 19, ""10110"": 20, ""10111"": 10, ""11000"": 11, ""11001"": 22, ""11010"": 26, ""11011"": 5, ""11100"": 22, ""11101"": 6, ""11110"": 9, ""11111"": 21}"
5,15,74015,1378206765,3,parity_4,2.5132741228718345,512,26,8,12,"{""rz"": 21, ""cx"": 12, ""sx"": 8, ""measure"": 5, ""barrier"": 1}","{""00000"": 27, ""00001"": 14, ""00010"": 8, ""00011"": 20, ""00100"": 3, ""00101"": 24, ""00110"": 24, ""00111"": 11, ""01000"": 8, ""01001"": 28, ""01010"": 29, ""01011"": 7, ""01100"": 27, ""01101"": 5, ""01110"": 4, ""01111"": 28, ""10000"": 11, ""10001"": 19, ""10010"": 13, ""10011"": 3, ""10100"": 22, ""10101"": 8, ""10110"": 8, ""10111"": 26, ""11000"": 28, ""11001"": 9, ""11010"": 4, ""11011"": 21, ""11100"": 6, ""11101"": 28, ""11110"": 34, ""11111"": 5}"
5,15,74015,2446456677,5,population,,512,36,5,20,"{""cx"": 20, ""rz"": 10, ""sx"": 5, ""measure"": 5, ""barrier"": 1}","{""00000"": 173, ""00001"": 19, ""00010"": 8, ""00011"": 8, ""00100"": 6, ""00101"": 2, ""00111"": 11, ""01000"": 11, ""01001"": 3, ""01011"": 1, ""01111"": 7, ""10000"": 3, ""10001"": 3, ""10010"": 2, ""10011"": 3, ""10100"": 1, ""10101"": 1, ""10111"": 17, ""11000"": 3, ""11001"": 2, ""11010"": 1, ""11011"": 11, ""11100"": 4, ""11101"": 11, ""11110"": 25, ""11111"": 176}"
5,15,74015,1740380859,5,parity_0,0.0,512,40,10,20,"{""rz"": 25, ""cx"": 20, ""sx"": 10, ""measure"": 5, ""barrier"": 1}","{""00000"": 16, ""00001"": 9, ""00010"": 15, ""00011"": 22, ""00100"": 12, ""00101"": 20, ""00110"": 20, ""00111"": 12, ""01000"": 9, ""01001"": 19, ""01010"": 18, ""01011"": 7, ""01100"": 15, ""01101"": 10, ""01110"": 10, ""01111"": 24, ""10000"": 15, ""10001"": 26, ""10010"": 27, ""10011"": 14, ""10100"": 23, ""10101"": 9, ""10110"": 9, ""10111"": 26, ""11000"": 23, ""11001"": 7, ""11010"": 5, ""11011"": 28, ""11100"": 6, ""11101"": 23, ""11110"": 25, ""11111"": 8}"
5,15,74015,2585241364,5,parity_1,0.6283185307179586,512,40,10,20,"{""rz"": 25, ""cx"": 20, ""sx"": 10, ""measure"": 5, ""barrier"": 1}","{""00000"": 6, ""00001"": 22, ""00010"": 26, ""00011"": 11, ""00100"": 28, ""00101"": 9, ""00110"": 11, ""00111"": 26, ""01000"": 21, ""01001"": 6, ""01010"": 11, ""01011"": 29, ""01100"": 8, ""01101"": 13, ""01110"": 27, ""01111"": 12, ""10000"": 25, ""10001"": 8, ""10010"": 5, ""10011"": 24, ""10100"": 15, ""10101"": 23, ""10110"": 21, ""10111"": 8, ""11000"": 7, ""11001"": 22, ""11010"": 26, ""11011"": 5, ""11100"": 30, ""11101"": 6, ""11110"": 4, ""11111"": 17}"
5,15,74015,2578819140,5,parity_2,1.2566370614359172,512,40,10,20,"{""rz"": 25, ""cx"": 20, ""sx"": 10, ""measure"": 5, ""barrier"": 1}","{""00000"": 23, ""00001"": 7, ""00010"": 11, ""00011"": 27, ""00100"": 5, ""00101"": 28, ""00110"": 11, ""00111"": 18, ""01000"": 8, ""01001"": 16, ""01010"": 21, ""01011"": 12, ""01100"": 31, ""01101"": 7, ""01110"": 7, ""01111"": 22, ""10000"": 10, ""10001"": 24, ""10010"": 28, ""10011"": 8, ""10100"": 18, ""10101"": 9, ""10110"": 10, ""10111"": 18, ""11000"": 21, ""11001"": 4, ""11010"": 11, ""11011"": 25, ""11100"": 9, ""11101"": 34, ""11110"": 21, ""11111"": 8}"
5,15,74015,2105614600,5,parity_3,1.8849555921538759,512,40,10,20,"{""rz"": 25, ""cx"": 20, ""sx"": 10, ""measure"": 5, ""barrier"": 1}","{""00000"": 16, ""00001"": 22, ""00010"": 16, ""00011"": 7, ""00100"": 27, ""00101"": 6, ""00110"": 6, ""00111"": 21, ""01000"": 25, ""01001"": 10, ""01010"": 7, ""01011"": 22, ""01100"": 4, ""01101"": 23, ""01110"": 17, ""01111"": 8, ""10000"": 34, ""10001"": 14, ""10010"": 8, ""10011"": 28, ""10100"": 12, ""10101"": 20, ""10110"": 31, ""10111"": 7, ""11000"": 11, ""11001"": 27, ""11010"": 21, ""11011"": 5, ""11100"": 24, ""11101"": 5, ""11110"": 11, ""11111"": 17}"
5,15,74015,3469558547,5,parity_4,2.5132741228718345,512,40,10,20,"{""rz"": 25, ""cx"": 20, ""sx"": 10, ""measure"": 5, ""barrier"": 1}","{""00000"": 21, ""00001"": 9, ""00010"": 10, ""00011"": 26, ""00100"": 4, ""00101"": 17, ""00110"": 26, ""00111"": 9, ""01000"": 17, ""01001"": 32, ""01010"": 17, ""01011"": 7, ""01100"": 26, ""01101"": 9, ""01110"": 7, ""01111"": 15, ""10000"": 8, ""10001"": 35, ""10010"": 25, ""10011"": 7, ""10100"": 20, ""10101"": 9, ""10110"": 6, ""10111"": 22, ""11000"": 22, ""11001"": 11, ""11010"": 12, ""11011"": 24, ""11100"": 7, ""11101"": 17, ""11110"": 27, ""11111"": 8}"
5,16,74016,1969713398,1,population,,512,8,1,4,"{""measure"": 5, ""cx"": 4, ""rz"": 2, ""sx"": 1, ""barrier"": 1}","{""00000"": 210, ""00001"": 9, ""00010"": 4, ""00011"": 4, ""00100"": 4, ""00101"": 1, ""00110"": 1, ""00111"": 3, ""01000"": 2, ""01010"": 1, ""01011"": 1, ""01100"": 1, ""01110"": 2, ""01111"": 17, ""10000"": 8, ""10001"": 1, ""10111"": 13, ""11000"": 1, ""11001"": 1, ""11011"": 11, ""11100"": 2, ""11101"": 6, ""11110"": 16, ""11111"": 193}"
5,16,74016,2177547726,1,parity_0,0.0,512,12,6,4,"{""rz"": 17, ""sx"": 6, ""measure"": 5, ""cx"": 4, ""barrier"": 1}","{""00000"": 30, ""00001"": 11, ""00010"": 7, ""00011"": 25, ""00100"": 6, ""00101"": 27, ""00110"": 24, ""00111"": 6, ""01000"": 9, ""01001"": 30, ""01010"": 23, ""01011"": 9, ""01100"": 32, ""01101"": 4, ""01110"": 8, ""01111"": 25, ""10000"": 5, ""10001"": 23, ""10010"": 25, ""10011"": 2, ""10100"": 22, ""10101"": 7, ""10110"": 3, ""10111"": 23, ""11000"": 16, ""11001"": 10, ""11010"": 3, ""11011"": 28, ""11100"": 8, ""11101"": 23, ""11110"": 34, ""11111"": 4}"
5,16,74016,3835847350,1,parity_1,0.6283185307179586,512,12,6,4,"{""rz"": 17, ""sx"": 6, ""measure"": 5, ""cx"": 4, ""barrier"": 1}","{""00000"": 8, ""00001"": 30, ""00010"": 24, ""00011"": 8, ""00100"": 29, ""00101"": 9, ""00110"": 5, ""00111"": 29, ""01000"": 21, ""01001"": 3, ""01010"": 5, ""01011"": 24, ""01100"": 9, ""01101"": 24, ""01110"": 24, ""01111"": 2, ""10000"": 31, ""10001"": 8, ""10010"": 7, ""10011"": 29, ""10100"": 7, ""10101"": 20, ""10110"": 28, ""10111"": 8, ""11000"": 5, ""11001"": 25, ""11010"": 26, ""11011"": 2, ""11100"": 28, ""11101"": 7, ""11110"": 4, ""11111"": 23}"
5,16,74016,1562835090,1,parity_2,1.2566370614359172,512,12,6,4,"{""rz"": 17, ""sx"": 6, ""measure"": 5, ""cx"": 4, ""barrier"": 1}","{""00000"": 23, ""00001"": 9, ""00010"": 4, ""00011"": 19, ""00100"": 6, ""00101"": 38, ""00110"": 35, ""00111"": 4, ""01000"": 7, ""01001"": 34, ""01010"": 28, ""01011"": 8, ""01100"": 22, ""01101"": 4, ""01110"": 5, ""01111"": 28, ""10000"": 7, ""10001"": 26, ""10010"": 28, ""10011"": 4, ""10100"": 29, ""10101"": 7, ""10110"": 5, ""10111"": 23, ""11000"": 28, ""11001"": 6, ""11010"": 7, ""11011"": 25, ""11100"": 6, ""11101"": 16, ""11110"": 19, ""11111"": 2}"
5,16,74016,3526421916,1,parity_3,1.8849555921538759,512,12,6,4,"{""rz"": 17, ""sx"": 6, ""measure"": 5, ""cx"": 4, ""barrier"": 1}","{""00000"": 7, ""00001"": 28, ""00010"": 32, ""00011"": 8, ""00100"": 29, ""00101"": 5, ""00110"": 7, ""00111"": 28, ""01000"": 23, ""01001"": 6, ""01010"": 11, ""01011"": 26, ""01100"": 4, ""01101"": 21, ""01110"": 23, ""01111"": 4, ""10000"": 28, ""10001"": 7, ""10010"": 7, ""10011"": 23, ""10100"": 6, ""10101"": 28, ""10110"": 25, ""10111"": 6, ""11000"": 6, ""11001"": 21, ""11010"": 26, ""11011"": 12, ""11100"": 24, ""11101"": 7, ""11110"": 6, ""11111"": 18}"
5,16,74016,1243133594,1,parity_4,2.5132741228718345,512,12,6,4,"{""rz"": 17, ""sx"": 6, ""measure"": 5, ""cx"": 4, ""barrier"": 1}","{""00000"": 20, ""00001"": 6, ""00010"": 8, ""00011"": 28, ""00100"": 10, ""00101"": 18, ""00110"": 27, ""00111"": 5, ""01000"": 9, ""01001"": 20, ""01010"": 22, ""01011"": 7, ""01100"": 33, ""01101"": 13, ""01110"": 5, ""01111"": 23, ""10000"": 13, ""10001"": 28, ""10010"": 26, ""10011"": 4, ""10100"": 22, ""10101"": 9, ""10110"": 9, ""10111"": 32, ""11000"": 24, ""11001"": 4, ""11010"": 6, ""11011"": 20, ""11100"": 7, ""11101"": 24, ""11110"": 21, ""11111"": 9}"
5,16,74016,2718371359,3,population,,512,22,3,12,"{""cx"": 12, ""rz"": 6, ""measure"": 5, ""sx"": 3, ""barrier"": 1}","{""00000"": 206, ""00001"": 7, ""00010"": 10, ""00011"": 3, ""00100"": 8, ""00111"": 3, ""01000"": 10, ""01010"": 1, ""01011"": 2, ""01100"": 2, ""01110"": 1, ""01111"": 13, ""10000"": 10, ""10001"": 1, ""10011"": 1, ""10100"": 1, ""10101"": 3, ""10111"": 16, ""11000"": 3, ""11010"": 1, ""11011"": 17, ""11100"": 6, ""11101"": 10, ""11110"": 14, ""11111"": 163}"
5,16,74016,325046062,3,parity_0,0.0,512,26,8,12,"{""rz"": 21, ""cx"": 12, ""sx"": 8, ""measure"": 5, ""barrier"": 1}","{""00000"": 25, ""00001"": 12, ""00010"": 9, ""00011"": 25, ""00100"": 12, ""00101"": 24, ""00110"": 21, ""00111"": 5, ""01000"": 9, ""01001"": 22, ""01010"": 23, ""01011"": 8, ""01100"": 30, ""01101"": 4, ""01110"": 8, ""01111"": 24, ""10000"": 10, ""10001"": 22, ""10010"": 20, ""10011"": 14, ""10100"": 26, ""10101"": 8, ""10110"": 4, ""10111"": 22, ""11000"": 22, ""11001"": 8, ""11010"": 8, ""11011"": 27, ""11100"": 8, ""11101"": 22, ""11110"": 27, ""11111"": 3}"
5,16,74016,1129973944,3,parity_1,0.6283185307179586,512,26,8,12,"{""rz"": 21, ""cx"": 12, ""sx"": 8, ""measure"": 5, ""barrier"": 1}","{""00000"": 7, ""00001"": 23, ""00010"": 18, ""00011"": 7, ""00100"": 21, ""00101"": 5, ""00110"": 6, ""00111"": 26, ""01000"": 29, ""01001"": 9, ""01010"": 5, ""01011"": 27, ""01100"": 8, ""01101"": 30, ""01110"": 22, ""01111"": 6, ""10000"": 28, ""10001"": 5, ""10010"": 12, ""10011"": 34, ""10100"": 8, ""10101"": 27, ""10110"": 22, ""10111"": 9, ""11000"": 8, ""11001"": 23, ""11010"": 20, ""11011"": 6, ""11100"": 18, ""11101"": 12, ""11110"": 5, ""11111"": 26}"
5,16,74016,2885650724,3,parity_2,1.2566370614359172,512,26,8,12,"{""rz"": 21, ""cx"": 12, ""sx"": 8, ""measure"": 5, ""barrier"": 1}","{""00000"": 23, ""00001"": 9, ""00010"": 7, ""00011"": 24, ""00100"": 6, ""00101"": 23, ""00110"": 36, ""00111"": 6, ""01000"": 14, ""01001"": 29, ""01010"": 24, ""01011"": 8, ""01100"": 19, ""01101"": 9, ""01110"": 10, ""01111"": 29, ""10000"": 9, ""10001"": 16, ""10010"": 23, ""10011"": 7, ""10100"": 19, ""10101"": 9, ""10110"": 10, ""10111"": 19, ""11000"": 29, ""11001"": 8, ""11010"": 8, ""11011"": 18, ""11100"": 5, ""11101"": 24, ""11110"": 30, ""11111"": 2}"
5,16,74016,3881160688,3,parity_3,1.8849555921538759,512,26,8,12,"{""rz"": 21, ""cx"": 12, ""sx"": 8, ""measure"": 5, ""barrier"": 1}","{""00000"": 7, ""00001"": 26, ""00010"": 19, ""00011"": 8, ""00100"": 31, ""00101"": 10, ""00110"": 2, ""00111"": 31, ""01000"": 20, ""01001"": 11, ""01010"": 7, ""01011"": 17, ""01100"": 9, ""01101"": 24, ""01110"": 25, ""01111"": 9, ""10000"": 35, ""10001"": 9, ""10010"": 13, ""10011"": 26, ""10100"": 8, ""10101"": 27, ""10110"": 20, ""10111"": 9, ""11000"": 5, ""11001"": 23, ""11010"": 27, ""11011"": 2, ""11100"": 17, ""11101"": 6, ""11110"": 3, ""11111"": 26}"
5,16,74016,4027245335,3,parity_4,2.5132741228718345,512,26,8,12,"{""rz"": 21, ""cx"": 12, ""sx"": 8, ""measure"": 5, ""barrier"": 1}","{""00000"": 29, ""00001"": 6, ""00010"": 9, ""00011"": 27, ""00100"": 9, ""00101"": 22, ""00110"": 17, ""00111"": 4, ""01000"": 9, ""01001"": 32, ""01010"": 19, ""01011"": 5, ""01100"": 11, ""01101"": 7, ""01110"": 17, ""01111"": 29, ""10000"": 6, ""10001"": 16, ""10010"": 17, ""10011"": 13, ""10100"": 26, ""10101"": 7, ""10110"": 6, ""10111"": 28, ""11000"": 20, ""11001"": 9, ""11010"": 8, ""11011"": 37, ""11100"": 8, ""11101"": 26, ""11110"": 30, ""11111"": 3}"
5,16,74016,2500435054,5,population,,512,36,5,20,"{""cx"": 20, ""rz"": 10, ""sx"": 5, ""measure"": 5, ""barrier"": 1}","{""00000"": 169, ""00001"": 18, ""00010"": 12, ""00011"": 5, ""00100"": 9, ""00101"": 2, ""00111"": 12, ""01000"": 8, ""01100"": 1, ""01101"": 1, ""01110"": 1, ""01111"": 15, ""10000"": 15, ""10010"": 1, ""10100"": 1, ""10110"": 2, ""10111"": 13, ""11000"": 8, ""11001"": 1, ""11010"": 3, ""11011"": 13, ""11100"": 8, ""11101"": 15, ""11110"": 26, ""11111"": 153}"
5,16,74016,314197912,5,parity_0,0.0,512,40,10,20,"{""rz"": 25, ""cx"": 20, ""sx"": 10, ""measure"": 5, ""barrier"": 1}","{""00000"": 19, ""00001"": 3, ""00010"": 5, ""00011"": 27, ""00100"": 8, ""00101"": 19, ""00110"": 27, ""00111"": 16, ""01000"": 8, ""01001"": 24, ""01010"": 26, ""01011"": 9, ""01100"": 24, ""01101"": 8, ""01110"": 9, ""01111"": 16, ""10000"": 14, ""10001"": 16, ""10010"": 27, ""10011"": 9, ""10100"": 29, ""10101"": 12, ""10110"": 5, ""10111"": 22, ""11000"": 31, ""11001"": 12, ""11010"": 5, ""11011"": 22, ""11100"": 7, ""11101"": 22, ""11110"": 22, ""11111"": 9}"
5,16,74016,1630358929,5,parity_1,0.6283185307179586,512,40,10,20,"{""rz"": 25, ""cx"": 20, ""sx"": 10, ""measure"": 5, ""barrier"": 1}","{""00000"": 12, ""00001"": 20, ""00010"": 22, ""00011"": 9, ""00100"": 20, ""00101"": 8, ""00110"": 6, ""00111"": 22, ""01000"": 20, ""01001"": 10, ""01010"": 11, ""01011"": 30, ""01100"": 6, ""01101"": 28, ""01110"": 23, ""01111"": 5, ""10000"": 24, ""10001"": 10, ""10010"": 9, ""10011"": 36, ""10100"": 12, ""10101"": 19, ""10110"": 23, ""10111"": 11, ""11000"": 8, ""11001"": 27, ""11010"": 26, ""11011"": 6, ""11100"": 15, ""11101"": 5, ""11110"": 5, ""11111"": 24}"
5,16,74016,492996805,5,parity_2,1.2566370614359172,512,40,10,20,"{""rz"": 25, ""cx"": 20, ""sx"": 10, ""measure"": 5, ""barrier"": 1}","{""00000"": 23, ""00001"": 11, ""00010"": 13, ""00011"": 21, ""00100"": 8, ""00101"": 29, ""00110"": 29, ""00111"": 11, ""01000"": 11, ""01001"": 20, ""01010"": 24, ""01011"": 5, ""01100"": 29, ""01101"": 3, ""01110"": 8, ""01111"": 22, ""10000"": 7, ""10001"": 24, ""10010"": 23, ""10011"": 8, ""10100"": 25, ""10101"": 10, ""10110"": 5, ""10111"": 26, ""11000"": 17, ""11001"": 9, ""11010"": 6, ""11011"": 23, ""11100"": 9, ""11101"": 27, ""11110"": 21, ""11111"": 5}"
5,16,74016,1329827880,5,parity_3,1.8849555921538759,512,40,10,20,"{""rz"": 25, ""cx"": 20, ""sx"": 10, ""measure"": 5, ""barrier"": 1}","{""00000"": 12, ""00001"": 21, ""00010"": 27, ""00011"": 9, ""00100"": 28, ""00101"": 6, ""00110"": 11, ""00111"": 23, ""01000"": 33, ""01001"": 9, ""01010"": 13, ""01011"": 24, ""01100"": 4, ""01101"": 25, ""01110"": 18, ""01111"": 7, ""10000"": 26, ""10001"": 7, ""10010"": 8, ""10011"": 22, ""10100"": 7, ""10101"": 24, ""10110"": 18, ""10111"": 9, ""11000"": 10, ""11001"": 24, ""11010"": 22, ""11011"": 7, ""11100"": 26, ""11101"": 1, ""11110"": 6, ""11111"": 25}"
5,16,74016,3279790776,5,parity_4,2.5132741228718345,512,40,10,20,"{""rz"": 25, ""cx"": 20, ""sx"": 10, ""measure"": 5, ""barrier"": 1}","{""00000"": 30, ""00001"": 11, ""00010"": 10, ""00011"": 29, ""00100"": 8, ""00101"": 34, ""00110"": 23, ""00111"": 8, ""01000"": 13, ""01001"": 29, ""01010"": 16, ""01011"": 8, ""01100"": 26, ""01101"": 6, ""01110"": 3, ""01111"": 25, ""10000"": 8, ""10001"": 19, ""10010"": 20, ""10011"": 5, ""10100"": 22, ""10101"": 17, ""10110"": 8, ""10111"": 19, ""11000"": 26, ""11001"": 4, ""11010"": 6, ""11011"": 22, ""11100"": 9, ""11101"": 22, ""11110"": 23, ""11111"": 3}"
5,17,74017,833551829,1,population,,512,8,1,4,"{""measure"": 5, ""cx"": 4, ""rz"": 2, ""sx"": 1, ""barrier"": 1}","{""00000"": 217, ""00001"": 6, ""00010"": 11, ""00011"": 1, ""00100"": 3, ""00101"": 2, ""00111"": 3, ""01000"": 10, ""01001"": 1, ""01010"": 1, ""01011"": 2, ""01110"": 1, ""01111"": 16, ""10000"": 7, ""10110"": 1, ""10111"": 11, ""11000"": 2, ""11010"": 1, ""11011"": 12, ""11100"": 2, ""11101"": 10, ""11110"": 11, ""11111"": 181}"
5,17,74017,517237046,1,parity_0,0.0,512,12,6,4,"{""rz"": 17, ""sx"": 6, ""measure"": 5, ""cx"": 4, ""barrier"": 1}","{""00000"": 18, ""00001"": 7, ""00010"": 8, ""00011"": 22, ""00100"": 7, ""00101"": 18, ""00110"": 21, ""00111"": 8, ""01000"": 8, ""01001"": 21, ""01010"": 30, ""01011"": 5, ""01100"": 30, ""01101"": 3, ""01110"": 8, ""01111"": 23, ""10000"": 8, ""10001"": 34, ""10010"": 34, ""10011"": 12, ""10100"": 21, ""10101"": 4, ""10110"": 2, ""10111"": 27, ""11000"": 30, ""11001"": 7, ""11010"": 8, ""11011"": 33, ""11100"": 9, ""11101"": 20, ""11110"": 17, ""11111"": 9}"
5,17,74017,4258444194,1,parity_1,0.6283185307179586,512,12,6,4,"{""rz"": 17, ""sx"": 6, ""measure"": 5, ""cx"": 4, ""barrier"": 1}","{""00000"": 10, ""00001"": 26, ""00010"": 21, ""00011"": 6, ""00100"": 32, ""00101"": 5, ""00110"": 10, ""00111"": 28, ""01000"": 24, ""01001"": 9, ""01010"": 8, ""01011"": 23, ""01100"": 5, ""01101"": 34, ""01110"": 32, ""01111"": 7, ""10000"": 28, ""10001"": 10, ""10010"": 6, ""10011"": 28, ""10100"": 6, ""10101"": 22, ""10110"": 29, ""10111"": 6, ""11000"": 1, ""11001"": 25, ""11010"": 15, ""11011"": 1, ""11100"": 21, ""11101"": 3, ""11110"": 10, ""11111"": 21}"
5,17,74017,512636252,1,parity_2,1.2566370614359172,512,12,6,4,"{""rz"": 17, ""sx"": 6, ""measure"": 5, ""cx"": 4, ""barrier"": 1}","{""00000"": 23, ""00001"": 6, ""00010"": 8, ""00011"": 22, ""00100"": 8, ""00101"": 26, ""00110"": 24, ""00111"": 3, ""01000"": 6, ""01001"": 30, ""01010"": 33, ""01011"": 5, ""01100"": 25, ""01101"": 8, ""01110"": 4, ""01111"": 23, ""10000"": 5, ""10001"": 36, ""10010"": 24, ""10011"": 4, ""10100"": 25, ""10101"": 7, ""10110"": 5, ""10111"": 27, ""11000"": 27, ""11001"": 7, ""11010"": 4, ""11011"": 23, ""11100"": 3, ""11101"": 25, ""11110"": 30, ""11111"": 6}"
5,17,74017,2176363860,1,parity_3,1.8849555921538759,512,12,6,4,"{""rz"": 17, ""sx"": 6, ""measure"": 5, ""cx"": 4, ""barrier"": 1}","{""00000"": 8, ""00001"": 19, ""00010"": 25, ""00011"": 6, ""00100"": 19, ""00101"": 6, ""00110"": 8, ""00111"": 22, ""01000"": 30, ""01001"": 3, ""01010"": 9, ""01011"": 26, ""01100"": 4, ""01101"": 26, ""01110"": 23, ""01111"": 6, ""10000"": 18, ""10001"": 4, ""10010"": 6, ""10011"": 29, ""10100"": 6, ""10101"": 33, ""10110"": 23, ""10111"": 4, ""11000"": 7, ""11001"": 27, ""11010"": 25, ""11011"": 3, ""11100"": 36, ""11101"": 2, ""11110"": 10, ""11111"": 39}"
5,17,74017,1994687598,1,parity_4,2.5132741228718345,512,12,6,4,"{""rz"": 17, ""sx"": 6, ""measure"": 5, ""cx"": 4, ""barrier"": 1}","{""00000"": 31, ""00001"": 9, ""00010"": 3, ""00011"": 30, ""00100"": 4, ""00101"": 33, ""00110"": 31, ""00111"": 5, ""01000"": 1, ""01001"": 27, ""01010"": 18, ""01011"": 2, ""01100"": 33, ""01101"": 8, ""01110"": 3, ""01111"": 23, ""10000"": 7, ""10001"": 26, ""10010"": 29, ""10011"": 7, ""10100"": 38, ""10101"": 10, ""10110"": 4, ""10111"": 31, ""11000"": 23, ""11001"": 4, ""11010"": 3, ""11011"": 28, ""11100"": 5, ""11101"": 23, ""11110"": 9, ""11111"": 4}"
5,17,74017,1651104106,3,population,,512,22,3,12,"{""cx"": 12, ""rz"": 6, ""measure"": 5, ""sx"": 3, ""barrier"": 1}","{""00000"": 202, ""00001"": 15, ""00010"": 14, ""00011"": 7, ""00100"": 7, ""00110"": 1, ""00111"": 7, ""01000"": 12, ""01001"": 2, ""01011"": 1, ""01101"": 1, ""01110"": 2, ""01111"": 8, ""10000"": 1, ""10011"": 2, ""10100"": 2, ""10101"": 2, ""10110"": 3, ""10111"": 11, ""11000"": 3, ""11001"": 1, ""11011"": 8, ""11100"": 2, ""11101"": 13, ""11110"": 19, ""11111"": 166}"
5,17,74017,3338561509,3,parity_0,0.0,512,26,8,12,"{""rz"": 21, ""cx"": 12, ""sx"": 8, ""measure"": 5, ""barrier"": 1}","{""00000"": 26, ""00001"": 7, ""00010"": 9, ""00011"": 29, ""00100"": 12, ""00101"": 31, ""00110"": 18, ""00111"": 8, ""01000"": 7, ""01001"": 17, ""01010"": 22, ""01011"": 13, ""01100"": 20, ""01101"": 4, ""01110"": 4, ""01111"": 20, ""10000"": 8, ""10001"": 26, ""10010"": 20, ""10011"": 6, ""10100"": 34, ""10101"": 6, ""10110"": 6, ""10111"": 25, ""11000"": 18, ""11001"": 5, ""11010"": 4, ""11011"": 31, ""11100"": 7, ""11101"": 30, ""11110"": 35, ""11111"": 4}"
5,17,74017,1802651809,3,parity_1,0.6283185307179586,512,26,8,12,"{""rz"": 21, ""cx"": 12, ""sx"": 8, ""measure"": 5, ""barrier"": 1}","{""00000"": 8, ""00001"": 30, ""00010"": 25, ""00011"": 11, ""00100"": 28, ""00101"": 6, ""00110"": 11, ""00111"": 22, ""01000"": 26, ""01001"": 15, ""01010"": 4, ""01011"": 26, ""01100"": 8, ""01101"": 26, ""01110"": 21, ""01111"": 6, ""10000"": 19, ""10001"": 7, ""10010"": 7, ""10011"": 27, ""10100"": 7, ""10101"": 27, ""10110"": 22, ""10111"": 5, ""11000"": 7, ""11001"": 28, ""11010"": 21, ""11011"": 8, ""11100"": 23, ""11101"": 7, ""11110"": 7, ""11111"": 17}"
5,17,74017,2607968678,3,parity_2,1.2566370614359172,512,26,8,12,"{""rz"": 21, ""cx"": 12, ""sx"": 8, ""measure"": 5, ""barrier"": 1}","{""00000"": 29, ""00001"": 12, ""00010"": 10, ""00011"": 24, ""00100"": 2, ""00101"": 25, ""00110"": 23, ""00111"": 8, ""01000"": 13, ""01001"": 28, ""01010"": 27, ""01011"": 13, ""01100"": 26, ""01101"": 8, ""01110"": 8, ""01111"": 17, ""10000"": 9, ""10001"": 29, ""10010"": 24, ""10011"": 6, ""10100"": 16, ""10101"": 4, ""10110"": 8, ""10111"": 17, ""11000"": 24, ""11001"": 12, ""11010"": 8, ""11011"": 21, ""11100"": 9, ""11101"": 22, ""11110"": 25, ""11111"": 5}"
5,17,74017,1883095766,3,parity_3,1.8849555921538759,512,26,8,12,"{""rz"": 21, ""cx"": 12, ""sx"": 8, ""measure"": 5, ""barrier"": 1}","{""00000"": 4, ""00001"": 25, ""00010"": 33, ""00011"": 8, ""00100"": 25, ""00101"": 10, ""00110"": 4, ""00111"": 22, ""01000"": 27, ""01001"": 4, ""01010"": 8, ""01011"": 32, ""01100"": 7, ""01101"": 26, ""01110"": 26, ""01111"": 4, ""10000"": 26, ""10001"": 4, ""10010"": 8, ""10011"": 36, ""10100"": 6, ""10101"": 21, ""10110"": 26, ""10111"": 5, ""11000"": 8, ""11001"": 25, ""11010"": 24, ""11011"": 6, ""11100"": 18, ""11101"": 2, ""11110"": 6, ""11111"": 26}"
5,17,74017,1977852017,3,parity_4,2.5132741228718345,512,26,8,12,"{""rz"": 21, ""cx"": 12, ""sx"": 8, ""measure"": 5, ""barrier"": 1}","{""00000"": 30, ""00001"": 8, ""00010"": 9, ""00011"": 26, ""00100"": 6, ""00101"": 22, ""00110"": 16, ""00111"": 6, ""01000"": 13, ""01001"": 27, ""01010"": 22, ""01011"": 3, ""01100"": 23, ""01101"": 13, ""01110"": 7, ""01111"": 27, ""10000"": 8, ""10001"": 22, ""10010"": 26, ""10011"": 4, ""10100"": 27, ""10101"": 6, ""10110"": 11, ""10111"": 20, ""11000"": 32, ""11001"": 7, ""11010"": 9, ""11011"": 25, ""11100"": 7, ""11101"": 23, ""11110"": 21, ""11111"": 6}"
5,17,74017,404783053,5,population,,512,36,5,20,"{""cx"": 20, ""rz"": 10, ""sx"": 5, ""measure"": 5, ""barrier"": 1}","{""00000"": 179, ""00001"": 15, ""00010"": 8, ""00011"": 13, ""00100"": 9, ""00101"": 1, ""00111"": 3, ""01000"": 7, ""01001"": 1, ""01011"": 3, ""01111"": 11, ""10000"": 7, ""10001"": 2, ""10010"": 1, ""10100"": 3, ""10101"": 2, ""10110"": 1, ""10111"": 15, ""11000"": 12, ""11001"": 1, ""11010"": 1, ""11011"": 8, ""11100"": 6, ""11101"": 17, ""11110"": 17, ""11111"": 169}"
5,17,74017,1630956813,5,parity_0,0.0,512,40,10,20,"{""rz"": 25, ""cx"": 20, ""sx"": 10, ""measure"": 5, ""barrier"": 1}","{""00000"": 29, ""00001"": 10, ""00010"": 10, ""00011"": 24, ""00100"": 14, ""00101"": 12, ""00110"": 25, ""00111"": 5, ""01000"": 8, ""01001"": 24, ""01010"": 26, ""01011"": 10, ""01100"": 21, ""01101"": 5, ""01110"": 6, ""01111"": 24, ""10000"": 12, ""10001"": 25, ""10010"": 25, ""10011"": 14, ""10100"": 25, ""10101"": 4, ""10110"": 6, ""10111"": 25, ""11000"": 20, ""11001"": 14, ""11010"": 5, ""11011"": 18, ""11100"": 8, ""11101"": 28, ""11110"": 19, ""11111"": 11}"
5,17,74017,2532438927,5,parity_1,0.6283185307179586,512,40,10,20,"{""rz"": 25, ""cx"": 20, ""sx"": 10, ""measure"": 5, ""barrier"": 1}","{""00000"": 17, ""00001"": 29, ""00010"": 30, ""00011"": 8, ""00100"": 23, ""00101"": 8, ""00110"": 10, ""00111"": 19, ""01000"": 21, ""01001"": 7, ""01010"": 4, ""01011"": 25, ""01100"": 4, ""01101"": 30, ""01110"": 19, ""01111"": 6, ""10000"": 27, ""10001"": 11, ""10010"": 4, ""10011"": 28, ""10100"": 10, ""10101"": 27, ""10110"": 19, ""10111"": 5, ""11000"": 10, ""11001"": 27, ""11010"": 19, ""11011"": 8, ""11100"": 19, ""11101"": 7, ""11110"": 9, ""11111"": 22}"
5,17,74017,427889044,5,parity_2,1.2566370614359172,512,40,10,20,"{""rz"": 25, ""cx"": 20, ""sx"": 10, ""measure"": 5, ""barrier"": 1}","{""00000"": 23, ""00001"": 9, ""00010"": 10, ""00011"": 24, ""00100"": 8, ""00101"": 17, ""00110"": 21, ""00111"": 7, ""01000"": 13, ""01001"": 28, ""01010"": 23, ""01011"": 7, ""01100"": 29, ""01101"": 15, ""01110"": 7, ""01111"": 26, ""10000"": 6, ""10001"": 27, ""10010"": 26, ""10011"": 4, ""10100"": 25, ""10101"": 10, ""10110"": 10, ""10111"": 22, ""11000"": 20, ""11001"": 4, ""11010"": 5, ""11011"": 25, ""11100"": 9, ""11101"": 22, ""11110"": 22, ""11111"": 8}"
5,17,74017,1715196501,5,parity_3,1.8849555921538759,512,40,10,20,"{""rz"": 25, ""cx"": 20, ""sx"": 10, ""measure"": 5, ""barrier"": 1}","{""00000"": 11, ""00001"": 24, ""00010"": 20, ""00011"": 8, ""00100"": 30, ""00101"": 5, ""00110"": 12, ""00111"": 19, ""01000"": 28, ""01001"": 6, ""01010"": 12, ""01011"": 17, ""01100"": 8, ""01101"": 23, ""01110"": 27, ""01111"": 6, ""10000"": 17, ""10001"": 10, ""10010"": 13, ""10011"": 23, ""10100"": 12, ""10101"": 24, ""10110"": 31, ""10111"": 8, ""11000"": 5, ""11001"": 24, ""11010"": 20, ""11011"": 4, ""11100"": 25, ""11101"": 6, ""11110"": 12, ""11111"": 22}"
5,17,74017,1435048393,5,parity_4,2.5132741228718345,512,40,10,20,"{""rz"": 25, ""cx"": 20, ""sx"": 10, ""measure"": 5, ""barrier"": 1}","{""00000"": 30, ""00001"": 4, ""00010"": 6, ""00011"": 27, ""00100"": 8, ""00101"": 23, ""00110"": 15, ""00111"": 10, ""01000"": 12, ""01001"": 14, ""01010"": 22, ""01011"": 8, ""01100"": 29, ""01101"": 10, ""01110"": 13, ""01111"": 20, ""10000"": 13, ""10001"": 30, ""10010"": 25, ""10011"": 7, ""10100"": 22, ""10101"": 9, ""10110"": 3, ""10111"": 25, ""11000"": 17, ""11001"": 10, ""11010"": 3, ""11011"": 23, ""11100"": 10, ""11101"": 31, ""11110"": 23, ""11111"": 10}"
5,18,74018,3435535809,1,population,,512,8,1,4,"{""measure"": 5, ""cx"": 4, ""rz"": 2, ""sx"": 1, ""barrier"": 1}","{""00000"": 217, ""00001"": 6, ""00010"": 7, ""00011"": 1, ""00100"": 2, ""00111"": 1, ""01000"": 8, ""01001"": 2, ""01011"": 1, ""01100"": 1, ""01111"": 13, ""10000"": 5, ""10001"": 2, ""10110"": 2, ""10111"": 12, ""11000"": 1, ""11010"": 1, ""11011"": 9, ""11100"": 3, ""11101"": 9, ""11110"": 17, ""11111"": 192}"
5,18,74018,1085400660,1,parity_0,0.0,512,12,6,4,"{""rz"": 17, ""sx"": 6, ""measure"": 5, ""cx"": 4, ""barrier"": 1}","{""00000"": 33, ""00001"": 11, ""00010"": 6, ""00011"": 27, ""00100"": 10, ""00101"": 23, ""00110"": 21, ""00111"": 9, ""01000"": 10, ""01001"": 14, ""01010"": 25, ""01011"": 4, ""01100"": 26, ""01101"": 3, ""01110"": 6, ""01111"": 24, ""10000"": 7, ""10001"": 24, ""10010"": 16, ""10011"": 6, ""10100"": 19, ""10101"": 7, ""10110"": 6, ""10111"": 31, ""11000"": 24, ""11001"": 8, ""11010"": 7, ""11011"": 32, ""11100"": 6, ""11101"": 31, ""11110"": 31, ""11111"": 5}"
5,18,74018,2779423560,1,parity_1,0.6283185307179586,512,12,6,4,"{""rz"": 17, ""sx"": 6, ""measure"": 5, ""cx"": 4, ""barrier"": 1}","{""00000"": 5, ""00001"": 27, ""00010"": 20, ""00011"": 4, ""00100"": 24, ""00101"": 7, ""00110"": 6, ""00111"": 39, ""01000"": 24, ""01001"": 7, ""01010"": 8, ""01011"": 24, ""01100"": 4, ""01101"": 24, ""01110"": 37, ""01111"": 9, ""10000"": 25, ""10001"": 4, ""10010"": 3, ""10011"": 28, ""10100"": 13, ""10101"": 28, ""10110"": 27, ""10111"": 6, ""11000"": 1, ""11001"": 25, ""11010"": 20, ""11011"": 8, ""11100"": 22, ""11101"": 5, ""11110"": 7, ""11111"": 21}"
5,18,74018,1993122716,1,parity_2,1.2566370614359172,512,12,6,4,"{""rz"": 17, ""sx"": 6, ""measure"": 5, ""cx"": 4, ""barrier"": 1}","{""00000"": 35, ""00001"": 9, ""00010"": 7, ""00011"": 28, ""00100"": 11, ""00101"": 29, ""00110"": 23, ""01000"": 4, ""01001"": 27, ""01010"": 30, ""01011"": 12, ""01100"": 20, ""01101"": 5, ""01110"": 7, ""01111"": 28, ""10000"": 4, ""10001"": 19, ""10010"": 30, ""10011"": 8, ""10100"": 26, ""10101"": 6, ""10110"": 10, ""10111"": 22, ""11000"": 25, ""11001"": 6, ""11010"": 3, ""11011"": 23, ""11100"": 6, ""11101"": 22, ""11110"": 19, ""11111"": 8}"
5,18,74018,1007957303,1,parity_3,1.8849555921538759,512,12,6,4,"{""rz"": 17, ""sx"": 6, ""measure"": 5, ""cx"": 4, ""barrier"": 1}","{""00000"": 7, ""00001"": 38, ""00010"": 20, ""00011"": 6, ""00100"": 28, ""00101"": 4, ""00110"": 8, ""00111"": 24, ""01000"": 26, ""01001"": 5, ""01010"": 5, ""01011"": 25, ""01100"": 7, ""01101"": 27, ""01110"": 31, ""01111"": 6, ""10000"": 21, ""10001"": 9, ""10010"": 7, ""10011"": 23, ""10100"": 5, ""10101"": 27, ""10110"": 33, ""10111"": 4, ""11000"": 4, ""11001"": 26, ""11010"": 28, ""11011"": 5, ""11100"": 25, ""11101"": 5, ""11110"": 3, ""11111"": 20}"
5,18,74018,2212221299,1,parity_4,2.5132741228718345,512,12,6,4,"{""rz"": 17, ""sx"": 6, ""measure"": 5, ""cx"": 4, ""barrier"": 1}","{""00000"": 38, ""00001"": 7, ""00010"": 4, ""00011"": 28, ""00100"": 8, ""00101"": 27, ""00110"": 20, ""00111"": 1, ""01000"": 6, ""01001"": 27, ""01010"": 22, ""01011"": 7, ""01100"": 20, ""01101"": 3, ""01110"": 4, ""01111"": 26, ""10000"": 9, ""10001"": 39, ""10010"": 16, ""10011"": 10, ""10100"": 34, ""10101"": 5, ""10110"": 3, ""10111"": 26, ""11000"": 24, ""11001"": 8, ""11010"": 6, ""11011"": 23, ""11100"": 8, ""11101"": 30, ""11110"": 20, ""11111"": 3}"
5,18,74018,2728975378,3,population,,512,22,3,12,"{""cx"": 12, ""rz"": 6, ""measure"": 5, ""sx"": 3, ""barrier"": 1}","{""00000"": 189, ""00001"": 12, ""00010"": 11, ""00011"": 6, ""00100"": 9, ""00101"": 1, ""00111"": 5, ""01000"": 5, ""01011"": 1, ""01101"": 1, ""01110"": 1, ""01111"": 11, ""10000"": 10, ""10001"": 1, ""10011"": 1, ""10100"": 1, ""10101"": 2, ""10110"": 3, ""10111"": 14, ""11000"": 9, ""11011"": 14, ""11100"": 7, ""11101"": 12, ""11110"": 20, ""11111"": 166}"
5,18,74018,353820075,3,parity_0,0.0,512,26,8,12,"{""rz"": 21, ""cx"": 12, ""sx"": 8, ""measure"": 5, ""barrier"": 1}","{""00000"": 25, ""00001"": 6, ""00010"": 12, ""00011"": 27, ""00100"": 6, ""00101"": 21, ""00110"": 19, ""00111"": 6, ""01000"": 8, ""01001"": 31, ""01010"": 26, ""01011"": 6, ""01100"": 25, ""01101"": 9, ""01110"": 12, ""01111"": 23, ""10000"": 6, ""10001"": 23, ""10010"": 35, ""10011"": 8, ""10100"": 15, ""10101"": 6, ""10110"": 8, ""10111"": 25, ""11000"": 21, ""11001"": 6, ""11010"": 8, ""11011"": 28, ""11100"": 7, ""11101"": 19, ""11110"": 28, ""11111"": 7}"
5,18,74018,101829815,3,parity_1,0.6283185307179586,512,26,8,12,"{""rz"": 21, ""cx"": 12, ""sx"": 8, ""measure"": 5, ""barrier"": 1}","{""00000"": 13, ""00001"": 17, ""00010"": 24, ""00011"": 9, ""00100"": 24, ""00101"": 6, ""00110"": 11, ""00111"": 26, ""01000"": 25, ""01001"": 6, ""01010"": 8, ""01011"": 19, ""01100"": 9, ""01101"": 29, ""01110"": 18, ""01111"": 2, ""10000"": 25, ""10001"": 8, ""10010"": 9, ""10011"": 30, ""10100"": 5, ""10101"": 32, ""10110"": 30, ""10111"": 6, ""11000"": 7, ""11001"": 20, ""11010"": 26, ""11011"": 5, ""11100"": 26, ""11101"": 7, ""11110"": 5, ""11111"": 25}"
5,18,74018,347036627,3,parity_2,1.2566370614359172,512,26,8,12,"{""rz"": 21, ""cx"": 12, ""sx"": 8, ""measure"": 5, ""barrier"": 1}","{""00000"": 31, ""00001"": 1, ""00010"": 7, ""00011"": 31, ""00100"": 10, ""00101"": 23, ""00110"": 21, ""00111"": 12, ""01000"": 8, ""01001"": 17, ""01010"": 29, ""01011"": 8, ""01100"": 27, ""01101"": 6, ""01110"": 6, ""01111"": 27, ""10000"": 6, ""10001"": 21, ""10010"": 25, ""10011"": 11, ""10100"": 29, ""10101"": 6, ""10110"": 4, ""10111"": 26, ""11000"": 27, ""11001"": 7, ""11010"": 6, ""11011"": 25, ""11100"": 7, ""11101"": 21, ""11110"": 22, ""11111"": 5}"
5,18,74018,2123448965,3,parity_3,1.8849555921538759,512,26,8,12,"{""rz"": 21, ""cx"": 12, ""sx"": 8, ""measure"": 5, ""barrier"": 1}","{""00000"": 12, ""00001"": 27, ""00010"": 25, ""00011"": 9, ""00100"": 29, ""00101"": 13, ""00110"": 4, ""00111"": 23, ""01000"": 28, ""01001"": 10, ""01010"": 9, ""01011"": 29, ""01100"": 9, ""01101"": 29, ""01110"": 21, ""01111"": 6, ""10000"": 26, ""10001"": 3, ""10010"": 3, ""10011"": 27, ""10100"": 6, ""10101"": 16, ""10110"": 26, ""10111"": 3, ""11000"": 9, ""11001"": 17, ""11010"": 27, ""11011"": 9, ""11100"": 26, ""11101"": 6, ""11110"": 7, ""11111"": 18}"
5,18,74018,234093395,3,parity_4,2.5132741228718345,512,26,8,12,"{""rz"": 21, ""cx"": 12, ""sx"": 8, ""measure"": 5, ""barrier"": 1}","{""00000"": 19, ""00001"": 11, ""00010"": 5, ""00011"": 29, ""00100"": 10, ""00101"": 18, ""00110"": 24, ""00111"": 10, ""01000"": 9, ""01001"": 19, ""01010"": 31, ""01011"": 7, ""01100"": 22, ""01101"": 11, ""01110"": 5, ""01111"": 23, ""10000"": 9, ""10001"": 23, ""10010"": 32, ""10011"": 13, ""10100"": 26, ""10101"": 9, ""10110"": 10, ""10111"": 21, ""11000"": 24, ""11001"": 2, ""11010"": 3, ""11011"": 33, ""11100"": 4, ""11101"": 21, ""11110"": 22, ""11111"": 7}"
5,18,74018,1815107433,5,population,,512,36,5,20,"{""cx"": 20, ""rz"": 10, ""sx"": 5, ""measure"": 5, ""barrier"": 1}","{""00000"": 166, ""00001"": 18, ""00010"": 10, ""00011"": 8, ""00100"": 10, ""00101"": 2, ""00111"": 7, ""01000"": 9, ""01001"": 1, ""01101"": 2, ""01110"": 4, ""01111"": 10, ""10000"": 9, ""10011"": 2, ""10100"": 1, ""10101"": 1, ""10110"": 1, ""10111"": 12, ""11000"": 10, ""11010"": 3, ""11011"": 12, ""11100"": 3, ""11101"": 16, ""11110"": 26, ""11111"": 169}"
5,18,74018,2523209870,5,parity_0,0.0,512,40,10,20,"{""rz"": 25, ""cx"": 20, ""sx"": 10, ""measure"": 5, ""barrier"": 1}","{""00000"": 20, ""00001"": 13, ""00010"": 11, ""00011"": 25, ""00100"": 5, ""00101"": 18, ""00110"": 17, ""00111"": 13, ""01000"": 9, ""01001"": 23, ""01010"": 24, ""01011"": 8, ""01100"": 22, ""01101"": 10, ""01110"": 13, ""01111"": 28, ""10000"": 9, ""10001"": 20, ""10010"": 29, ""10011"": 9, ""10100"": 27, ""10101"": 11, ""10110"": 5, ""10111"": 23, ""11000"": 19, ""11001"": 8, ""11010"": 9, ""11011"": 27, ""11100"": 7, ""11101"": 20, ""11110"": 19, ""11111"": 11}"
5,18,74018,2349018086,5,parity_1,0.6283185307179586,512,40,10,20,"{""rz"": 25, ""cx"": 20, ""sx"": 10, ""measure"": 5, ""barrier"": 1}","{""00000"": 14, ""00001"": 23, ""00010"": 17, ""00011"": 7, ""00100"": 23, ""00101"": 16, ""00110"": 9, ""00111"": 31, ""01000"": 30, ""01001"": 7, ""01010"": 8, ""01011"": 25, ""01100"": 8, ""01101"": 20, ""01110"": 25, ""01111"": 8, ""10000"": 27, ""10001"": 13, ""10010"": 8, ""10011"": 16, ""10100"": 9, ""10101"": 22, ""10110"": 26, ""10111"": 4, ""11000"": 6, ""11001"": 16, ""11010"": 21, ""11011"": 10, ""11100"": 26, ""11101"": 9, ""11110"": 7, ""11111"": 21}"
5,18,74018,868182044,5,parity_2,1.2566370614359172,512,40,10,20,"{""rz"": 25, ""cx"": 20, ""sx"": 10, ""measure"": 5, ""barrier"": 1}","{""00000"": 27, ""00001"": 14, ""00010"": 5, ""00011"": 21, ""00100"": 14, ""00101"": 13, ""00110"": 24, ""00111"": 9, ""01000"": 10, ""01001"": 18, ""01010"": 24, ""01011"": 8, ""01100"": 24, ""01101"": 9, ""01110"": 7, ""01111"": 24, ""10000"": 12, ""10001"": 22, ""10010"": 24, ""10011"": 10, ""10100"": 27, ""10101"": 10, ""10110"": 11, ""10111"": 20, ""11000"": 24, ""11001"": 9, ""11010"": 12, ""11011"": 30, ""11100"": 7, ""11101"": 12, ""11110"": 23, ""11111"": 8}"
5,18,74018,2534125047,5,parity_3,1.8849555921538759,512,40,10,20,"{""rz"": 25, ""cx"": 20, ""sx"": 10, ""measure"": 5, ""barrier"": 1}","{""00000"": 14, ""00001"": 28, ""00010"": 16, ""00011"": 8, ""00100"": 23, ""00101"": 11, ""00110"": 7, ""00111"": 21, ""01000"": 23, ""01001"": 9, ""01010"": 14, ""01011"": 24, ""01100"": 11, ""01101"": 19, ""01110"": 18, ""01111"": 13, ""10000"": 25, ""10001"": 8, ""10010"": 6, ""10011"": 30, ""10100"": 5, ""10101"": 28, ""10110"": 17, ""10111"": 8, ""11000"": 17, ""11001"": 20, ""11010"": 14, ""11011"": 8, ""11100"": 25, ""11101"": 9, ""11110"": 11, ""11111"": 22}"
5,18,74018,1532830757,5,parity_4,2.5132741228718345,512,40,10,20,"{""rz"": 25, ""cx"": 20, ""sx"": 10, ""measure"": 5, ""barrier"": 1}","{""00000"": 22, ""00001"": 8, ""00010"": 11, ""00011"": 18, ""00100"": 7, ""00101"": 22, ""00110"": 25, ""00111"": 7, ""01000"": 3, ""01001"": 39, ""01010"": 23, ""01011"": 8, ""01100"": 23, ""01101"": 8, ""01110"": 7, ""01111"": 29, ""10000"": 9, ""10001"": 27, ""10010"": 26, ""10011"": 9, ""10100"": 19, ""10101"": 5, ""10110"": 4, ""10111"": 20, ""11000"": 22, ""11001"": 8, ""11010"": 5, ""11011"": 34, ""11100"": 8, ""11101"": 31, ""11110"": 20, ""11111"": 5}"
5,19,74019,426032320,1,population,,512,8,1,4,"{""measure"": 5, ""cx"": 4, ""rz"": 2, ""sx"": 1, ""barrier"": 1}","{""00000"": 209, ""00001"": 8, ""00010"": 12, ""00011"": 2, ""00100"": 8, ""00101"": 1, ""00110"": 1, ""00111"": 3, ""01000"": 9, ""01110"": 1, ""01111"": 11, ""10000"": 8, ""10001"": 1, ""10011"": 1, ""10101"": 1, ""10111"": 7, ""11010"": 2, ""11011"": 9, ""11100"": 6, ""11101"": 10, ""11110"": 17, ""11111"": 185}"
5,19,74019,765322091,1,parity_0,0.0,512,12,6,4,"{""rz"": 17, ""sx"": 6, ""measure"": 5, ""cx"": 4, ""barrier"": 1}","{""00000"": 28, ""00001"": 9, ""00010"": 6, ""00011"": 27, ""00100"": 5, ""00101"": 26, ""00110"": 28, ""00111"": 6, ""01000"": 9, ""01001"": 33, ""01010"": 26, ""01011"": 6, ""01100"": 26, ""01101"": 4, ""01110"": 4, ""01111"": 25, ""10000"": 9, ""10001"": 25, ""10010"": 20, ""10011"": 4, ""10100"": 24, ""10101"": 2, ""10110"": 9, ""10111"": 21, ""11000"": 32, ""11001"": 2, ""11010"": 10, ""11011"": 19, ""11100"": 6, ""11101"": 32, ""11110"": 25, ""11111"": 4}"
5,19,74019,3887786278,1,parity_1,0.6283185307179586,512,12,6,4,"{""rz"": 17, ""sx"": 6, ""measure"": 5, ""cx"": 4, ""barrier"": 1}","{""00000"": 8, ""00001"": 24, ""00010"": 23, ""00011"": 8, ""00100"": 22, ""00101"": 9, ""00110"": 8, ""00111"": 27, ""01000"": 30, ""01001"": 10, ""01010"": 5, ""01011"": 25, ""01100"": 7, ""01101"": 27, ""01110"": 27, ""01111"": 6, ""10000"": 28, ""10001"": 7, ""10010"": 6, ""10011"": 27, ""10100"": 5, ""10101"": 22, ""10110"": 21, ""10111"": 3, ""11000"": 5, ""11001"": 20, ""11010"": 24, ""11011"": 7, ""11100"": 34, ""11101"": 6, ""11110"": 4, ""11111"": 27}"
5,19,74019,3985736087,1,parity_2,1.2566370614359172,512,12,6,4,"{""rz"": 17, ""sx"": 6, ""measure"": 5, ""cx"": 4, ""barrier"": 1}","{""00000"": 28, ""00001"": 6, ""00010"": 9, ""00011"": 28, ""00100"": 7, ""00101"": 32, ""00110"": 34, ""00111"": 4, ""01000"": 7, ""01001"": 25, ""01010"": 22, ""01011"": 7, ""01100"": 23, ""01101"": 10, ""01110"": 6, ""01111"": 22, ""10000"": 4, ""10001"": 31, ""10010"": 18, ""10011"": 3, ""10100"": 19, ""10101"": 7, ""10110"": 11, ""10111"": 25, ""11000"": 34, ""11001"": 4, ""11010"": 3, ""11011"": 22, ""11100"": 6, ""11101"": 26, ""11110"": 23, ""11111"": 6}"
5,19,74019,1066088093,1,parity_3,1.8849555921538759,512,12,6,4,"{""rz"": 17, ""sx"": 6, ""measure"": 5, ""cx"": 4, ""barrier"": 1}","{""00000"": 11, ""00001"": 32, ""00010"": 23, ""00011"": 7, ""00100"": 27, ""00101"": 4, ""00110"": 7, ""00111"": 27, ""01000"": 25, ""01001"": 7, ""01010"": 11, ""01011"": 28, ""01100"": 5, ""01101"": 20, ""01110"": 29, ""01111"": 5, ""10000"": 31, ""10001"": 6, ""10010"": 5, ""10011"": 20, ""10100"": 12, ""10101"": 26, ""10110"": 23, ""10111"": 1, ""11000"": 6, ""11001"": 28, ""11010"": 30, ""11011"": 3, ""11100"": 15, ""11101"": 7, ""11110"": 6, ""11111"": 25}"
5,19,74019,4219504837,1,parity_4,2.5132741228718345,512,12,6,4,"{""rz"": 17, ""sx"": 6, ""measure"": 5, ""cx"": 4, ""barrier"": 1}","{""00000"": 28, ""00001"": 13, ""00010"": 6, ""00011"": 31, ""00100"": 6, ""00101"": 23, ""00110"": 24, ""00111"": 2, ""01000"": 11, ""01001"": 32, ""01010"": 24, ""01011"": 2, ""01100"": 32, ""01101"": 6, ""01110"": 3, ""01111"": 24, ""10000"": 12, ""10001"": 22, ""10010"": 11, ""10011"": 6, ""10100"": 41, ""10101"": 2, ""10110"": 8, ""10111"": 22, ""11000"": 31, ""11001"": 5, ""11010"": 8, ""11011"": 28, ""11100"": 6, ""11101"": 18, ""11110"": 24, ""11111"": 1}"
5,19,74019,2053964155,3,population,,512,22,3,12,"{""cx"": 12, ""rz"": 6, ""measure"": 5, ""sx"": 3, ""barrier"": 1}","{""00000"": 176, ""00001"": 16, ""00010"": 7, ""00011"": 2, ""00100"": 12, ""00101"": 1, ""00111"": 5, ""01000"": 8, ""01010"": 1, ""01100"": 1, ""01101"": 1, ""01110"": 3, ""01111"": 14, ""10000"": 16, ""10010"": 1, ""10011"": 1, ""10101"": 1, ""10111"": 9, ""11000"": 5, ""11001"": 3, ""11010"": 1, ""11011"": 12, ""11100"": 5, ""11101"": 8, ""11110"": 19, ""11111"": 184}"
5,19,74019,2031632317,3,parity_0,0.0,512,26,8,12,"{""rz"": 21, ""cx"": 12, ""sx"": 8, ""measure"": 5, ""barrier"": 1}","{""00000"": 23, ""00001"": 11, ""00010"": 12, ""00011"": 27, ""00100"": 9, ""00101"": 21, ""00110"": 37, ""00111"": 18, ""01000"": 7, ""01001"": 25, ""01010"": 29, ""01011"": 8, ""01100"": 26, ""01101"": 10, ""01110"": 5, ""01111"": 14, ""10000"": 8, ""10001"": 23, ""10010"": 15, ""10011"": 4, ""10100"": 25, ""10101"": 3, ""10110"": 4, ""10111"": 18, ""11000"": 27, ""11001"": 7, ""11010"": 10, ""11011"": 26, ""11100"": 8, ""11101"": 21, ""11110"": 26, ""11111"": 5}"
5,19,74019,1543395519,3,parity_1,0.6283185307179586,512,26,8,12,"{""rz"": 21, ""cx"": 12, ""sx"": 8, ""measure"": 5, ""barrier"": 1}","{""00000"": 9, ""00001"": 29, ""00010"": 25, ""00011"": 9, ""00100"": 32, ""00101"": 9, ""00110"": 4, ""00111"": 27, ""01000"": 33, ""01001"": 7, ""01010"": 6, ""01011"": 22, ""01100"": 4, ""01101"": 20, ""01110"": 21, ""01111"": 2, ""10000"": 26, ""10001"": 6, ""10010"": 7, ""10011"": 31, ""10100"": 8, ""10101"": 23, ""10110"": 27, ""10111"": 8, ""11000"": 6, ""11001"": 21, ""11010"": 27, ""11011"": 5, ""11100"": 24, ""11101"": 4, ""11110"": 7, ""11111"": 23}"
5,19,74019,2802776370,3,parity_2,1.2566370614359172,512,26,8,12,"{""rz"": 21, ""cx"": 12, ""sx"": 8, ""measure"": 5, ""barrier"": 1}","{""00000"": 24, ""00001"": 6, ""00010"": 3, ""00011"": 24, ""00100"": 8, ""00101"": 26, ""00110"": 21, ""00111"": 3, ""01000"": 8, ""01001"": 20, ""01010"": 20, ""01011"": 10, ""01100"": 27, ""01101"": 10, ""01110"": 7, ""01111"": 28, ""10000"": 15, ""10001"": 27, ""10010"": 34, ""10011"": 9, ""10100"": 26, ""10101"": 4, ""10110"": 4, ""10111"": 22, ""11000"": 22, ""11001"": 6, ""11010"": 8, ""11011"": 25, ""11100"": 11, ""11101"": 20, ""11110"": 29, ""11111"": 5}"
5,19,74019,265508046,3,parity_3,1.8849555921538759,512,26,8,12,"{""rz"": 21, ""cx"": 12, ""sx"": 8, ""measure"": 5, ""barrier"": 1}","{""00000"": 6, ""00001"": 24, ""00010"": 28, ""00011"": 9, ""00100"": 22, ""00101"": 6, ""00110"": 7, ""00111"": 25, ""01000"": 31, ""01001"": 10, ""01010"": 5, ""01011"": 31, ""01100"": 12, ""01101"": 26, ""01110"": 21, ""01111"": 4, ""10000"": 17, ""10001"": 4, ""10010"": 8, ""10011"": 19, ""10100"": 13, ""10101"": 27, ""10110"": 16, ""10111"": 6, ""11000"": 10, ""11001"": 34, ""11010"": 21, ""11011"": 5, ""11100"": 26, ""11101"": 11, ""11110"": 6, ""11111"": 22}"
5,19,74019,2954408892,3,parity_4,2.5132741228718345,512,26,8,12,"{""rz"": 21, ""cx"": 12, ""sx"": 8, ""measure"": 5, ""barrier"": 1}","{""00000"": 27, ""00001"": 7, ""00010"": 12, ""00011"": 29, ""00100"": 5, ""00101"": 21, ""00110"": 20, ""00111"": 10, ""01000"": 8, ""01001"": 33, ""01010"": 22, ""01011"": 9, ""01100"": 25, ""01101"": 2, ""01110"": 5, ""01111"": 20, ""10000"": 9, ""10001"": 23, ""10010"": 25, ""10011"": 6, ""10100"": 27, ""10101"": 5, ""10110"": 10, ""10111"": 26, ""11000"": 34, ""11001"": 3, ""11010"": 6, ""11011"": 26, ""11100"": 8, ""11101"": 25, ""11110"": 20, ""11111"": 4}"
5,19,74019,1660976775,5,population,,512,36,5,20,"{""cx"": 20, ""rz"": 10, ""sx"": 5, ""measure"": 5, ""barrier"": 1}","{""00000"": 188, ""00001"": 14, ""00010"": 10, ""00011"": 6, ""00100"": 5, ""00101"": 2, ""00110"": 2, ""00111"": 7, ""01000"": 6, ""01001"": 1, ""01010"": 1, ""01011"": 1, ""01100"": 1, ""01110"": 2, ""01111"": 14, ""10000"": 9, ""10010"": 3, ""10100"": 1, ""10101"": 2, ""10110"": 2, ""10111"": 14, ""11000"": 7, ""11001"": 2, ""11011"": 13, ""11100"": 10, ""11101"": 12, ""11110"": 12, ""11111"": 165}"
5,19,74019,1699940137,5,parity_0,0.0,512,40,10,20,"{""rz"": 25, ""cx"": 20, ""sx"": 10, ""measure"": 5, ""barrier"": 1}","{""00000"": 34, ""00001"": 10, ""00010"": 9, ""00011"": 26, ""00100"": 12, ""00101"": 20, ""00110"": 24, ""00111"": 8, ""01000"": 10, ""01001"": 21, ""01010"": 23, ""01011"": 7, ""01100"": 29, ""01101"": 7, ""01110"": 6, ""01111"": 18, ""10000"": 8, ""10001"": 26, ""10010"": 30, ""10011"": 6, ""10100"": 21, ""10101"": 10, ""10110"": 7, ""10111"": 23, ""11000"": 28, ""11001"": 8, ""11010"": 9, ""11011"": 15, ""11100"": 9, ""11101"": 23, ""11110"": 19, ""11111"": 6}"
5,19,74019,2363194390,5,parity_1,0.6283185307179586,512,40,10,20,"{""rz"": 25, ""cx"": 20, ""sx"": 10, ""measure"": 5, ""barrier"": 1}","{""00000"": 8, ""00001"": 29, ""00010"": 16, ""00011"": 7, ""00100"": 26, ""00101"": 11, ""00110"": 10, ""00111"": 25, ""01000"": 28, ""01001"": 6, ""01010"": 6, ""01011"": 31, ""01100"": 9, ""01101"": 23, ""01110"": 23, ""01111"": 6, ""10000"": 15, ""10001"": 6, ""10010"": 14, ""10011"": 26, ""10100"": 12, ""10101"": 34, ""10110"": 23, ""10111"": 4, ""11000"": 8, ""11001"": 24, ""11010"": 18, ""11011"": 10, ""11100"": 20, ""11101"": 7, ""11110"": 7, ""11111"": 20}"
5,19,74019,1667840367,5,parity_2,1.2566370614359172,512,40,10,20,"{""rz"": 25, ""cx"": 20, ""sx"": 10, ""measure"": 5, ""barrier"": 1}","{""00000"": 28, ""00001"": 7, ""00010"": 17, ""00011"": 20, ""00100"": 12, ""00101"": 26, ""00110"": 16, ""00111"": 6, ""01000"": 8, ""01001"": 18, ""01010"": 12, ""01011"": 10, ""01100"": 31, ""01101"": 7, ""01110"": 13, ""01111"": 21, ""10000"": 9, ""10001"": 21, ""10010"": 26, ""10011"": 9, ""10100"": 19, ""10101"": 10, ""10110"": 9, ""10111"": 26, ""11000"": 29, ""11001"": 7, ""11010"": 9, ""11011"": 16, ""11100"": 9, ""11101"": 33, ""11110"": 19, ""11111"": 9}"
5,19,74019,674973856,5,parity_3,1.8849555921538759,512,40,10,20,"{""rz"": 25, ""cx"": 20, ""sx"": 10, ""measure"": 5, ""barrier"": 1}","{""00000"": 9, ""00001"": 32, ""00010"": 24, ""00011"": 10, ""00100"": 28, ""00101"": 11, ""00110"": 13, ""00111"": 27, ""01000"": 29, ""01001"": 7, ""01010"": 8, ""01011"": 30, ""01100"": 14, ""01101"": 17, ""01110"": 29, ""01111"": 12, ""10000"": 14, ""10001"": 5, ""10010"": 4, ""10011"": 16, ""10100"": 4, ""10101"": 28, ""10110"": 26, ""10111"": 7, ""11000"": 4, ""11001"": 28, ""11010"": 19, ""11011"": 10, ""11100"": 21, ""11101"": 7, ""11110"": 6, ""11111"": 13}"
5,19,74019,2202877065,5,parity_4,2.5132741228718345,512,40,10,20,"{""rz"": 25, ""cx"": 20, ""sx"": 10, ""measure"": 5, ""barrier"": 1}","{""00000"": 31, ""00001"": 11, ""00010"": 7, ""00011"": 23, ""00100"": 14, ""00101"": 23, ""00110"": 27, ""00111"": 7, ""01000"": 8, ""01001"": 25, ""01010"": 26, ""01011"": 7, ""01100"": 23, ""01101"": 10, ""01110"": 13, ""01111"": 19, ""10000"": 9, ""10001"": 24, ""10010"": 14, ""10011"": 6, ""10100"": 17, ""10101"": 14, ""10110"": 8, ""10111"": 19, ""11000"": 33, ""11001"": 8, ""11010"": 5, ""11011"": 23, ""11100"": 11, ""11101"": 24, ""11110"": 16, ""11111"": 7}"
