width,repeat_id,seed,fidelity_estimate,signed_error,absolute_error,squared_error,total_shots,baseline_fidelity_estimate,baseline_signed_error,baseline_absolute_error,baseline_squared_error,baseline_total_shots,method,baseline_method,fidelity_delta_vs_baseline,signed_error_delta_vs_baseline,absolute_error_delta_vs_baseline,squared_error_delta_vs_baseline,additional_shots_vs_baseline,reference
2,0,71000,1.013328804347826,0.025563804347825902,0.025563804347825902,0.0006535080927339226,2560,0.89453125,-0.09323375,0.09323375,0.0086925321390625,1536,readout_mitigation,unmitigated,0.1187975543478259,0.1187975543478259,-0.0676699456521741,-0.008039024046328579,1024,prepared
2,1,71001,1.0059245580183007,0.018159558018300714,0.018159558018300714,0.00032976954742002976,2560,0.8779296875,-0.1098353125,0.1098353125,0.012063795871972658,1536,readout_mitigation,unmitigated,0.12799487051830072,0.12799487051830072,-0.09167575448169929,-0.011734026324552628,1024,prepared
2,2,71002,0.9982524560077728,0.010487456007772789,0.010487456007772789,0.00010998673351496955,2560,0.8837890625,-0.1039759375,0.1039759375,0.010810995579003908,1536,readout_mitigation,unmitigated,0.11446339350777279,0.11446339350777279,-0.09348848149222722,-0.010701008845488937,1024,prepared
2,3,71003,0.9807618537847362,-0.007003146215263767,0.007003146215263767,4.904405691236322e-05,2560,0.8740234375,-0.1137415625,0.1137415625,0.012937143039941408,1536,readout_mitigation,unmitigated,0.10673841628473624,0.10673841628473624,-0.10673841628473624,-0.012888098983029044,1024,prepared
2,4,71004,0.9719178879850934,-0.015847112014906628,0.015847112014906628,0.000251130959212998,2560,0.865234375,-0.122530625,0.122530625,0.015013754062890626,1536,readout_mitigation,unmitigated,0.10668351298509338,0.10668351298509338,-0.10668351298509338,-0.014762623103677628,1024,prepared
2,5,71005,1.0127349433181934,0.024969943318193355,0.024969943318193355,0.000623498069313789,2560,0.8798828125,-0.1078821875,0.1078821875,0.011638566379785158,1536,readout_mitigation,unmitigated,0.13285213081819336,0.13285213081819336,-0.08291224418180665,-0.011015068310471368,1024,prepared
2,6,71006,0.9881185693287604,0.0003535693287604058,0.0003535693287604058,1.2501127024008393e-07,2560,0.8701171875,-0.1176478125,0.1176478125,0.013841007786035158,1536,readout_mitigation,unmitigated,0.11800138182876041,0.11800138182876041,-0.1172942431712396,-0.013840882774764918,1024,prepared
2,7,71007,0.992323991797676,0.0045589917976760486,0.0045589917976760486,2.0784406211277488e-05,2560,0.8720703125,-0.1156946875,0.1156946875,0.013385260715722658,1536,readout_mitigation,unmitigated,0.12025367929767605,0.12025367929767605,-0.11113569570232396,-0.01336447630951138,1024,prepared
2,8,71008,0.9765862417237124,-0.01117875827628756,0.01117875827628756,0.0001249646365996676,2560,0.8671875,-0.1205775,0.1205775,0.01453893350625,1536,readout_mitigation,unmitigated,0.10939874172371244,0.10939874172371244,-0.10939874172371244,-0.014413968869650334,1024,prepared
2,9,71009,0.9968753476986982,0.009110347698698229,0.009110347698698229,8.299843519117611e-05,2560,0.8642578125,-0.1235071875,0.1235071875,0.015254025364160158,1536,readout_mitigation,unmitigated,0.13261753519869823,0.13261753519869823,-0.11439683980130178,-0.015171026928968982,1024,prepared
2,10,71010,0.9961533720202902,0.008388372020290191,0.008388372020290191,7.036478515078734e-05,2560,0.873046875,-0.114718125,0.114718125,0.013160248203515626,1536,readout_mitigation,unmitigated,0.1231064970202902,0.1231064970202902,-0.10632975297970981,-0.013089883418364838,1024,prepared
2,11,71011,1.0131758592504987,0.025410859250498685,0.025410859250498685,0.0006457117678486547,2560,0.8876953125,-0.1000696875,0.1000696875,0.010013942356347658,1536,readout_mitigation,unmitigated,0.1254805467504987,0.1254805467504987,-0.07465882824950132,-0.009368230588499003,1024,prepared
2,12,71012,0.9898275089605736,0.0020625089605735836,0.0020625089605735836,4.253943212446324e-06,2560,0.8798828125,-0.1078821875,0.1078821875,0.011638566379785158,1536,readout_mitigation,unmitigated,0.10994469646057359,0.10994469646057359,-0.10581967853942642,-0.011634312436572711,1024,prepared
2,13,71013,0.9977833378229684,0.010018337822968348,0.010018337822968348,0.00010036709273511819,2560,0.8759765625,-0.1117884375,0.1117884375,0.012496654758691408,1536,readout_mitigation,unmitigated,0.12180677532296835,0.12180677532296835,-0.10177009967703166,-0.012396287665956289,1024,prepared
2,14,71014,0.9777942364664692,-0.009970763533530769,0.009970763533530769,9.941612544158698e-05,2560,0.8681640625,-0.1196009375,0.1196009375,0.014304384250878908,1536,readout_mitigation,unmitigated,0.10963017396646924,0.10963017396646924,-0.10963017396646924,-0.01420496812543732,1024,prepared
2,15,71015,0.98550398486977,-0.0022610151302300263,0.0022610151302300263,5.112189419129103e-06,2560,0.8662109375,-0.1215540625,0.1215540625,0.014775390110253908,1536,readout_mitigation,unmitigated,0.11929304736976998,0.11929304736976998,-0.11929304736976998,-0.014770277920834778,1024,prepared
2,16,71016,0.9665844598709048,-0.021180540129095204,0.021180540129095204,0.0004486152801602123,2560,0.8798828125,-0.1078821875,0.1078821875,0.011638566379785158,1536,readout_mitigation,unmitigated,0.0867016473709048,0.0867016473709048,-0.0867016473709048,-0.011189951099624946,1024,prepared
2,17,71017,1.0123392255313295,0.024574225531329486,0.024574225531329486,0.0006038925604646459,2560,0.884765625,-0.102999375,0.102999375,0.010608871250390626,1536,readout_mitigation,unmitigated,0.1275736005313295,0.1275736005313295,-0.07842514946867052,-0.01000497868992598,1024,prepared
2,18,71018,0.9855608771681512,-0.002204122831848787,0.002204122831848787,4.858157457877117e-06,2560,0.865234375,-0.122530625,0.122530625,0.015013754062890626,1536,readout_mitigation,unmitigated,0.12032650216815122,0.12032650216815122,-0.12032650216815122,-0.01500889590543275,1024,prepared
2,19,71019,0.9476411845730028,-0.04012381542699717,0.04012381542699717,0.001609920564419736,2560,0.8681640625,-0.1196009375,0.1196009375,0.014304384250878908,1536,readout_mitigation,unmitigated,0.07947712207300284,0.07947712207300284,-0.07947712207300284,-0.012694463686459172,1024,prepared
3,0,72000,0.9206266841566096,-0.05419684084339038,0.05419684084339038,0.002937297557403788,3072,0.7975260416666667,-0.17729748333333328,0.17729748333333328,0.031434397596333596,2048,readout_mitigation,unmitigated,0.1231006424899429,0.1231006424899429,-0.1231006424899429,-0.028497100038929808,1024,prepared
3,1,72001,0.9877091720162444,0.012885647016244395,0.012885647016244395,0.0001660398990272481,3072,0.8098958333333333,-0.16492769166666676,0.16492769166666676,0.0272011434784951,2048,readout_mitigation,unmitigated,0.17781333868291116,0.17781333868291116,-0.15204204465042237,-0.027035103579467853,1024,prepared
3,2,72002,0.9795685922625408,0.004745067262540759,0.004745067262540759,2.251566332603605e-05,3072,0.8040364583333333,-0.17078706666666676,0.17078706666666676,0.029168222140604477,2048,readout_mitigation,unmitigated,0.17553213392920752,0.17553213392920752,-0.166041999404126,-0.02914570647727844,1024,prepared
3,3,72003,0.9544908151546706,-0.020332709845329422,0.020332709845329422,0.000413419089654356,3072,0.8076171875,-0.16720633750000002,0.16720633750000002,0.027957959300163916,2048,readout_mitigation,unmitigated,0.1468736276546706,0.1468736276546706,-0.1468736276546706,-0.02754454021050956,1024,prepared
3,4,72004,1.000116279043183,0.025292754043182986,0.025292754043182986,0.0006397234070889493,3072,0.8173828125,-0.15744071250000002,0.15744071250000002,0.024787577952507665,2048,readout_mitigation,unmitigated,0.182733466543183,0.182733466543183,-0.13214795845681704,-0.024147854545418717,1024,prepared
3,5,72005,0.9791633420056652,0.004339817005665214,0.004339817005665214,1.8834011642660986e-05,3072,0.8063151041666667,-0.16850842083333328,0.16850842083333328,0.02839508789174375,2048,readout_mitigation,unmitigated,0.1728482378389985,0.1728482378389985,-0.16416860382766807,-0.02837625388010109,1024,prepared
3,6,72006,0.9578640356009138,-0.016959489399086203,0.016959489399086203,0.0002876242806777173,3072,0.7985026041666667,-0.17632092083333328,0.17632092083333328,0.031089067123514582,2048,readout_mitigation,unmitigated,0.15936143143424708,0.15936143143424708,-0.15936143143424708,-0.030801442842836865,1024,prepared
3,7,72007,0.9908493880305518,0.016025863030551757,0.016025863030551757,0.0002568282858740055,3072,0.806640625,-0.16818290000000002,0.16818290000000002,0.02828548785241001,2048,readout_mitigation,unmitigated,0.18420876303055178,0.18420876303055178,-0.15215703696944827,-0.028028659566536003,1024,prepared
3,8,72008,0.9674605072779128,-0.007363017722087251,0.007363017722087251,5.421402997577092e-05,3072,0.8160807291666667,-0.15874279583333328,0.15874279583333328,0.025199275228983336,2048,readout_mitigation,unmitigated,0.15137977811124603,0.15137977811124603,-0.15137977811124603,-0.025145061199007564,1024,prepared
3,9,72009,1.0015980377796037,0.026774512779603632,0.026774512779603632,0.0007168745345851582,3072,0.810546875,-0.16427665000000002,0.16427665000000002,0.026986817735222508,2048,readout_mitigation,unmitigated,0.19105116277960366,0.19105116277960366,-0.1375021372203964,-0.02626994320063735,1024,prepared
3,10,72010,0.9631481577144616,-0.011675367285538418,0.011675367285538418,0.00013631420125222074,3072,0.8147786458333333,-0.16004487916666676,0.16004487916666676,0.025614363347472965,2048,readout_mitigation,unmitigated,0.14836951188112835,0.14836951188112835,-0.14836951188112835,-0.025478049146220743,1024,prepared
3,11,72011,0.9464482371346516,-0.028375287865348375,0.028375287865348375,0.0008051569614413868,3072,0.8089192708333333,-0.16590425416666676,0.16590425416666676,0.027524221550597968,2048,readout_mitigation,unmitigated,0.1375289663013184,0.1375289663013184,-0.1375289663013184,-0.026719064589156582,1024,prepared
3,12,72012,0.9721641628853748,-0.002659362114625252,0.002659362114625252,7.072206856704093e-06,3072,0.8040364583333333,-0.17078706666666676,0.17078706666666676,0.029168222140604477,2048,readout_mitigation,unmitigated,0.1681277045520415,0.1681277045520415,-0.1681277045520415,-0.02916114993374777,1024,prepared
3,13,72013,0.9518846008917772,-0.022938924108222847,0.022938924108222847,0.0005261942392428073,3072,0.7890625,-0.18576102500000002,0.18576102500000002,0.03450715840905064,2048,readout_mitigation,unmitigated,0.16282210089177718,0.16282210089177718,-0.16282210089177718,-0.03398096416980783,1024,prepared
3,14,72014,0.9781466935710804,0.0033231685710803927,0.0033231685710803927,1.1043449351816499e-05,3072,0.8225911458333333,-0.15223237916666676,0.15223237916666676,0.023174697266743798,2048,readout_mitigation,unmitigated,0.15555554773774716,0.15555554773774716,-0.14890921059558637,-0.023163653817391983,1024,prepared
3,15,72015,0.9659984913523594,-0.008825033647640645,0.008825033647640645,7.788121888198955e-05,3072,0.8248697916666667,-0.14995373333333328,0.14995373333333328,0.022486122140604428,2048,readout_mitigation,unmitigated,0.14112869968569264,0.14112869968569264,-0.14112869968569264,-0.022408240921722437,1024,prepared
3,16,72016,0.9559366842503352,-0.018886840749664846,0.018886840749664846,0.00035671275350320056,3072,0.7962239583333333,-0.17859956666666676,0.17859956666666676,0.031897805213521147,2048,readout_mitigation,unmitigated,0.15971272591700192,0.15971272591700192,-0.15971272591700192,-0.03154109246001795,1024,prepared
3,17,72017,0.9399155561559503,-0.034907968844049675,0.034907968844049675,0.0012185662888171429,3072,0.798828125,-0.17599540000000002,0.17599540000000002,0.030974380821160007,2048,readout_mitigation,unmitigated,0.14108743115595035,0.14108743115595035,-0.14108743115595035,-0.029755814532342863,1024,prepared
3,18,72018,0.98099885328204,0.006175328282039927,0.006175328282039927,3.8134679390962194e-05,3072,0.8095703125,-0.16525321250000002,0.16525321250000002,0.027308624241570163,2048,readout_mitigation,unmitigated,0.17142854078203995,0.17142854078203995,-0.1590778842179601,-0.0272704895621792,1024,prepared
3,19,72019,0.9409313403206234,-0.0338921846793766,0.0338921846793766,0.00114868018234097,3072,0.8050130208333333,-0.16981050416666676,0.16981050416666676,0.02883560732533755,2048,readout_mitigation,unmitigated,0.13591831948729016,0.13591831948729016,-0.13591831948729016,-0.02768692714299658,1024,prepared
4,0,73000,0.9749180121182472,0.012869754055747196,0.012869754055747196,0.0001656305694554214,3584,0.75341796875,-0.20863028931250005,0.20863028931250005,0.04352659761861747,2560,readout_mitigation,unmitigated,0.22150004336824725,0.22150004336824725,-0.19576053525675285,-0.04336096704916205,1024,prepared
4,1,73001,0.9570527027834554,-0.004995555279044606,0.004995555279044606,2.4955572545990427e-05,3584,0.75927734375,-0.20277091431250005,0.20277091431250005,0.04111604369112724,2560,readout_mitigation,unmitigated,0.19777535903345544,0.19777535903345544,-0.19777535903345544,-0.04109108811858125,1024,prepared
4,2,73002,0.944384386162492,-0.017663871900008066,0.017663871900008066,0.00031201237049989457,3584,0.74853515625,-0.21351310181250005,0.21351310181250005,0.04558784464559501,2560,readout_mitigation,unmitigated,0.19584922991249198,0.19584922991249198,-0.19584922991249198,-0.045275832275095115,1024,prepared
4,3,73003,0.9454683321644916,-0.016579925898008496,0.016579925898008496,0.0002748939427834528,3584,0.7587890625,-0.20325919556250005,0.20325919556250005,0.04131430058071464,2560,readout_mitigation,unmitigated,0.18667926966449155,0.18667926966449155,-0.18667926966449155,-0.04103940663793119,1024,prepared
4,4,73004,0.9626862384179992,0.0006379803554991126,0.0006379803554991126,4.070189340027741e-07,3584,0.77197265625,-0.19007560181250005,0.19007560181250005,0.03612873440438407,2560,readout_mitigation,unmitigated,0.19071358216799916,0.19071358216799916,-0.18943762145700094,-0.03612832738545007,1024,prepared
4,5,73005,0.9540107503626054,-0.008037507699894642,0.008037507699894642,6.460153002586565e-05,3584,0.751953125,-0.21009513306250005,0.21009513306250005,0.0441399649365496,2560,readout_mitigation,unmitigated,0.2020576253626054,0.2020576253626054,-0.2020576253626054,-0.04407536340652373,1024,prepared
4,6,73006,0.9484820454620562,-0.013566212600443883,0.013566212600443883,0.00018404212432044238,3584,0.732421875,-0.22962638306250005,0.22962638306250005,0.05272827579836601,2560,readout_mitigation,unmitigated,0.21606017046205617,0.21606017046205617,-0.21606017046205617,-0.052544233674045565,1024,prepared
4,7,73007,0.950721214424294,-0.011327043638206025,0.011327043638206025,0.00012830191758182358,3584,0.732421875,-0.22962638306250005,0.22962638306250005,0.05272827579836601,2560,readout_mitigation,unmitigated,0.21829933942429403,0.21829933942429403,-0.21829933942429403,-0.05259997388078419,1024,prepared
4,8,73008,0.96568860632764,0.0036403482651399255,0.0036403482651399255,1.3252135491507265e-05,3584,0.7626953125,-0.19935294556250005,0.19935294556250005,0.039741596904445106,2560,readout_mitigation,unmitigated,0.20299329382763998,0.20299329382763998,-0.19571259729736012,-0.0397283447689536,1024,prepared
4,9,73009,0.9512664933071666,-0.010781764755333434,0.010781764755333434,0.00011624645123935022,3584,0.7587890625,-0.20325919556250005,0.20325919556250005,0.04131430058071464,2560,readout_mitigation,unmitigated,0.19247743080716662,0.19247743080716662,-0.19247743080716662,-0.04119805412947529,1024,prepared
4,10,73010,0.9286143631520632,-0.0334338949104368,0.0334338949104368,0.0011178253288821318,3584,0.74365234375,-0.21839591431250005,0.21839591431250005,0.04769677538839286,2560,readout_mitigation,unmitigated,0.18496201940206325,0.18496201940206325,-0.18496201940206325,-0.04657895005951073,1024,prepared
4,11,73011,0.98530442701201,0.023256168949509992,0.023256168949509992,0.0005408493942081527,3584,0.76025390625,-0.20179435181250005,0.20179435181250005,0.040720960423427044,2560,readout_mitigation,unmitigated,0.22505052076201004,0.22505052076201004,-0.17853818286299006,-0.04018011102921889,1024,prepared
4,12,73012,0.9615633448254794,-0.0004849132370206011,0.0004849132370206011,2.3514084743779764e-07,3584,0.74169921875,-0.22034903931250005,0.22034903931250005,0.04855369912594169,2560,readout_mitigation,unmitigated,0.21986412607547945,0.21986412607547945,-0.21986412607547945,-0.048553463985094254,1024,prepared
4,13,73013,0.9425900621803948,-0.01945819588210529,0.01945819588210529,0.00037862138698637924,3584,0.7353515625,-0.22669669556250005,0.22669669556250005,0.05139139177895683,2560,readout_mitigation,unmitigated,0.20723849968039476,0.20723849968039476,-0.20723849968039476,-0.051012770391970455,1024,prepared
4,14,73014,0.979288181563994,0.017239923501493948,0.017239923501493948,0.00029721496233736335,3584,0.74853515625,-0.21351310181250005,0.21351310181250005,0.04558784464559501,2560,readout_mitigation,unmitigated,0.230753025313994,0.230753025313994,-0.1962731783110061,-0.045290629683257644,1024,prepared
4,15,73015,1.006706472643602,0.04465821458110186,0.04465821458110186,0.001994356129571739,3584,0.75634765625,-0.20570060181250005,0.20570060181250005,0.0423127375860247,2560,readout_mitigation,unmitigated,0.2503588163936019,0.2503588163936019,-0.1610423872313982,-0.04031838145645296,1024,prepared
4,16,73016,0.9446681928786402,-0.017380065183859816,0.017380065183859816,0.00030206666579521614,3584,0.75390625,-0.20814200806250005,0.20814200806250005,0.04332309552028984,2560,readout_mitigation,unmitigated,0.19076194287864023,0.19076194287864023,-0.19076194287864023,-0.043021028854494624,1024,prepared
4,17,73017,0.9802005747348232,0.0181523166723232,0.0181523166723232,0.00032950660057230274,3584,0.7568359375,-0.20521232056250005,0.20521232056250005,0.042112096510646284,2560,readout_mitigation,unmitigated,0.22336463723482325,0.22336463723482325,-0.18706000389017685,-0.04178258991007398,1024,prepared
4,18,73018,1.0177826402728996,0.0557343822103995,0.0557343822103995,0.0031063213603748966,3584,0.7783203125,-0.18372794556250005,0.18372794556250005,0.03375595798061698,2560,readout_mitigation,unmitigated,0.23946232777289955,0.23946232777289955,-0.12799356335210055,-0.030649636620242084,1024,prepared
4,19,73019,0.9638273974594848,0.001779139396984708,0.001779139396984708,3.1653369939031106e-06,3584,0.75537109375,-0.20667716431250005,0.20667716431250005,0.04271545024825615,2560,readout_mitigation,unmitigated,0.20845630370948476,0.20845630370948476,-0.20489802491551534,-0.04271228491126224,1024,prepared
5,0,74000,0.9350844763378964,-0.014359364865385027,0.014359364865385027,0.00020619135933725395,4096,0.7,-0.24944384120328145,0.24944384120328145,0.06222222991424789,3072,readout_mitigation,unmitigated,0.23508447633789642,0.23508447633789642,-0.23508447633789642,-0.062016038554910634,1024,prepared
5,1,74001,0.9351145449048984,-0.014329296298382976,0.014329296298382976,0.00020532873240685205,4096,0.7013671875,-0.24807665370328136,0.24807665370328136,0.06154202611261778,3072,readout_mitigation,unmitigated,0.23374735740489838,0.23374735740489838,-0.23374735740489838,-0.06133669738021093,1024,prepared
5,2,74002,0.9569394341749844,0.007495592971702991,0.007495592971702991,5.6183913997443276e-05,4096,0.69609375,-0.25335009120328145,0.25335009120328145,0.06418626871271103,3072,readout_mitigation,unmitigated,0.26084568417498444,0.26084568417498444,-0.24585449823157846,-0.06413008479871359,1024,prepared
5,3,74003,0.931460055695887,-0.017983785507394434,0.017983785507394434,0.00032341654117597007,4096,0.69140625,-0.2580375912032814,0.2580375912032814,0.06658339847399176,3072,readout_mitigation,unmitigated,0.24005380569588697,0.24005380569588697,-0.24005380569588697,-0.06625998193281579,1024,prepared
5,4,74004,0.9579231837260948,0.008479342522813349,0.008479342522813349,7.189924961919064e-05,4096,0.69375,-0.2556938412032814,0.2556938412032814,0.0653793404292889,3072,readout_mitigation,unmitigated,0.2641731837260948,0.2641731837260948,-0.24721449868046808,-0.06530744117966972,1024,prepared
5,5,74005,0.9354838351957228,-0.013960006007558645,0.013960006007558645,0.00019488176773107348,4096,0.691796875,-0.2576469662032814,0.2576469662032814,0.06638195919375484,3072,readout_mitigation,unmitigated,0.24368696019572278,0.24368696019572278,-0.24368696019572278,-0.06618707742602377,1024,prepared
5,6,74006,0.9416731484735414,-0.007770692729739959,0.007770692729739959,6.038366550003345e-05,4096,0.707421875,-0.24202196620328142,0.24202196620328142,0.0585746321249023,3072,readout_mitigation,unmitigated,0.23425127347354147,0.23425127347354147,-0.23425127347354147,-0.058514248459402264,1024,prepared
5,7,74007,0.976914056411583,0.027470215208301618,0.027470215208301618,0.0007546127235904055,4096,0.719140625,-0.23030321620328142,0.23030321620328142,0.05303957139357539,3072,readout_mitigation,unmitigated,0.25777343141158304,0.25777343141158304,-0.2028330009949798,-0.052284958669984984,1024,prepared
5,8,74008,0.97067848805046,0.021234646847178573,0.021234646847178573,0.0004509102267243909,4096,0.71640625,-0.23303759120328138,0.23303759120328138,0.054306518913827685,3072,readout_mitigation,unmitigated,0.25427223805045995,0.25427223805045995,-0.2118029443561028,-0.0538556086871033,1024,prepared
5,9,74009,0.9424338665574694,-0.007009974645811989,0.007009974645811989,4.913974453492693e-05,4096,0.6787109375,-0.2707329037032814,0.2707329037032814,0.07329630514761024,3072,readout_mitigation,unmitigated,0.2637229290574694,0.2637229290574694,-0.2637229290574694,-0.07324716540307531,1024,prepared
5,10,74010,0.9795135409744082,0.030069699771126834,0.030069699771126834,0.0009041868443257052,4096,0.705859375,-0.24358446620328145,0.24358446620328145,0.05933339217553756,3072,readout_mitigation,unmitigated,0.2736541659744083,0.2736541659744083,-0.2135147664321546,-0.058429205331211855,1024,prepared
5,11,74011,0.942673285619458,-0.0067705555838234455,0.0067705555838234455,4.5840422913642835e-05,4096,0.711328125,-0.23811571620328142,0.23811571620328142,0.05669909430300166,3072,readout_mitigation,unmitigated,0.23134516061945798,0.23134516061945798,-0.23134516061945798,-0.05665325388008802,1024,prepared
5,12,74012,0.9599141573885408,0.010470316185259398,0.010470316185259398,0.00010962752101930492,4096,0.70234375,-0.24710009120328136,0.24710009120328136,0.061058455072669965,3072,readout_mitigation,unmitigated,0.25757040738854076,0.25757040738854076,-0.23662977501802196,-0.06094882755165066,1024,prepared
5,13,74013,0.8960098916020323,-0.05343394960124914,0.05343394960124914,0.002855186969988833,4096,0.6861328125,-0.2633110287032814,0.2633110287032814,0.06933269783678027,3072,readout_mitigation,unmitigated,0.20987707910203224,0.20987707910203224,-0.20987707910203224,-0.06647751086679143,1024,prepared
5,14,74014,0.973602349467775,0.024158508264493617,0.024158508264493617,0.0005836335215656064,4096,0.6939453125,-0.2554985287032814,0.2554985287032814,0.0652794981695415,3072,readout_mitigation,unmitigated,0.279657036967775,0.279657036967775,-0.23134002043878776,-0.06469586464797589,1024,prepared
5,15,74015,0.9437847738102936,-0.005659067392987827,0.005659067392987827,3.202504375837804e-05,4096,0.692578125,-0.25686571620328136,0.25686571620328136,0.06597999616062468,3072,readout_mitigation,unmitigated,0.25120664881029353,0.25120664881029353,-0.25120664881029353,-0.0659479711168663,1024,prepared
5,16,74016,0.941691405389104,-0.007752435814177394,0.007752435814177394,6.0100261052940316e-05,4096,0.6892578125,-0.26018602870328145,0.26018602870328145,0.06769676953238479,3072,readout_mitigation,unmitigated,0.25243359288910405,0.25243359288910405,-0.25243359288910405,-0.06763666927133186,1024,prepared
5,17,74017,0.9406811211310184,-0.008762720072262975,0.008762720072262975,7.678526306484044e-05,4096,0.702734375,-0.24670946620328138,0.24670946620328138,0.060865560714308035,3072,readout_mitigation,unmitigated,0.2379467461310184,0.2379467461310184,-0.2379467461310184,-0.06078877545124319,1024,prepared
5,18,74018,0.9770804844293964,0.027636643226115032,0.027636643226115032,0.0007637840488075698,4096,0.7056640625,-0.24377977870328138,0.24377977870328138,0.05942858050462084,3072,readout_mitigation,unmitigated,0.2714164219293964,0.2714164219293964,-0.21614313547716635,-0.05866479645581327,1024,prepared
5,19,74019,0.946048749793137,-0.0033950914101443797,0.0033950914101443797,1.1526645683236152e-05,4096,0.68984375,-0.2596000912032814,0.2596000912032814,0.06739220735275203,3072,readout_mitigation,unmitigated,0.25620499979313704,0.25620499979313704,-0.25620499979313704,-0.06738068070706879,1024,prepared
2,0,71000,0.9047851562499996,-0.08297984375000045,0.08297984375000045,0.006885654468774489,4608,0.89453125,-0.09323375,0.09323375,0.0086925321390625,1536,zne_only,unmitigated,0.010253906249999556,0.010253906249999556,-0.010253906249999556,-0.0018068776702880119,3072,prepared
2,1,71001,0.8879394531249996,-0.09982554687500045,0.09982554687500045,0.009965139808892912,4608,0.8779296875,-0.1098353125,0.1098353125,0.012063795871972658,1536,zne_only,unmitigated,0.010009765624999556,0.010009765624999556,-0.010009765624999556,-0.0020986560630797454,3072,prepared
2,2,71002,0.8941243489583331,-0.09364065104166686,0.09364065104166686,0.008768571527507225,4608,0.8837890625,-0.1039759375,0.1039759375,0.010810995579003908,1536,zne_only,unmitigated,0.010335286458333148,0.010335286458333148,-0.010335286458333148,-0.002042424051496683,3072,prepared
2,3,71003,0.8736165364583327,-0.1141484635416673,0.1141484635416673,0.013029871728923349,4608,0.8740234375,-0.1137415625,0.1137415625,0.012937143039941408,1536,zne_only,unmitigated,-0.0004069010416672958,-0.0004069010416672958,0.0004069010416672958,9.27286889819412e-05,3072,prepared
2,4,71004,0.8662923177083329,-0.12147268229166708,0.12147268229166708,0.014755612543132289,4608,0.865234375,-0.122530625,0.122530625,0.015013754062890626,1536,zne_only,unmitigated,0.0010579427083329263,0.0010579427083329263,-0.0010579427083329263,-0.000258141519758337,3072,prepared
2,5,71005,0.9006347656249997,-0.08713023437500034,0.08713023437500034,0.00759167774224249,4608,0.8798828125,-0.1078821875,0.1078821875,0.011638566379785158,1536,zne_only,unmitigated,0.020751953124999667,0.020751953124999667,-0.020751953124999667,-0.004046888637542667,3072,prepared
2,6,71006,0.875813802083333,-0.11195119791666697,0.11195119791666697,0.012533070714976738,4608,0.8701171875,-0.1176478125,0.1176478125,0.013841007786035158,1536,zne_only,unmitigated,0.005696614583333037,0.005696614583333037,-0.005696614583333037,-0.00130793707105842,3072,prepared
2,7,71007,0.8768717447916662,-0.11089325520833382,0.11089325520833382,0.012297314050700656,4608,0.8720703125,-0.1156946875,0.1156946875,0.013385260715722658,1536,zne_only,unmitigated,0.004801432291666186,0.004801432291666186,-0.004801432291666186,-0.001087946665022002,3072,prepared
2,8,71008,0.8716634114583325,-0.11610158854166752,0.11610158854166752,0.013479578861898663,4608,0.8671875,-0.1205775,0.1205775,0.01453893350625,1536,zne_only,unmitigated,0.004475911458332482,0.004475911458332482,-0.004475911458332482,-0.0010593546443513381,3072,prepared
2,9,71009,0.8693033854166657,-0.11846161458333426,0.11846161458333426,0.014033154129690433,4608,0.8642578125,-0.1235071875,0.1235071875,0.015254025364160158,1536,zne_only,unmitigated,0.0050455729166657415,0.0050455729166657415,-0.0050455729166657415,-0.001220871234469725,3072,prepared
2,10,71010,0.8896484374999994,-0.09811656250000056,0.09811656250000056,0.009626859836816515,4608,0.873046875,-0.114718125,0.114718125,0.013160248203515626,1536,zne_only,unmitigated,0.016601562499999445,0.016601562499999445,-0.016601562499999445,-0.0035333883666991105,3072,prepared
2,11,71011,0.9012044270833328,-0.08656057291666719,0.08656057291666719,0.0074927327836616575,4608,0.8876953125,-0.1000696875,0.1000696875,0.010013942356347658,1536,zne_only,unmitigated,0.013509114583332815,0.013509114583332815,-0.013509114583332815,-0.002521209572686,3072,prepared
2,12,71012,0.8950195312499994,-0.09274546875000056,0.09274546875000056,0.00860172197365733,4608,0.8798828125,-0.1078821875,0.1078821875,0.011638566379785158,1536,zne_only,unmitigated,0.015136718749999445,0.015136718749999445,-0.015136718749999445,-0.003036844406127828,3072,prepared
2,13,71013,0.8850097656249996,-0.10275523437500045,0.10275523437500045,0.010558638191461274,4608,0.8759765625,-0.1117884375,0.1117884375,0.012496654758691408,1536,zne_only,unmitigated,0.009033203124999556,0.009033203124999556,-0.009033203124999556,-0.0019380165672301334,3072,prepared
2,14,71014,0.8863932291666659,-0.10137177083333415,0.10137177083333415,0.010276235921886017,4608,0.8681640625,-0.1196009375,0.1196009375,0.014304384250878908,1536,zne_only,unmitigated,0.018229166666665853,0.018229166666665853,-0.018229166666665853,-0.004028148328992891,3072,prepared
2,15,71015,0.879313151041666,-0.10845184895833404,0.10845184895833404,0.0117618035424813,4608,0.8662109375,-0.1215540625,0.1215540625,0.014775390110253908,1536,zne_only,unmitigated,0.013102213541665964,0.013102213541665964,-0.013102213541665964,-0.003013586567772607,3072,prepared
2,16,71016,0.8931477864583326,-0.09461721354166741,0.09461721354166741,0.008952417098389492,4608,0.8798828125,-0.1078821875,0.1078821875,0.011638566379785158,1536,zne_only,unmitigated,0.013264973958332593,0.013264973958332593,-0.013264973958332593,-0.002686149281395666,3072,prepared
2,17,71017,0.8902994791666664,-0.0974655208333336,0.0974655208333336,0.009499527751312985,4608,0.884765625,-0.102999375,0.102999375,0.010608871250390626,1536,zne_only,unmitigated,0.005533854166666408,0.005533854166666408,-0.005533854166666408,-0.0011093434990776408,3072,prepared
2,18,71018,0.8690592447916663,-0.11870575520833371,0.11870575520833371,0.014091056319580846,4608,0.865234375,-0.122530625,0.122530625,0.015013754062890626,1536,zne_only,unmitigated,0.0038248697916662966,0.0038248697916662966,-0.0038248697916662966,-0.0009226977433097801,3072,prepared
2,19,71019,0.8819986979166662,-0.10576630208333382,0.10576630208333382,0.011186510656383023,4608,0.8681640625,-0.1196009375,0.1196009375,0.014304384250878908,1536,zne_only,unmitigated,0.013834635416666186,0.013834635416666186,-0.013834635416666186,-0.003117873594495885,3072,prepared
3,0,72000,0.8163791232638885,-0.15844440173611152,0.15844440173611152,0.025104628441514298,6144,0.7975260416666667,-0.17729748333333328,0.17729748333333328,0.031434397596333596,2048,zne_only,unmitigated,0.018853081597221766,0.018853081597221766,-0.018853081597221766,-0.006329769154819299,4096,prepared
3,1,72001,0.8252495659722215,-0.14957395902777848,0.14957395902777848,0.022372369219243557,6144,0.8098958333333333,-0.16492769166666676,0.16492769166666676,0.0272011434784951,2048,zne_only,unmitigated,0.015353732638888284,0.015353732638888284,-0.015353732638888284,-0.004828774259251545,4096,prepared
3,2,72002,0.8330349392361105,-0.14178858576388953,0.14178858576388953,0.020104003052923855,6144,0.8040364583333333,-0.17078706666666676,0.17078706666666676,0.029168222140604477,2048,zne_only,unmitigated,0.028998480902777235,0.028998480902777235,-0.028998480902777235,-0.009064219087680622,4096,prepared
3,3,72003,0.8298611111111107,-0.1449624138888893,0.1449624138888893,0.02101410144049365,6144,0.8076171875,-0.16720633750000002,0.16720633750000002,0.027957959300163916,2048,zne_only,unmitigated,0.022243923611110716,0.022243923611110716,-0.022243923611110716,-0.006943857859670267,4096,prepared
3,4,72004,0.838297526041666,-0.13652599895833406,0.13652599895833406,0.018639348391571033,6144,0.8173828125,-0.15744071250000002,0.15744071250000002,0.024787577952507665,2048,zne_only,unmitigated,0.020914713541665964,0.020914713541665964,-0.020914713541665964,-0.006148229560936632,4096,prepared
3,5,72005,0.8261447482638882,-0.14867877673611185,0.14867877673611185,0.022105378651746596,6144,0.8063151041666667,-0.16850842083333328,0.16850842083333328,0.02839508789174375,2048,zne_only,unmitigated,0.019829644097221433,0.019829644097221433,-0.019829644097221433,-0.006289709239997155,4096,prepared
3,6,72006,0.8281792534722219,-0.14664427152777815,0.14664427152777815,0.021504542371912724,6144,0.7985026041666667,-0.17632092083333328,0.17632092083333328,0.031089067123514582,2048,zne_only,unmitigated,0.029676649305555136,0.029676649305555136,-0.029676649305555136,-0.009584524751601858,4096,prepared
3,7,72007,0.8211805555555551,-0.1536429694444449,0.1536429694444449,0.023606162059706625,6144,0.806640625,-0.16818290000000002,0.16818290000000002,0.02828548785241001,2048,zne_only,unmitigated,0.014539930555555136,0.014539930555555136,-0.014539930555555136,-0.004679325792703384,4096,prepared
3,8,72008,0.8342285156249997,-0.14059500937500036,0.14059500937500036,0.019766956661156437,6144,0.8160807291666667,-0.15874279583333328,0.15874279583333328,0.025199275228983336,2048,zne_only,unmitigated,0.018147786458332926,0.018147786458332926,-0.018147786458332926,-0.0054323185678268986,4096,prepared
3,9,72009,0.8263617621527772,-0.1484617628472228,0.1484617628472228,0.02204089502770502,6144,0.810546875,-0.16427665000000002,0.16427665000000002,0.026986817735222508,2048,zne_only,unmitigated,0.015814887152777235,0.015814887152777235,-0.015814887152777235,-0.0049459227075174875,4096,prepared
3,10,72010,0.8424750434027773,-0.13234848159722268,0.13234848159722268,0.01751612058109039,6144,0.8147786458333333,-0.16004487916666676,0.16004487916666676,0.025614363347472965,2048,zne_only,unmitigated,0.027696397569444087,0.027696397569444087,-0.027696397569444087,-0.008098242766382574,4096,prepared
3,11,72011,0.8259006076388885,-0.14892291736111152,0.14892291736111152,0.02217803531534445,6144,0.8089192708333333,-0.16590425416666676,0.16590425416666676,0.027524221550597968,2048,zne_only,unmitigated,0.016981336805555247,0.016981336805555247,-0.016981336805555247,-0.005346186235253517,4096,prepared
3,12,72012,0.8151584201388885,-0.15966510486111152,0.15966510486111152,0.025492945710309738,6144,0.8040364583333333,-0.17078706666666676,0.17078706666666676,0.029168222140604477,2048,zne_only,unmitigated,0.011121961805555247,0.011121961805555247,-0.011121961805555247,-0.003675276430294739,4096,prepared
3,13,72013,0.8124457465277773,-0.16237777847222268,0.16237777847222268,0.02636654294157422,6144,0.7890625,-0.18576102500000002,0.18576102500000002,0.03450715840905064,2048,zne_only,unmitigated,0.023383246527777346,0.023383246527777346,-0.023383246527777346,-0.008140615467476416,4096,prepared
3,14,72014,0.8526475694444441,-0.12217595555555594,0.12217595555555594,0.01492696411591318,6144,0.8225911458333333,-0.15223237916666676,0.15223237916666676,0.023174697266743798,2048,zne_only,unmitigated,0.030056423611110827,0.030056423611110827,-0.030056423611110827,-0.008247733150830619,4096,prepared
3,15,72015,0.8429361979166663,-0.13188732708333373,0.13188732708333373,0.017394267045186255,6144,0.8248697916666667,-0.14995373333333328,0.14995373333333328,0.022486122140604428,2048,zne_only,unmitigated,0.018066406249999556,0.018066406249999556,-0.018066406249999556,-0.005091855095418173,4096,prepared
3,16,72016,0.818956163194444,-0.15586736180555605,0.15586736180555605,0.02429463447622411,6144,0.7962239583333333,-0.17859956666666676,0.17859956666666676,0.031897805213521147,2048,zne_only,unmitigated,0.022732204861110716,0.022732204861110716,-0.022732204861110716,-0.007603170737297035,4096,prepared
3,17,72017,0.8100857204861106,-0.16473780451388942,0.16473780451388942,0.027138544236056446,6144,0.798828125,-0.17599540000000002,0.17599540000000002,0.030974380821160007,2048,zne_only,unmitigated,0.011257595486110605,0.011257595486110605,-0.011257595486110605,-0.0038358365851035615,4096,prepared
3,18,72018,0.8420410156249997,-0.13278250937500036,0.13278250937500036,0.017631194795922057,6144,0.8095703125,-0.16525321250000002,0.16525321250000002,0.027308624241570163,2048,zne_only,unmitigated,0.03247070312499967,0.03247070312499967,-0.03247070312499967,-0.009677429445648107,4096,prepared
3,19,72019,0.8369683159722217,-0.13785520902777837,0.13785520902777837,0.019004058656092466,6144,0.8050130208333333,-0.16981050416666676,0.16981050416666676,0.02883560732533755,2048,zne_only,unmitigated,0.031955295138888395,0.031955295138888395,-0.031955295138888395,-0.009831548669245085,4096,prepared
4,0,73000,0.7777506510416664,-0.18429760702083364,0.18429760702083364,0.03396560795360563,7680,0.75341796875,-0.20863028931250005,0.20863028931250005,0.04352659761861747,2560,zne_only,unmitigated,0.024332682291666408,0.024332682291666408,-0.024332682291666408,-0.009560989665011843,5120,prepared
4,1,73001,0.7772623697916665,-0.18478588827083353,0.18478588827083353,0.034145824504040974,7680,0.75927734375,-0.20277091431250005,0.20277091431250005,0.04111604369112724,2560,zne_only,unmitigated,0.01798502604166652,0.01798502604166652,-0.01798502604166652,-0.006970219187086263,5120,prepared
4,2,73002,0.777303059895833,-0.184745198166667,0.184745198166667,0.034130788245641065,7680,0.74853515625,-0.21351310181250005,0.21351310181250005,0.04558784464559501,2560,zne_only,unmitigated,0.028767903645833037,0.028767903645833037,-0.028767903645833037,-0.011457056399953945,5120,prepared
4,3,73003,0.7959798177083328,-0.16606844035416723,0.16606844035416723,0.0275787268816656,7680,0.7587890625,-0.20325919556250005,0.20325919556250005,0.04131430058071464,2560,zne_only,unmitigated,0.037190755208332815,0.037190755208332815,-0.037190755208332815,-0.013735573699049042,5120,prepared
4,4,73004,0.8091227213541663,-0.15292553670833375,0.15292553670833375,0.023386219777531934,7680,0.77197265625,-0.19007560181250005,0.19007560181250005,0.03612873440438407,2560,zne_only,unmitigated,0.0371500651041663,0.0371500651041663,-0.0371500651041663,-0.012742514626852136,5120,prepared
4,5,73005,0.7802327473958333,-0.1818155106666668,0.1818155106666668,0.033056879918980826,7680,0.751953125,-0.21009513306250005,0.21009513306250005,0.0441399649365496,2560,zne_only,unmitigated,0.02827962239583326,0.02827962239583326,-0.02827962239583326,-0.011083085017568772,5120,prepared
4,6,73006,0.7596435546874998,-0.20240470337500027,0.20240470337500027,0.040967663948321846,7680,0.732421875,-0.22962638306250005,0.22962638306250005,0.05272827579836601,2560,zne_only,unmitigated,0.027221679687499778,0.027221679687499778,-0.027221679687499778,-0.011760611850044164,5120,prepared
4,7,73007,0.7553710937499992,-0.20667716431250083,0.20667716431250083,0.042715450248256466,7680,0.732421875,-0.22962638306250005,0.22962638306250005,0.05272827579836601,2560,zne_only,unmitigated,0.022949218749999223,0.022949218749999223,-0.022949218749999223,-0.010012825550109544,5120,prepared
4,8,73008,0.7866617838541659,-0.1753864742083342,0.1753864742083342,0.030760415335230676,7680,0.7626953125,-0.19935294556250005,0.19935294556250005,0.039741596904445106,2560,zne_only,unmitigated,0.023966471354165853,0.023966471354165853,-0.023966471354165853,-0.00898118156921443,5120,prepared
4,9,73009,0.7895507812499994,-0.1724974768125006,0.1724974768125006,0.029755379506679183,7680,0.7587890625,-0.20325919556250005,0.20325919556250005,0.04131430058071464,2560,zne_only,unmitigated,0.030761718749999445,0.030761718749999445,-0.030761718749999445,-0.011558921074035458,5120,prepared
4,10,73010,0.759724934895833,-0.202323323166667,0.202323323166667,0.040934727097203576,7680,0.74365234375,-0.21839591431250005,0.21839591431250005,0.04769677538839286,2560,zne_only,unmitigated,0.016072591145833037,0.016072591145833037,-0.016072591145833037,-0.006762048291189288,5120,prepared
4,11,73011,0.7878824869791666,-0.17416577108333342,0.17416577108333342,0.0303337158170521,7680,0.76025390625,-0.20179435181250005,0.20179435181250005,0.040720960423427044,2560,zne_only,unmitigated,0.02762858072916663,0.02762858072916663,-0.02762858072916663,-0.010387244606374944,5120,prepared
4,12,73012,0.7656656901041663,-0.19638256795833375,0.19638256795833375,0.038566112997909574,7680,0.74169921875,-0.22034903931250005,0.22034903931250005,0.04855369912594169,2560,zne_only,unmitigated,0.023966471354166297,0.023966471354166297,-0.023966471354166297,-0.00998758612803212,5120,prepared
4,13,73013,0.7535400390624998,-0.20850821900000027,0.20850821900000027,0.043475677390552074,7680,0.7353515625,-0.22669669556250005,0.22669669556250005,0.05139139177895683,2560,zne_only,unmitigated,0.018188476562499778,0.018188476562499778,-0.018188476562499778,-0.007915714388404757,5120,prepared
4,14,73014,0.7602945963541662,-0.20175366170833386,0.20175366170833386,0.04070454001272082,7680,0.74853515625,-0.21351310181250005,0.21351310181250005,0.04558784464559501,2560,zne_only,unmitigated,0.011759440104166186,0.011759440104166186,-0.011759440104166186,-0.004883304632874189,5120,prepared
4,15,73015,0.7761637369791663,-0.18588452108333375,0.18588452108333375,0.03455305517838035,7680,0.75634765625,-0.20570060181250005,0.20570060181250005,0.0423127375860247,2560,zne_only,unmitigated,0.019816080729166297,0.019816080729166297,-0.019816080729166297,-0.007759682407644346,5120,prepared
4,16,73016,0.7777099609374994,-0.1843382971250006,0.1843382971250006,0.033980607786945005,7680,0.75390625,-0.20814200806250005,0.20814200806250005,0.04332309552028984,2560,zne_only,unmitigated,0.023803710937499445,0.023803710937499445,-0.023803710937499445,-0.009342487733344833,5120,prepared
4,17,73017,0.7801920572916663,-0.18185620077083375,0.18185620077083375,0.03307167775880179,7680,0.7568359375,-0.20521232056250005,0.20521232056250005,0.042112096510646284,2560,zne_only,unmitigated,0.023356119791666297,0.023356119791666297,-0.023356119791666297,-0.009040418751844491,5120,prepared
4,18,73018,0.8031005859374997,-0.15894767212500038,0.15894767212500038,0.025264362473956622,7680,0.7783203125,-0.18372794556250005,0.18372794556250005,0.03375595798061698,2560,zne_only,unmitigated,0.024780273437499667,0.024780273437499667,-0.024780273437499667,-0.008491595506660357,5120,prepared
4,19,73019,0.7795410156249996,-0.1825072424375005,0.1825072424375005,0.03330889354214058,7680,0.75537109375,-0.20667716431250005,0.20667716431250005,0.04271545024825615,2560,zne_only,unmitigated,0.024169921874999556,0.024169921874999556,-0.024169921874999556,-0.009406556706115565,5120,prepared
5,0,74000,0.726057942708333,-0.2233858984949484,0.2233858984949484,0.049901259646395385,9216,0.7,-0.24944384120328145,0.24944384120328145,0.06222222991424789,3072,zne_only,unmitigated,0.02605794270833306,0.02605794270833306,-0.02605794270833306,-0.012320970267852505,6144,prepared
5,1,74001,0.725862630208333,-0.22358121099494843,0.22358121099494843,0.04998855790996765,9216,0.7013671875,-0.24807665370328136,0.24807665370328136,0.06154202611261778,3072,zne_only,unmitigated,0.024495442708332926,0.024495442708332926,-0.024495442708332926,-0.01155346820265013,6144,prepared
5,2,74002,0.7270345052083329,-0.2224093359949485,0.2224093359949485,0.04946591273771389,9216,0.69609375,-0.25335009120328145,0.25335009120328145,0.06418626871271103,3072,zne_only,unmitigated,0.03094075520833295,0.03094075520833295,-0.03094075520833295,-0.014720355974997143,6144,prepared
5,3,74003,0.7307454427083333,-0.2186983984949481,0.2186983984949481,0.04782898950425512,9216,0.69140625,-0.2580375912032814,0.2580375912032814,0.06658339847399176,3072,zne_only,unmitigated,0.039339192708333304,0.039339192708333304,-0.039339192708333304,-0.018754408969736645,6144,prepared
5,4,74004,0.7273925781249996,-0.22205126307828182,0.22205126307828182,0.049306763434660325,9216,0.69375,-0.2556938412032814,0.2556938412032814,0.0653793404292889,3072,zne_only,unmitigated,0.0336425781249996,0.0336425781249996,-0.0336425781249996,-0.01607257699462858,6144,prepared
5,5,74005,0.7065592447916661,-0.2428845964116153,0.2428845964116153,0.058992927174033254,9216,0.691796875,-0.2576469662032814,0.2576469662032814,0.06638195919375484,3072,zne_only,unmitigated,0.014762369791666119,0.014762369791666119,-0.014762369791666119,-0.007389032019721582,6144,prepared
5,6,74006,0.7418294270833329,-0.20761441411994852,0.20761441411994852,0.04310374495036948,9216,0.707421875,-0.24202196620328142,0.24202196620328142,0.0585746321249023,3072,zne_only,unmitigated,0.034407552083332904,0.034407552083332904,-0.034407552083332904,-0.015470887174532821,6144,prepared
5,7,74007,0.7509277343749997,-0.1985161068282817,0.1985161068282817,0.03940864467025775,9216,0.719140625,-0.23030321620328142,0.23030321620328142,0.05303957139357539,3072,zne_only,unmitigated,0.031787109374999734,0.031787109374999734,-0.031787109374999734,-0.013630926723317636,6144,prepared
5,8,74008,0.7408691406249998,-0.20857470057828165,0.20857470057828165,0.04350340572131984,9216,0.71640625,-0.23303759120328138,0.23303759120328138,0.054306518913827685,3072,zne_only,unmitigated,0.024462890624999734,0.024462890624999734,-0.024462890624999734,-0.010803113192507846,6144,prepared
5,9,74009,0.7060058593749996,-0.2434379818282818,0.2434379818282818,0.05926205099662686,9216,0.6787109375,-0.2707329037032814,0.2707329037032814,0.07329630514761024,3072,zne_only,unmitigated,0.0272949218749996,0.0272949218749996,-0.0272949218749996,-0.014034254150983375,6144,prepared
5,10,74010,0.7317545572916664,-0.21768928391161502,0.21768928391161502,0.04738862432995173,9216,0.705859375,-0.24358446620328145,0.24358446620328145,0.05933339217553756,3072,zne_only,unmitigated,0.02589518229166643,0.02589518229166643,-0.02589518229166643,-0.011944767845585832,6144,prepared
5,11,74011,0.7487955729166664,-0.20064826828661497,0.20064826828661497,0.04025972756641742,9216,0.711328125,-0.23811571620328142,0.23811571620328142,0.05669909430300166,3072,zne_only,unmitigated,0.03746744791666645,0.03746744791666645,-0.03746744791666645,-0.016439366736584235,6144,prepared
5,12,74012,0.7382161458333332,-0.21122769536994823,0.21122769536994823,0.04461713929129965,9216,0.70234375,-0.24710009120328136,0.24710009120328136,0.061058455072669965,3072,zne_only,unmitigated,0.035872395833333126,0.035872395833333126,-0.035872395833333126,-0.016441315781370314,6144,prepared
5,13,74013,0.7106770833333329,-0.2387667578699485,0.2387667578699485,0.057009564663726614,9216,0.6861328125,-0.2633110287032814,0.2633110287032814,0.06933269783678027,3072,zne_only,unmitigated,0.024544270833332882,0.024544270833332882,-0.024544270833332882,-0.012323133173053655,6144,prepared
5,14,74014,0.7320475260416661,-0.21739631516161528,0.21739631516161528,0.04726115784584836,9216,0.6939453125,-0.2554985287032814,0.2554985287032814,0.0652794981695415,3072,zne_only,unmitigated,0.0381022135416661,0.0381022135416661,-0.0381022135416661,-0.018018340323693136,6144,prepared
5,15,74015,0.7294433593749996,-0.2200004818282818,0.2200004818282818,0.04840021200467615,9216,0.692578125,-0.25686571620328136,0.25686571620328136,0.06597999616062468,3072,zne_only,unmitigated,0.036865234374999556,0.036865234374999556,-0.036865234374999556,-0.017579784155948526,6144,prepared
5,16,74016,0.7199707031249999,-0.2294731380782815,0.2294731380782815,0.052657921099494055,9216,0.6892578125,-0.26018602870328145,0.26018602870328145,0.06769676953238479,3072,zne_only,unmitigated,0.030712890624999933,0.030712890624999933,-0.030712890624999933,-0.015038848432890738,6144,prepared
5,17,74017,0.7315429687499997,-0.2179008724532817,0.2179008724532817,0.04748079021590135,9216,0.702734375,-0.24670946620328138,0.24670946620328138,0.060865560714308035,3072,zne_only,unmitigated,0.028808593749999667,0.028808593749999667,-0.028808593749999667,-0.013384770498406688,6144,prepared
5,18,74018,0.7424153645833331,-0.20702847661994828,0.20702847661994828,0.04286079013157647,9216,0.7056640625,-0.24377977870328138,0.24377977870328138,0.05942858050462084,3072,zne_only,unmitigated,0.036751302083333104,0.036751302083333104,-0.036751302083333104,-0.016567790373044372,6144,prepared
5,19,74019,0.7162597656249996,-0.2331840755782818,0.2331840755782818,0.05437481310329784,9216,0.68984375,-0.2596000912032814,0.2596000912032814,0.06739220735275203,3072,zne_only,unmitigated,0.026416015624999623,0.026416015624999623,-0.026416015624999623,-0.013017394249454195,6144,prepared
2,0,71000,1.025612167874396,0.037847167874395904,0.037847167874395904,0.0014324081161127054,5632,0.89453125,-0.09323375,0.09323375,0.0086925321390625,1536,readout_mitigation_plus_zne,unmitigated,0.1310809178743959,0.1310809178743959,-0.0553865821256041,-0.007260124022949795,4096,prepared
2,1,71001,1.017464551663158,0.029699551663157964,0.029699551663157964,0.000882063368992589,5632,0.8779296875,-0.1098353125,0.1098353125,0.012063795871972658,1536,readout_mitigation_plus_zne,unmitigated,0.13953486416315797,0.13953486416315797,-0.08013576083684204,-0.011181732502980069,4096,prepared
2,2,71002,1.0114073914138684,0.02364239141386837,0.02364239141386837,0.0005589626717665567,5632,0.8837890625,-0.1039759375,0.1039759375,0.010810995579003908,1536,readout_mitigation_plus_zne,unmitigated,0.12761832891386837,0.12761832891386837,-0.08033354608613164,-0.01025203290723735,4096,prepared
2,3,71003,0.9804975690262718,-0.007267430973728173,0.007267430973728173,5.2815552957903616e-05,5632,0.8740234375,-0.1137415625,0.1137415625,0.012937143039941408,1536,readout_mitigation_plus_zne,unmitigated,0.10647413152627183,0.10647413152627183,-0.10647413152627183,-0.012884327486983505,4096,prepared
2,4,71004,0.9727928178115404,-0.014972182188459637,0.014972182188459637,0.000224166239484428,5632,0.865234375,-0.122530625,0.122530625,0.015013754062890626,1536,readout_mitigation_plus_zne,unmitigated,0.10755844281154037,0.10755844281154037,-0.10755844281154037,-0.014789587823406197,4096,prepared
2,5,71005,1.0373101374887674,0.04954513748876743,0.04954513748876743,0.002454720648780868,5632,0.8798828125,-0.1078821875,0.1078821875,0.011638566379785158,1536,readout_mitigation_plus_zne,unmitigated,0.15742732498876744,0.15742732498876744,-0.05833705001123257,-0.00918384573100429,4096,prepared
2,6,71006,0.9952592229662288,0.007494222966228814,0.007494222966228814,5.61633778675514e-05,5632,0.8701171875,-0.1176478125,0.1176478125,0.013841007786035158,1536,readout_mitigation_plus_zne,unmitigated,0.12514203546622882,0.12514203546622882,-0.11015358953377119,-0.013784844408167607,4096,prepared
2,7,71007,0.9985824409508616,0.010817440950861568,0.010817440950861568,0.00011701702872537682,5632,0.8720703125,-0.1156946875,0.1156946875,0.013385260715722658,1536,readout_mitigation_plus_zne,unmitigated,0.12651212845086157,0.12651212845086157,-0.10487724654913844,-0.013268243686997281,4096,prepared
2,8,71008,0.9821907380391272,-0.0055742619608728505,0.0055742619608728505,3.1072396408434035e-05,5632,0.8671875,-0.1205775,0.1205775,0.01453893350625,1536,readout_mitigation_plus_zne,unmitigated,0.11500323803912715,0.11500323803912715,-0.11500323803912715,-0.014507861109841567,4096,prepared
2,9,71009,1.0033108642707909,0.015545864270790855,0.015545864270790855,0.00024167389592585166,5632,0.8642578125,-0.1235071875,0.1235071875,0.015254025364160158,1536,readout_mitigation_plus_zne,unmitigated,0.13905305177079086,0.13905305177079086,-0.10796132322920915,-0.015012351468234306,4096,prepared
2,10,71010,1.016607083883123,0.028842083883122926,0.028842083883122926,0.0008318658027210992,5632,0.873046875,-0.114718125,0.114718125,0.013160248203515626,1536,readout_mitigation_plus_zne,unmitigated,0.14356020888312293,0.14356020888312293,-0.08587604111687708,-0.012328382400794527,4096,prepared
2,11,71011,1.0291314115589565,0.041366411558956484,0.041366411558956484,0.0017111800052649687,5632,0.8876953125,-0.1000696875,0.1000696875,0.010013942356347658,1536,readout_mitigation_plus_zne,unmitigated,0.1414360990589565,0.1414360990589565,-0.05870327594104352,-0.008302762351082689,4096,prepared
2,12,71012,1.0077228942652323,0.019957894265232312,0.019957894265232312,0.0003983175435021928,5632,0.8798828125,-0.1078821875,0.1078821875,0.011638566379785158,1536,readout_mitigation_plus_zne,unmitigated,0.12784008176523232,0.12784008176523232,-0.08792429323476769,-0.011240248836282964,4096,prepared
2,13,71013,1.008427387382451,0.020662387382450964,0.020662387382450964,0.0004269342523424688,5632,0.8759765625,-0.1117884375,0.1117884375,0.012496654758691408,1536,readout_mitigation_plus_zne,unmitigated,0.13245082488245097,0.13245082488245097,-0.09112605011754904,-0.01206972050634894,4096,prepared
2,14,71014,0.9989301852350596,0.011165185235059605,0.011165185235059605,0.000124661361333193,5632,0.8681640625,-0.1196009375,0.1196009375,0.014304384250878908,1536,readout_mitigation_plus_zne,unmitigated,0.1307661227350596,0.1307661227350596,-0.1084357522649404,-0.014179722889545715,4096,prepared
2,15,71015,1.0000164804939142,0.012251480493914224,0.012251480493914224,0.00015009877429276073,5632,0.8662109375,-0.1215540625,0.1215540625,0.014775390110253908,1536,readout_mitigation_plus_zne,unmitigated,0.13380554299391423,0.13380554299391423,-0.10930258200608578,-0.014625291335961146,4096,prepared
2,16,71016,0.9816287022055196,-0.006136297794480439,0.006136297794480439,3.76541506225455e-05,5632,0.8798828125,-0.1078821875,0.1078821875,0.011638566379785158,1536,readout_mitigation_plus_zne,unmitigated,0.10174588970551957,0.10174588970551957,-0.10174588970551957,-0.011600912229162612,4096,prepared
2,17,71017,1.019446163957478,0.03168116395747789,0.03168116395747789,0.001003696149700596,5632,0.884765625,-0.102999375,0.102999375,0.010608871250390626,1536,readout_mitigation_plus_zne,unmitigated,0.1346805389574779,0.1346805389574779,-0.07131821104252212,-0.00960517510069003,4096,prepared
2,18,71018,0.9898973699870178,0.0021323699870178237,0.0021323699870178237,4.547001761534394e-06,5632,0.865234375,-0.122530625,0.122530625,0.015013754062890626,1536,readout_mitigation_plus_zne,unmitigated,0.12466299498701783,0.12466299498701783,-0.12039825501298218,-0.015009207061129091,4096,prepared
2,19,71019,0.9635775367309452,-0.024187463269054854,0.024187463269054854,0.0005850333793918777,5632,0.8681640625,-0.1196009375,0.1196009375,0.014304384250878908,1536,readout_mitigation_plus_zne,unmitigated,0.09541347423094515,0.09541347423094515,-0.09541347423094515,-0.01371935087148703,4096,prepared
3,0,72000,0.941938612586448,-0.03288491241355207,0.03288491241355207,0.001081417464446991,7168,0.7975260416666667,-0.17729748333333328,0.17729748333333328,0.031434397596333596,2048,readout_mitigation_plus_zne,unmitigated,0.1444125709197812,0.1444125709197812,-0.1444125709197812,-0.030352980131886604,5120,prepared
3,1,72001,1.0078070288407828,0.032983503840782746,0.032983503840782746,0.0010879115256149303,7168,0.8098958333333333,-0.16492769166666676,0.16492769166666676,0.0272011434784951,2048,readout_mitigation_plus_zne,unmitigated,0.1979111955074495,0.1979111955074495,-0.13194418782588402,-0.02611323195288017,5120,prepared
3,2,72002,1.0166990283165946,0.04187550331659462,0.04187550331659462,0.0017535577780181271,7168,0.8040364583333333,-0.17078706666666676,0.17078706666666676,0.029168222140604477,2048,readout_mitigation_plus_zne,unmitigated,0.21266256998326138,0.21266256998326138,-0.12891156335007214,-0.027414664362586348,5120,prepared
3,3,72003,0.9821769327717146,0.00735340777171456,0.00735340777171456,5.4072605857112085e-05,7168,0.8076171875,-0.16720633750000002,0.16720633750000002,0.027957959300163916,2048,readout_mitigation_plus_zne,unmitigated,0.17455974527171458,0.17455974527171458,-0.15985292972828546,-0.027903886694306802,5120,prepared
3,4,72004,1.0265576504639504,0.0517341254639504,0.0517341254639504,0.002676419737519761,7168,0.8173828125,-0.15744071250000002,0.15744071250000002,0.024787577952507665,2048,readout_mitigation_plus_zne,unmitigated,0.20917483796395042,0.20917483796395042,-0.10570658703604963,-0.022111158214987905,5120,prepared
3,5,72005,1.0047060782501132,0.02988255325011313,0.02988255325011313,0.0008929669887458468,7168,0.8063151041666667,-0.16850842083333328,0.16850842083333328,0.02839508789174375,2048,readout_mitigation_plus_zne,unmitigated,0.19839097408344641,0.19839097408344641,-0.13862586758322015,-0.027502120902997904,5120,prepared
3,6,72006,0.9939484949095572,0.019124969909557143,0.019124969909557143,0.00036576447404146616,7168,0.7985026041666667,-0.17632092083333328,0.17632092083333328,0.031089067123514582,2048,readout_mitigation_plus_zne,unmitigated,0.19544589074289043,0.19544589074289043,-0.15719595092377614,-0.030723302649473115,5120,prepared
3,7,72007,1.0105487685152597,0.03572524351525963,0.03572524351525963,0.0012762930242246004,7168,0.806640625,-0.16818290000000002,0.16818290000000002,0.02828548785241001,2048,readout_mitigation_plus_zne,unmitigated,0.20390814351525965,0.20390814351525965,-0.1324576564847404,-0.02700919482818541,5120,prepared
3,8,72008,0.9900558979290206,0.015232372929020577,0.015232372929020577,0.0002320251850487589,7168,0.8160807291666667,-0.15874279583333328,0.15874279583333328,0.025199275228983336,2048,readout_mitigation_plus_zne,unmitigated,0.17397516876235386,0.17397516876235386,-0.1435104229043127,-0.024967250043934578,5120,prepared
3,9,72009,1.022518534816961,0.047695009816960954,0.047695009816960954,0.002274813961440002,7168,0.810546875,-0.16427665000000002,0.16427665000000002,0.026986817735222508,2048,readout_mitigation_plus_zne,unmitigated,0.21197165981696098,0.21197165981696098,-0.11658164018303907,-0.024712003773782507,5120,prepared
3,10,72010,0.9991817477102491,0.024358222710249122,0.024358222710249122,0.0005933230136020961,7168,0.8147786458333333,-0.16004487916666676,0.16004487916666676,0.025614363347472965,2048,readout_mitigation_plus_zne,unmitigated,0.1844031018769159,0.1844031018769159,-0.13568665645641764,-0.02502104033387087,5120,prepared
3,11,72011,0.9672913817763118,-0.007532143223688226,0.007532143223688226,5.673318154215246e-05,7168,0.8089192708333333,-0.16590425416666676,0.16590425416666676,0.027524221550597968,2048,readout_mitigation_plus_zne,unmitigated,0.15837211094297854,0.15837211094297854,-0.15837211094297854,-0.027467488369055815,5120,prepared
3,12,72012,0.9861008231589204,0.011277298158920424,0.011277298158920424,0.00012717745376518997,7168,0.8040364583333333,-0.17078706666666676,0.17078706666666676,0.029168222140604477,2048,readout_mitigation_plus_zne,unmitigated,0.1820643648255872,0.1820643648255872,-0.15950976850774634,-0.029041044686839285,5120,prepared
3,13,72013,0.9816761922140584,0.006852667214058417,0.006852667214058417,4.6959047946631144e-05,7168,0.7890625,-0.18576102500000002,0.18576102500000002,0.03450715840905064,2048,readout_mitigation_plus_zne,unmitigated,0.19261369221405844,0.19261369221405844,-0.1789083577859416,-0.034460199361104005,5120,prepared
3,14,72014,1.0141834796568665,0.03935995465686648,0.03935995465686648,0.0015492060305905854,7168,0.8225911458333333,-0.15223237916666676,0.15223237916666676,0.023174697266743798,2048,readout_mitigation_plus_zne,unmitigated,0.19159233382353325,0.19159233382353325,-0.11287242450980028,-0.02162549123615321,5120,prepared
3,15,72015,0.9888706266477114,0.01404710164771139,0.01404710164771139,0.00019732106470113608,7168,0.8248697916666667,-0.14995373333333328,0.14995373333333328,0.022486122140604428,2048,readout_mitigation_plus_zne,unmitigated,0.16400083498104467,0.16400083498104467,-0.1359066316856219,-0.02228880107590329,5120,prepared
3,16,72016,0.9842673453152868,0.009443820315286788,0.009443820315286788,8.918574214742345e-05,7168,0.7962239583333333,-0.17859956666666676,0.17859956666666676,0.031897805213521147,2048,readout_mitigation_plus_zne,unmitigated,0.18804338698195355,0.18804338698195355,-0.16915574635137998,-0.03180861947137372,5120,prepared
3,17,72017,0.9533570066524628,-0.02146651834753721,0.02146651834753721,0.0004608114099651517,7168,0.798828125,-0.17599540000000002,0.17599540000000002,0.030974380821160007,2048,readout_mitigation_plus_zne,unmitigated,0.1545288816524628,0.1545288816524628,-0.1545288816524628,-0.030513569411194857,5120,prepared
3,18,72018,1.0225091430038091,0.047685618003809105,0.047685618003809105,0.002273918164405203,7168,0.8095703125,-0.16525321250000002,0.16525321250000002,0.027308624241570163,2048,readout_mitigation_plus_zne,unmitigated,0.21293883050380913,0.21293883050380913,-0.11756759449619092,-0.02503470607716496,5120,prepared
3,19,72019,0.9795340964252268,0.004710571425226795,0.004710571425226795,2.21894831521632e-05,7168,0.8050130208333333,-0.16981050416666676,0.16981050416666676,0.02883560732533755,2048,readout_mitigation_plus_zne,unmitigated,0.17452107559189356,0.17452107559189356,-0.16509993274143997,-0.02881341784218539,5120,prepared
4,0,73000,1.0064004696916742,0.04435221162917413,0.04435221162917413,0.001967118676399049,8704,0.75341796875,-0.20863028931250005,0.20863028931250005,0.04352659761861747,2560,readout_mitigation_plus_zne,unmitigated,0.2529825009416742,0.2529825009416742,-0.16427807768332592,-0.04155947894221842,6144,prepared
4,1,73001,0.978857733200898,0.016809475138397922,0.016809475138397922,0.00028255845442841783,8704,0.75927734375,-0.20277091431250005,0.20277091431250005,0.04111604369112724,2560,readout_mitigation_plus_zne,unmitigated,0.21958038945089797,0.21958038945089797,-0.18596143917410213,-0.040833485236698816,6144,prepared
4,2,73002,0.9822972757000762,0.02024901763757614,0.02024901763757614,0.00041002271528686957,8704,0.74853515625,-0.21351310181250005,0.21351310181250005,0.04558784464559501,2560,readout_mitigation_plus_zne,unmitigated,0.2337621194500762,0.2337621194500762,-0.1932640841749239,-0.04517782193030814,6144,prepared
4,3,73003,0.992606979103213,0.030558721040713,0.030558721040713,0.0009338354316441154,8704,0.7587890625,-0.20325919556250005,0.20325919556250005,0.04131430058071464,2560,readout_mitigation_plus_zne,unmitigated,0.23381791660321305,0.23381791660321305,-0.17270047452178705,-0.040380465149070524,6144,prepared
4,4,73004,1.0105669294680213,0.04851867140552124,0.04851867140552124,0.0023540614749569446,8704,0.77197265625,-0.19007560181250005,0.19007560181250005,0.03612873440438407,2560,readout_mitigation_plus_zne,unmitigated,0.2385942732180213,0.2385942732180213,-0.1415569304069788,-0.033774672929427124,6144,prepared
4,5,73005,0.9912701277635398,0.029221869701039793,0.029221869701039793,0.0008539176688245475,8704,0.751953125,-0.21009513306250005,0.21009513306250005,0.0441399649365496,2560,readout_mitigation_plus_zne,unmitigated,0.23931700276353984,0.23931700276353984,-0.18087326336146026,-0.04328604726772505,6144,prepared
4,6,73006,0.9851512022236364,0.02310294416113634,0.02310294416113634,0.0005337460289125837,8704,0.732421875,-0.22962638306250005,0.22962638306250005,0.05272827579836601,2560,readout_mitigation_plus_zne,unmitigated,0.2527293272236364,0.2527293272236364,-0.2065234389013637,-0.05219452976945343,6144,prepared
4,7,73007,0.9819210058772344,0.01987274781473436,0.01987274781473436,0.0003949261057080293,8704,0.732421875,-0.22962638306250005,0.22962638306250005,0.05272827579836601,2560,readout_mitigation_plus_zne,unmitigated,0.2494991308772344,0.2494991308772344,-0.2097536352477657,-0.05233334969265798,6144,prepared
4,8,73008,0.9963353004265908,0.03428704236409075,0.03428704236409075,0.0011756012740769537,8704,0.7626953125,-0.19935294556250005,0.19935294556250005,0.039741596904445106,2560,readout_mitigation_plus_zne,unmitigated,0.2336399879265908,0.2336399879265908,-0.1650659031984093,-0.03856599563036815,6144,prepared
4,9,73009,0.991512166039762,0.02946390797726195,0.02946390797726195,0.0008681218732925604,8704,0.7587890625,-0.20325919556250005,0.20325919556250005,0.04131430058071464,2560,readout_mitigation_plus_zne,unmitigated,0.232723103539762,0.232723103539762,-0.1737952875852381,-0.04044617870742208,6144,prepared
4,10,73010,0.9487927655721836,-0.013255492490316434,0.013255492490316434,0.00017570808116083538,8704,0.74365234375,-0.21839591431250005,0.21839591431250005,0.04769677538839286,2560,readout_mitigation_plus_zne,unmitigated,0.20514042182218362,0.20514042182218362,-0.20514042182218362,-0.047521067307232025,6144,prepared
4,11,73011,1.022037972694862,0.05998971463236202,0.05998971463236202,0.0035987658616722304,8704,0.76025390625,-0.20179435181250005,0.20179435181250005,0.040720960423427044,2560,readout_mitigation_plus_zne,unmitigated,0.2617840664448621,0.2617840664448621,-0.14180463718013803,-0.037122194561754814,6144,prepared
4,12,73012,0.9954363642090618,0.033388106146561736,0.033388106146561736,0.0011147656320540736,8704,0.74169921875,-0.22034903931250005,0.22034903931250005,0.04855369912594169,2560,readout_mitigation_plus_zne,unmitigated,0.2537371454590618,0.2537371454590618,-0.18696093316593831,-0.04743893349388762,6144,prepared
4,13,73013,0.9666048017919904,0.0045565437294903255,0.0045565437294903255,2.0762090758757604e-05,8704,0.7353515625,-0.22669669556250005,0.22669669556250005,0.05139139177895683,2560,readout_mitigation_plus_zne,unmitigated,0.23125323929199038,0.23125323929199038,-0.22214015183300972,-0.051370629688198076,6144,prepared
4,14,73014,0.9955933142268708,0.03354505616437076,0.03354505616437076,0.0011252707930707886,8704,0.74853515625,-0.21351310181250005,0.21351310181250005,0.04558784464559501,2560,readout_mitigation_plus_zne,unmitigated,0.2470581579768708,0.2470581579768708,-0.1799680456481293,-0.04446257385252422,6144,prepared
4,15,73015,1.0346756299081918,0.07262737184569179,0.07262737184569179,0.005274735141212385,8704,0.75634765625,-0.20570060181250005,0.20570060181250005,0.0423127375860247,2560,readout_mitigation_plus_zne,unmitigated,0.27832797365819184,0.27832797365819184,-0.13307322996680826,-0.03703800244481231,6144,prepared
4,16,73016,0.9750978225637924,0.013049564501292354,0.013049564501292354,0.00017029113367338956,8704,0.75390625,-0.20814200806250005,0.20814200806250005,0.04332309552028984,2560,readout_mitigation_plus_zne,unmitigated,0.2211915725637924,0.2211915725637924,-0.1950924435612077,-0.04315280438661645,6144,prepared
4,17,73017,1.011780433289019,0.04973217522651896,0.04973217522651896,0.002473289252761186,8704,0.7568359375,-0.20521232056250005,0.20521232056250005,0.042112096510646284,2560,readout_mitigation_plus_zne,unmitigated,0.254944495789019,0.254944495789019,-0.1554801453359811,-0.0396388072578851,6144,prepared
4,18,73018,1.051753390144147,0.08970513208164688,0.08970513208164688,0.008047010721785711,8704,0.7783203125,-0.18372794556250005,0.18372794556250005,0.03375595798061698,2560,readout_mitigation_plus_zne,unmitigated,0.2734330776441469,0.2734330776441469,-0.09402281348085317,-0.02570894725883127,6144,prepared
4,19,73019,0.99592390336994,0.03387564530743992,0.03387564530743992,0.001147559344995476,8704,0.75537109375,-0.20667716431250005,0.20667716431250005,0.04271545024825615,2560,readout_mitigation_plus_zne,unmitigated,0.24055280961993997,0.24055280961993997,-0.17280151900506013,-0.04156789090326067,6144,prepared
5,0,74000,0.9705106409785218,0.021066799775240397,0.021066799775240397,0.00044381005277006885,10240,0.7,-0.24944384120328145,0.24944384120328145,0.06222222991424789,3072,readout_mitigation_plus_zne,unmitigated,0.27051064097852184,0.27051064097852184,-0.22837704142804105,-0.06177841986147782,7168,prepared
5,1,74001,0.9685509994839144,0.01910715828063303,0.01910715828063303,0.0003650834975611634,10240,0.7013671875,-0.24807665370328136,0.24807665370328136,0.06154202611261778,3072,readout_mitigation_plus_zne,unmitigated,0.2671838119839144,0.2671838119839144,-0.22896949542264833,-0.06117694261505662,7168,prepared
5,2,74002,1.0017124381665818,0.05226859696330044,0.05226859696330044,0.0027320062285119398,10240,0.69609375,-0.25335009120328145,0.25335009120328145,0.06418626871271103,3072,readout_mitigation_plus_zne,unmitigated,0.3056186881665819,0.3056186881665819,-0.201081494239981,-0.06145426248419909,7168,prepared
5,3,74003,0.9868047941356471,0.03736095293236574,0.03736095293236574,0.0013958408040144483,10240,0.69140625,-0.2580375912032814,0.2580375912032814,0.06658339847399176,3072,readout_mitigation_plus_zne,unmitigated,0.29539854413564715,0.29539854413564715,-0.22067663827091566,-0.06518755766997732,7168,prepared
5,4,74004,1.0057064359346075,0.05626259473132611,0.05626259473132611,0.0031654795659014448,10240,0.69375,-0.2556938412032814,0.2556938412032814,0.0653793404292889,3072,readout_mitigation_plus_zne,unmitigated,0.31195643593460753,0.31195643593460753,-0.19943124647195531,-0.06221386086338746,7168,prepared
5,5,74005,0.9590388363258262,0.009594995122544803,0.009594995122544803,9.206393140165855e-05,10240,0.691796875,-0.2576469662032814,0.2576469662032814,0.06638195919375484,3072,readout_mitigation_plus_zne,unmitigated,0.2672419613258262,0.2672419613258262,-0.24805197108073662,-0.06628989526235318,7168,prepared
5,6,74006,0.9898771233419776,0.040433282138696236,0.040433282138696236,0.001634850304507412,10240,0.707421875,-0.24202196620328142,0.24202196620328142,0.0585746321249023,3072,readout_mitigation_plus_zne,unmitigated,0.28245524834197766,0.28245524834197766,-0.2015886840645852,-0.056939781820394886,7168,prepared
5,7,74007,1.0214235252154638,0.07197968401218235,0.07197968401218235,0.00518107491049362,10240,0.719140625,-0.23030321620328142,0.23030321620328142,0.05303957139357539,3072,readout_mitigation_plus_zne,unmitigated,0.3022829002154638,0.3022829002154638,-0.15832353219109907,-0.04785849648308177,7168,prepared
5,8,74008,1.0046732347422331,0.05522939353895173,0.05522939353895173,0.0030502859106804033,10240,0.71640625,-0.23303759120328138,0.23303759120328138,0.054306518913827685,3072,readout_mitigation_plus_zne,unmitigated,0.2882669847422331,0.2882669847422331,-0.17780819766432965,-0.05125623300314728,7168,prepared
5,9,74009,0.983476549491494,0.03403270828821259,0.03403270828821259,0.0011582252334305738,10240,0.6787109375,-0.2707329037032814,0.2707329037032814,0.07329630514761024,3072,readout_mitigation_plus_zne,unmitigated,0.304765611991494,0.304765611991494,-0.23670019541506881,-0.07213807991417966,7168,prepared
5,10,74010,1.0162516574824494,0.06680781627916799,0.06680781627916799,0.004463284315991063,10240,0.705859375,-0.24358446620328145,0.24358446620328145,0.05933339217553756,3072,readout_mitigation_plus_zne,unmitigated,0.31039228248244943,0.31039228248244943,-0.17677664992411346,-0.0548701078595465,7168,prepared
5,11,74011,0.9940212942788642,0.04457745307558281,0.04457745307558281,0.001987149322705787,10240,0.711328125,-0.23811571620328142,0.23811571620328142,0.05669909430300166,3072,readout_mitigation_plus_zne,unmitigated,0.28269316927886423,0.28269316927886423,-0.19353826312769862,-0.05471194498029587,7168,prepared
5,12,74012,1.0107126910700917,0.06126884986681025,0.06126884986681025,0.003753871964001734,10240,0.70234375,-0.24710009120328136,0.24710009120328136,0.061058455072669965,3072,readout_mitigation_plus_zne,unmitigated,0.3083689410700916,0.3083689410700916,-0.1858312413364711,-0.05730458310866823,7168,prepared
5,13,74013,0.927644984731184,-0.02179885647209745,0.02179885647209745,0.00047519014349110486,10240,0.6861328125,-0.2633110287032814,0.2633110287032814,0.06933269783678027,3072,readout_mitigation_plus_zne,unmitigated,0.24151217223118393,0.24151217223118393,-0.24151217223118393,-0.06885750769328916,7168,prepared
5,14,74014,1.0287496326730463,0.07930579146976491,0.07930579146976491,0.006289408560645837,10240,0.6939453125,-0.2554985287032814,0.2554985287032814,0.0652794981695415,3072,readout_mitigation_plus_zne,unmitigated,0.3348043201730463,0.3348043201730463,-0.17619273723351647,-0.05899008960889566,7168,prepared
5,15,74015,0.9964256036706306,0.0469817624673492,0.0469817624673492,0.002207286004538422,10240,0.692578125,-0.25686571620328136,0.25686571620328136,0.06597999616062468,3072,readout_mitigation_plus_zne,unmitigated,0.30384747867063056,0.30384747867063056,-0.20988395373593216,-0.06377271015608625,7168,prepared
5,16,74016,0.9829660103835088,0.033522169180227435,0.033522169180227435,0.0011237358265477901,10240,0.6892578125,-0.26018602870328145,0.26018602870328145,0.06769676953238479,3072,readout_mitigation_plus_zne,unmitigated,0.2937081978835089,0.2937081978835089,-0.226663859523054,-0.066573033705837,7168,prepared
5,17,74017,0.980174128968672,0.03073028776539055,0.03073028776539055,0.0009443505861437122,10240,0.702734375,-0.24670946620328138,0.24670946620328138,0.060865560714308035,3072,readout_mitigation_plus_zne,unmitigated,0.27743975396867193,0.27743975396867193,-0.21597917843789083,-0.05992121012816432,7168,prepared
5,18,74018,1.0300528952101522,0.0806090540068708,0.0806090540068708,0.0064978195878826125,10240,0.7056640625,-0.24377977870328138,0.24377977870328138,0.05942858050462084,3072,readout_mitigation_plus_zne,unmitigated,0.3243888327101522,0.3243888327101522,-0.16317072469641059,-0.05293076091673823,7168,prepared
5,19,74019,0.986033069624648,0.03658922842136658,0.03658922842136658,0.00133877163647094,10240,0.68984375,-0.2596000912032814,0.2596000912032814,0.06739220735275203,3072,readout_mitigation_plus_zne,unmitigated,0.296189319624648,0.296189319624648,-0.22301086278191484,-0.0660534357162811,7168,prepared
2,0,71000,1.013328804347826,0.013328804347825907,0.013328804347825907,0.00017765702534262279,2560,0.89453125,-0.10546875,0.10546875,0.0111236572265625,1536,readout_mitigation,unmitigated,0.1187975543478259,0.1187975543478259,-0.0921399456521741,-0.010946000201219877,1024,ideal
2,1,71001,1.0059245580183007,0.0059245580183007185,0.0059245580183007185,3.5100387712211334e-05,2560,0.8779296875,-0.1220703125,0.1220703125,0.014901161193847656,1536,readout_mitigation,unmitigated,0.12799487051830072,0.12799487051830072,-0.11614575448169928,-0.014866060806135445,1024,ideal
2,2,71002,0.9982524560077728,-0.0017475439922272074,0.0017475439922272074,3.0539100047694057e-06,2560,0.8837890625,-0.1162109375,0.1162109375,0.013504981994628906,1536,readout_mitigation,unmitigated,0.11446339350777279,0.11446339350777279,-0.11446339350777279,-0.013501928084624137,1024,ideal
2,3,71003,0.9807618537847362,-0.019238146215263763,0.019238146215263763,0.00037010626979986743,2560,0.8740234375,-0.1259765625,0.1259765625,0.015870094299316406,1536,readout_mitigation,unmitigated,0.10673841628473624,0.10673841628473624,-0.10673841628473624,-0.01549998802951654,1024,ideal
2,4,71004,0.9719178879850934,-0.028082112014906624,0.028082112014906624,0.000788605015217763,2560,0.865234375,-0.134765625,0.134765625,0.018161773681640625,1536,readout_mitigation,unmitigated,0.10668351298509338,0.10668351298509338,-0.10668351298509338,-0.017373168666422863,1024,ideal
2,5,71005,1.0127349433181934,0.012734943318193359,0.012734943318193359,0.0001621787813175977,2560,0.8798828125,-0.1201171875,0.1201171875,0.014428138732910156,1536,readout_mitigation,unmitigated,0.13285213081819336,0.13285213081819336,-0.10738224418180664,-0.014265959951592558,1024,ideal
2,6,71006,0.9881185693287604,-0.01188143067123959,0.01188143067123959,0.00014116839479547284,2560,0.8701171875,-0.1298828125,0.1298828125,0.016869544982910156,1536,readout_mitigation,unmitigated,0.11800138182876041,0.11800138182876041,-0.11800138182876041,-0.016728376588114685,1024,ideal
2,7,71007,0.992323991797676,-0.007676008202323947,0.007676008202323947,5.892110192214452e-05,2560,0.8720703125,-0.1279296875,0.1279296875,0.016366004943847656,1536,readout_mitigation,unmitigated,0.12025367929767605,0.12025367929767605,-0.12025367929767605,-0.016307083841925512,1024,ideal
2,8,71008,0.9765862417237124,-0.023413758276287555,0.023413758276287555,0.000548204076620424,2560,0.8671875,-0.1328125,0.1328125,0.01763916015625,1536,readout_mitigation,unmitigated,0.10939874172371244,0.10939874172371244,-0.10939874172371244,-0.017090956079629575,1024,ideal
2,9,71009,0.9968753476986982,-0.003124652301301767,0.003124652301301767,9.763452004030428e-06,2560,0.8642578125,-0.1357421875,0.1357421875,0.018425941467285156,1536,readout_mitigation,unmitigated,0.13261753519869823,0.13261753519869823,-0.13261753519869823,-0.018416178015281125,1024,ideal
2,10,71010,0.9961533720202902,-0.0038466279797098046,0.0038466279797098046,1.4796546814286334e-05,2560,0.873046875,-0.126953125,0.126953125,0.016117095947265625,1536,readout_mitigation,unmitigated,0.1231064970202902,0.1231064970202902,-0.1231064970202902,-0.01610229940045134,1024,ideal
2,11,71011,1.0131758592504987,0.01317585925049869,0.01317585925049869,0.00017360326698895187,2560,0.8876953125,-0.1123046875,0.1123046875,0.012612342834472656,1536,readout_mitigation,unmitigated,0.1254805467504987,0.1254805467504987,-0.09912882824950131,-0.012438739567483705,1024,ideal
2,12,71012,0.9898275089605736,-0.010172491039426412,0.010172491039426412,0.00010347957394721066,2560,0.8798828125,-0.1201171875,0.1201171875,0.014428138732910156,1536,readout_mitigation,unmitigated,0.10994469646057359,0.10994469646057359,-0.10994469646057359,-0.014324659158962945,1024,ideal
2,13,71013,0.9977833378229684,-0.0022166621770316475,0.0022166621770316475,4.913591207082683e-06,2560,0.8759765625,-0.1240234375,0.1240234375,0.015381813049316406,1536,readout_mitigation,unmitigated,0.12180677532296835,0.12180677532296835,-0.12180677532296835,-0.015376899458109324,1024,ideal
2,14,71014,0.9777942364664692,-0.022205763533530765,0.022205763533530765,0.0004930959341070847,2560,0.8681640625,-0.1318359375,0.1318359375,0.017380714416503906,1536,readout_mitigation,unmitigated,0.10963017396646924,0.10963017396646924,-0.10963017396646924,-0.01688761848239682,1024,ideal
2,15,71015,0.98550398486977,-0.014496015130230022,0.014496015130230022,0.00021013445465585773,2560,0.8662109375,-0.1337890625,0.1337890625,0.017899513244628906,1536,readout_mitigation,unmitigated,0.11929304736976998,0.11929304736976998,-0.11929304736976998,-0.017689378789973047,1024,ideal
2,16,71016,0.9665844598709048,-0.0334155401290952,0.0334155401290952,0.0011165983221191717,2560,0.8798828125,-0.1201171875,0.1201171875,0.014428138732910156,1536,readout_mitigation,unmitigated,0.0867016473709048,0.0867016473709048,-0.0867016473709048,-0.013311540410790985,1024,ideal
2,17,71017,1.0123392255313295,0.01233922553132949,0.01233922553132949,0.00015225648671301353,2560,0.884765625,-0.115234375,0.115234375,0.013278961181640625,1536,readout_mitigation,unmitigated,0.1275736005313295,0.1275736005313295,-0.10289514946867051,-0.013126704694927611,1024,ideal
2,18,71018,0.9855608771681512,-0.014439122831848783,0.014439122831848783,0.0002084882681532168,2560,0.865234375,-0.134765625,0.134765625,0.018161773681640625,1536,readout_mitigation,unmitigated,0.12032650216815122,0.12032650216815122,-0.12032650216815122,-0.017953285413487407,1024,ideal
2,19,71019,0.9476411845730028,-0.05235881542699716,0.05235881542699716,0.002741445552918356,2560,0.8681640625,-0.1318359375,0.1318359375,0.017380714416503906,1536,readout_mitigation,unmitigated,0.07947712207300284,0.07947712207300284,-0.07947712207300284,-0.01463926886358555,1024,ideal
3,0,72000,0.9206266841566096,-0.07937331584339036,0.07937331584339036,0.006300123267974603,3072,0.7975260416666667,-0.20247395833333326,0.20247395833333326,0.040995703803168373,2048,readout_mitigation,unmitigated,0.1231006424899429,0.1231006424899429,-0.1231006424899429,-0.03469558053519377,1024,ideal
3,1,72001,0.9877091720162444,-0.012290827983755581,0.012290827983755581,0.0001510644525262693,3072,0.8098958333333333,-0.19010416666666674,0.19010416666666674,0.036139594184027804,2048,readout_mitigation,unmitigated,0.17781333868291116,0.17781333868291116,-0.17781333868291116,-0.03598852973150153,1024,ideal
3,2,72002,0.9795685922625408,-0.020431407737459217,0.020431407737459217,0.0004174424221343084,3072,0.8040364583333333,-0.19596354166666674,0.19596354166666674,0.03840170966254343,2048,readout_mitigation,unmitigated,0.17553213392920752,0.17553213392920752,-0.17553213392920752,-0.03798426724040912,1024,ideal
3,3,72003,0.9544908151546706,-0.0455091848453294,0.0455091848453294,0.0020710859052863588,3072,0.8076171875,-0.1923828125,0.1923828125,0.037011146545410156,2048,readout_mitigation,unmitigated,0.1468736276546706,0.1468736276546706,-0.1468736276546706,-0.034940060640123796,1024,ideal
3,4,72004,1.000116279043183,0.00011627904318300963,0.00011627904318300963,1.3520815883556219e-08,3072,0.8173828125,-0.1826171875,0.1826171875,0.033349037170410156,2048,readout_mitigation,unmitigated,0.182733466543183,0.182733466543183,-0.182500908456817,-0.03334902364959427,1024,ideal
3,5,72005,0.9791633420056652,-0.020836657994334762,0.020836657994334762,0.0004341663163728747,3072,0.8063151041666667,-0.19368489583333326,0.19368489583333326,0.037513838873969155,2048,readout_mitigation,unmitigated,0.1728482378389985,0.1728482378389985,-0.1728482378389985,-0.03707967255759628,1024,ideal
3,6,72006,0.9578640356009138,-0.04213596439908618,0.04213596439908618,0.0017754394958410578,3072,0.7985026041666667,-0.20149739583333326,0.20149739583333326,0.04060120052761499,2048,readout_mitigation,unmitigated,0.15936143143424708,0.15936143143424708,-0.15936143143424708,-0.03882576103177393,1024,ideal
3,7,72007,0.9908493880305518,-0.009150611969448219,0.009150611969448219,8.373369941540902e-05,3072,0.806640625,-0.193359375,0.193359375,0.037387847900390625,2048,readout_mitigation,unmitigated,0.18420876303055178,0.18420876303055178,-0.18420876303055178,-0.037304114200975215,1024,ideal
3,8,72008,0.9674605072779128,-0.03253949272208723,0.03253949272208723,0.0010588185866107676,3072,0.8160807291666667,-0.18391927083333326,0.18391927083333326,0.03382629818386499,2048,readout_mitigation,unmitigated,0.15137977811124603,0.15137977811124603,-0.15137977811124603,-0.03276747959725422,1024,ideal
3,9,72009,1.0015980377796037,0.001598037779603656,0.001598037779603656,2.553724745040583e-06,3072,0.810546875,-0.189453125,0.189453125,0.035892486572265625,2048,readout_mitigation,unmitigated,0.19105116277960366,0.19105116277960366,-0.18785508722039634,-0.03588993284752059,1024,ideal
3,10,72010,0.9631481577144616,-0.036851842285538394,0.036851842285538394,0.0013580582798381957,3072,0.8147786458333333,-0.18522135416666674,0.18522135416666674,0.034306950039333796,2048,readout_mitigation,unmitigated,0.14836951188112835,0.14836951188112835,-0.14836951188112835,-0.0329488917594956,1024,ideal
3,11,72011,0.9464482371346516,-0.05355176286534835,0.05355176286534835,0.002867791305986503,3072,0.8089192708333333,-0.19108072916666674,0.19108072916666674,0.036511845058865046,2048,readout_mitigation,unmitigated,0.1375289663013184,0.1375289663013184,-0.1375289663013184,-0.033644053752878544,1024,ideal
3,12,72012,0.9721641628853748,-0.027835837114625228,0.027835837114625228,0.0007748338278719474,3072,0.8040364583333333,-0.19596354166666674,0.19596354166666674,0.03840170966254343,2048,readout_mitigation,unmitigated,0.1681277045520415,0.1681277045520415,-0.1681277045520415,-0.03762687583467148,1024,ideal
3,13,72013,0.9518846008917772,-0.04811539910822282,0.04811539910822282,0.0023150916313435695,3072,0.7890625,-0.2109375,0.2109375,0.04449462890625,2048,readout_mitigation,unmitigated,0.16282210089177718,0.16282210089177718,-0.16282210089177718,-0.042179537274906434,1024,ideal
3,14,72014,0.9781466935710804,-0.021853306428919583,0.021853306428919583,0.00047756700187625797,3072,0.8225911458333333,-0.17740885416666674,0.17740885416666674,0.031473901536729625,2048,readout_mitigation,unmitigated,0.15555554773774716,0.15555554773774716,-0.15555554773774716,-0.030996334534853367,1024,ideal
3,15,72015,0.9659984913523594,-0.03400150864764062,0.03400150864764062,0.00115610259031558,3072,0.8248697916666667,-0.17513020833333326,0.17513020833333326,0.03067058987087671,2048,readout_mitigation,unmitigated,0.14112869968569264,0.14112869968569264,-0.14112869968569264,-0.02951448728056113,1024,ideal
3,16,72016,0.9559366842503352,-0.04406331574966482,0.04406331574966482,0.00194157579485466,3072,0.7962239583333333,-0.20377604166666674,0.20377604166666674,0.0415246751573351,2048,readout_mitigation,unmitigated,0.15971272591700192,0.15971272591700192,-0.15971272591700192,-0.03958309936248044,1024,ideal
3,17,72017,0.9399155561559503,-0.06008444384404965,0.06008444384404965,0.003610140392048756,3072,0.798828125,-0.201171875,0.201171875,0.040470123291015625,2048,readout_mitigation,unmitigated,0.14108743115595035,0.14108743115595035,-0.14108743115595035,-0.03685998289896687,1024,ideal
3,18,72018,0.98099885328204,-0.01900114671796005,0.01900114671796005,0.00036104357659744396,3072,0.8095703125,-0.1904296875,0.1904296875,0.036263465881347656,2048,readout_mitigation,unmitigated,0.17142854078203995,0.17142854078203995,-0.17142854078203995,-0.035902422304750214,1024,ideal
3,19,72019,0.9409313403206234,-0.05906865967937658,0.05906865967937658,0.0034891065563180082,3072,0.8050130208333333,-0.19498697916666674,0.19498697916666674,0.03801992204454213,2048,readout_mitigation,unmitigated,0.13591831948729016,0.13591831948729016,-0.13591831948729016,-0.03453081548822412,1024,ideal
4,0,73000,0.9749180121182472,-0.025081987881752754,0.025081987881752754,0.000629106116100392,3584,0.75341796875,-0.24658203125,0.24658203125,0.06080269813537598,2560,readout_mitigation,unmitigated,0.22150004336824725,0.22150004336824725,-0.22150004336824725,-0.060173592019275586,1024,ideal
4,1,73001,0.9570527027834554,-0.042947297216544555,0.042947297216544555,0.0018444703382062158,3584,0.75927734375,-0.24072265625,0.24072265625,0.057947397232055664,2560,readout_mitigation,unmitigated,0.19777535903345544,0.19777535903345544,-0.19777535903345544,-0.05610292689384945,1024,ideal
4,2,73002,0.944384386162492,-0.055615613837508016,0.055615613837508016,0.003093096502522813,3584,0.74853515625,-0.25146484375,0.25146484375,0.06323456764221191,2560,readout_mitigation,unmitigated,0.19584922991249198,0.19584922991249198,-0.19584922991249198,-0.0601414711396891,1024,ideal
4,3,73003,0.9454683321644916,-0.054531667835508446,0.054531667835508446,0.0029737027969222265,3584,0.7587890625,-0.2412109375,0.2412109375,0.058182716369628906,2560,readout_mitigation,unmitigated,0.18667926966449155,0.18667926966449155,-0.18667926966449155,-0.05520901357270668,1024,ideal
4,4,73004,0.9626862384179992,-0.03731376158200084,0.03731376158200084,0.0013923168033984016,3584,0.77197265625,-0.22802734375,0.22802734375,0.051996469497680664,2560,readout_mitigation,unmitigated,0.19071358216799916,0.19071358216799916,-0.19071358216799916,-0.05060415269428226,1024,ideal
4,5,73005,0.9540107503626054,-0.04598924963739459,0.04598924963739459,0.0021150110822105985,3584,0.751953125,-0.248046875,0.248046875,0.061527252197265625,2560,readout_mitigation,unmitigated,0.2020576253626054,0.2020576253626054,-0.2020576253626054,-0.059412241115055026,1024,ideal
4,6,73006,0.9484820454620562,-0.05151795453794383,0.05151795453794383,0.0026540996397736477,3584,0.732421875,-0.267578125,0.267578125,0.07159805297851562,2560,readout_mitigation,unmitigated,0.21606017046205617,0.21606017046205617,-0.21606017046205617,-0.06894395333874198,1024,ideal
4,7,73007,0.950721214424294,-0.049278785575705975,0.049278785575705975,0.002428398707816407,3584,0.732421875,-0.267578125,0.267578125,0.07159805297851562,2560,readout_mitigation,unmitigated,0.21829933942429403,0.21829933942429403,-0.21829933942429403,-0.06916965427069922,1024,ideal
4,8,73008,0.96568860632764,-0.034311393672360024,0.034311393672360024,0.0011772717357396675,3584,0.7626953125,-0.2373046875,0.2373046875,0.056313514709472656,2560,readout_mitigation,unmitigated,0.20299329382763998,0.20299329382763998,-0.20299329382763998,-0.05513624297373299,1024,ideal
4,9,73009,0.9512664933071666,-0.048733506692833384,0.048733506692833384,0.002374954674580436,3584,0.7587890625,-0.2412109375,0.2412109375,0.058182716369628906,2560,readout_mitigation,unmitigated,0.19247743080716662,0.19247743080716662,-0.19247743080716662,-0.05580776169504847,1024,ideal
4,10,73010,0.9286143631520632,-0.07138563684793675,0.07138563684793675,0.0050959091481855056,3584,0.74365234375,-0.25634765625,0.25634765625,0.06571412086486816,2560,readout_mitigation,unmitigated,0.18496201940206325,0.18496201940206325,-0.18496201940206325,-0.060618211716682656,1024,ideal
4,11,73011,0.98530442701201,-0.014695572987989958,0.014695572987989958,0.0002159598654453401,3584,0.76025390625,-0.23974609375,0.23974609375,0.05747818946838379,2560,readout_mitigation,unmitigated,0.22505052076201004,0.22505052076201004,-0.22505052076201004,-0.05726222960293845,1024,ideal
4,12,73012,0.9615633448254794,-0.03843665517452055,0.03843665517452055,0.0014773764610049975,3584,0.74169921875,-0.25830078125,0.25830078125,0.06671929359436035,2560,readout_mitigation,unmitigated,0.21986412607547945,0.21986412607547945,-0.21986412607547945,-0.06524191713335535,1024,ideal
4,13,73013,0.9425900621803948,-0.05740993781960524,0.05740993781960524,0.0032959009604509397,3584,0.7353515625,-0.2646484375,0.2646484375,0.0700387954711914,2560,readout_mitigation,unmitigated,0.20723849968039476,0.20723849968039476,-0.20723849968039476,-0.06674289451074046,1024,ideal
4,14,73014,0.979288181563994,-0.020711818436006002,0.020711818436006002,0.0004289794229260781,3584,0.74853515625,-0.25146484375,0.25146484375,0.06323456764221191,2560,readout_mitigation,unmitigated,0.230753025313994,0.230753025313994,-0.230753025313994,-0.06280558821928584,1024,ideal
4,15,73015,1.006706472643602,0.006706472643601913,0.006706472643601913,4.497677531938083e-05,3584,0.75634765625,-0.24365234375,0.24365234375,0.059366464614868164,2560,readout_mitigation,unmitigated,0.2503588163936019,0.2503588163936019,-0.2369458711063981,-0.059321487839548784,1024,ideal
4,16,73016,0.9446681928786402,-0.055331807121359766,0.055331807121359766,0.003061608879315359,3584,0.75390625,-0.24609375,0.24609375,0.0605621337890625,2560,readout_mitigation,unmitigated,0.19076194287864023,0.19076194287864023,-0.19076194287864023,-0.05750052490974714,1024,ideal
4,17,73017,0.9802005747348232,-0.01979942526517675,0.01979942526517675,0.00039201724083131944,3584,0.7568359375,-0.2431640625,0.2431640625,0.059128761291503906,2560,readout_mitigation,unmitigated,0.22336463723482325,0.22336463723482325,-0.22336463723482325,-0.058736744050672585,1024,ideal
4,18,73018,1.0177826402728996,0.017782640272899553,0.017782640272899553,0.0003162222950753491,3584,0.7783203125,-0.2216796875,0.2216796875,0.049141883850097656,2560,readout_mitigation,unmitigated,0.23946232777289955,0.23946232777289955,-0.20389704722710045,-0.048825661555022305,1024,ideal
4,19,73019,0.9638273974594848,-0.03617260254051524,0.03617260254051524,0.0013084571745540898,3584,0.75537109375,-0.24462890625,0.24462890625,0.05984330177307129,2560,readout_mitigation,unmitigated,0.20845630370948476,0.20845630370948476,-0.20845630370948476,-0.0585348445985172,1024,ideal
5,0,74000,0.9350844763378964,-0.06491552366210362,0.06491552366210362,0.0042140252123251355,4096,0.7,-0.30000000000000004,0.30000000000000004,0.09000000000000002,3072,readout_mitigation,unmitigated,0.23508447633789642,0.23508447633789642,-0.23508447633789642,-0.08578597478767488,1024,ideal
5,1,74001,0.9351145449048984,-0.06488545509510157,0.06488545509510157,0.004210122282898443,4096,0.7013671875,-0.29863281249999996,0.29863281249999996,0.08918155670166013,3072,readout_mitigation,unmitigated,0.23374735740489838,0.23374735740489838,-0.23374735740489838,-0.08497143441876169,1024,ideal
5,2,74002,0.9569394341749844,-0.043060565825015606,0.043060565825015606,0.0018542123291705019,4096,0.69609375,-0.30390625000000004,0.30390625000000004,0.09235900878906253,3072,readout_mitigation,unmitigated,0.26084568417498444,0.26084568417498444,-0.26084568417498444,-0.09050479645989203,1024,ideal
5,3,74003,0.931460055695887,-0.06853994430411303,0.06853994430411303,0.004697723965210916,4096,0.69140625,-0.30859375,0.30859375,0.0952301025390625,3072,readout_mitigation,unmitigated,0.24005380569588697,0.24005380569588697,-0.24005380569588697,-0.09053237857385159,1024,ideal
5,4,74004,0.9579231837260948,-0.04207681627390525,0.04207681627390525,0.0017704584677479776,4096,0.69375,-0.30625,0.30625,0.09378906250000002,3072,readout_mitigation,unmitigated,0.2641731837260948,0.2641731837260948,-0.2641731837260948,-0.09201860403225204,1024,ideal
5,5,74005,0.9354838351957228,-0.06451616480427724,0.06451616480427724,0.004162335521052662,4096,0.691796875,-0.308203125,0.308203125,0.09498916625976564,3072,readout_mitigation,unmitigated,0.24368696019572278,0.24368696019572278,-0.24368696019572278,-0.09082683073871298,1024,ideal
5,6,74006,0.9416731484735414,-0.058326851526458556,0.058326851526458556,0.003402021608989541,4096,0.707421875,-0.292578125,0.292578125,0.08560195922851564,3072,readout_mitigation,unmitigated,0.23425127347354147,0.23425127347354147,-0.23425127347354147,-0.0821999376195261,1024,ideal
5,7,74007,0.976914056411583,-0.02308594358841698,0.02308594358841698,0.000532960791367571,4096,0.719140625,-0.280859375,0.280859375,0.07888198852539063,3072,readout_mitigation,unmitigated,0.25777343141158304,0.25777343141158304,-0.25777343141158304,-0.07834902773402307,1024,ideal
5,8,74008,0.97067848805046,-0.029321511949540024,0.029321511949540024,0.0008597510630070184,4096,0.71640625,-0.28359375,0.28359375,0.08042541503906249,3072,readout_mitigation,unmitigated,0.25427223805045995,0.25427223805045995,-0.25427223805045995,-0.07956566397605547,1024,ideal
5,9,74009,0.9424338665574694,-0.05756613344253059,0.05756613344253059,0.0033138597195232385,4096,0.6787109375,-0.3212890625,0.3212890625,0.1032266616821289,3072,readout_mitigation,unmitigated,0.2637229290574694,0.2637229290574694,-0.2637229290574694,-0.09991280196260567,1024,ideal
5,10,74010,0.9795135409744082,-0.020486459025591763,0.020486459025591763,0.0004196950034072502,4096,0.705859375,-0.29414062500000004,0.29414062500000004,0.08651870727539065,3072,readout_mitigation,unmitigated,0.2736541659744083,0.2736541659744083,-0.2736541659744083,-0.08609901227198341,1024,ideal
5,11,74011,0.942673285619458,-0.05732671438054204,0.05732671438054204,0.0032863521816682457,4096,0.711328125,-0.288671875,0.288671875,0.08333145141601564,3072,readout_mitigation,unmitigated,0.23134516061945798,0.23134516061945798,-0.23134516061945798,-0.0800450992343474,1024,ideal
5,12,74012,0.9599141573885408,-0.0400858426114592,0.0400858426114592,0.0016068747778706781,4096,0.70234375,-0.29765624999999996,0.29765624999999996,0.08859924316406248,3072,readout_mitigation,unmitigated,0.25757040738854076,0.25757040738854076,-0.25757040738854076,-0.0869923683861918,1024,ideal
5,13,74013,0.8960098916020323,-0.10399010839796774,0.10399010839796774,0.01081394264462108,4096,0.6861328125,-0.3138671875,0.3138671875,0.09851261138916015,3072,readout_mitigation,unmitigated,0.20987707910203224,0.20987707910203224,-0.20987707910203224,-0.08769866874453906,1024,ideal
5,14,74014,0.973602349467775,-0.02639765053222498,0.02639765053222498,0.0006968359536214778,4096,0.6939453125,-0.3060546875,0.3060546875,0.09366947174072264,3072,readout_mitigation,unmitigated,0.279657036967775,0.279657036967775,-0.279657036967775,-0.09297263578710116,1024,ideal
5,15,74015,0.9437847738102936,-0.056215226189706424,0.056215226189706424,0.003160151655559855,4096,0.692578125,-0.30742187499999996,0.30742187499999996,0.09450820922851559,3072,readout_mitigation,unmitigated,0.25120664881029353,0.25120664881029353,-0.25120664881029353,-0.09134805757295573,1024,ideal
5,16,74016,0.941691405389104,-0.05830859461089599,0.05830859461089599,0.003399892205497809,4096,0.6892578125,-0.31074218750000004,0.31074218750000004,0.09656070709228519,3072,readout_mitigation,unmitigated,0.25243359288910405,0.25243359288910405,-0.25243359288910405,-0.09316081488678737,1024,ideal
5,17,74017,0.9406811211310184,-0.05931887886898157,0.05931887886898157,0.0035187293902729086,4096,0.702734375,-0.297265625,0.297265625,0.08836685180664061,3072,readout_mitigation,unmitigated,0.2379467461310184,0.2379467461310184,-0.2379467461310184,-0.0848481224163677,1024,ideal
5,18,74018,0.9770804844293964,-0.022919515570603566,0.022919515570603566,0.0005253041939911393,4096,0.7056640625,-0.2943359375,0.2943359375,0.0866336441040039,3072,readout_mitigation,unmitigated,0.2714164219293964,0.2714164219293964,-0.2714164219293964,-0.08610833991001277,1024,ideal
5,19,74019,0.946048749793137,-0.05395125020686298,0.05395125020686298,0.0029107373988835326,4096,0.68984375,-0.31015625,0.31015625,0.09619689941406251,3072,readout_mitigation,unmitigated,0.25620499979313704,0.25620499979313704,-0.25620499979313704,-0.09328616201517897,1024,ideal
2,0,71000,0.9047851562499996,-0.09521484375000044,0.09521484375000044,0.009065866470336999,4608,0.89453125,-0.10546875,0.10546875,0.0111236572265625,1536,zne_only,unmitigated,0.010253906249999556,0.010253906249999556,-0.010253906249999556,-0.002057790756225501,3072,ideal
2,1,71001,0.8879394531249996,-0.11206054687500044,0.11206054687500044,0.012557566165924171,4608,0.8779296875,-0.1220703125,0.1220703125,0.014901161193847656,1536,zne_only,unmitigated,0.010009765624999556,0.010009765624999556,-0.010009765624999556,-0.002343595027923485,3072,ideal
2,2,71002,0.8941243489583331,-0.10587565104166685,0.10587565104166685,0.01120965348349681,4608,0.8837890625,-0.1162109375,0.1162109375,0.013504981994628906,1536,zne_only,unmitigated,0.010335286458333148,0.010335286458333148,-0.010335286458333148,-0.002295328511132096,3072,ideal
2,3,71003,0.8736165364583327,-0.1263834635416673,0.1263834635416673,0.015972779856787946,4608,0.8740234375,-0.1259765625,0.1259765625,0.015870094299316406,1536,zne_only,unmitigated,-0.0004069010416672958,-0.0004069010416672958,0.0004069010416672958,0.00010268555747153935,3072,ideal
2,4,71004,0.8662923177083329,-0.13370768229166707,0.13370768229166707,0.01787774430380938,4608,0.865234375,-0.134765625,0.134765625,0.018161773681640625,1536,zne_only,unmitigated,0.0010579427083329263,0.0010579427083329263,-0.0010579427083329263,-0.0002840293778312436,3072,ideal
2,5,71005,0.9006347656249997,-0.09936523437500033,0.09936523437500033,0.009873449802398748,4608,0.8798828125,-0.1201171875,0.1201171875,0.014428138732910156,1536,zne_only,unmitigated,0.020751953124999667,0.020751953124999667,-0.020751953124999667,-0.004554688930511409,3072,ideal
2,6,71006,0.875813802083333,-0.12418619791666696,0.12418619791666696,0.015422211752997577,4608,0.8701171875,-0.1298828125,0.1298828125,0.016869544982910156,1536,zne_only,unmitigated,0.005696614583333037,0.005696614583333037,-0.005696614583333037,-0.0014473332299125789,3072,ideal
2,7,71007,0.8768717447916662,-0.12312825520833381,0.12312825520833381,0.015160567230648583,4608,0.8720703125,-0.1279296875,0.1279296875,0.016366004943847656,1536,zne_only,unmitigated,0.004801432291666186,0.004801432291666186,-0.004801432291666186,-0.0012054377131990729,3072,ideal
2,8,71008,0.8716634114583325,-0.12833658854166752,0.12833658854166752,0.016470279958513266,4608,0.8671875,-0.1328125,0.1328125,0.01763916015625,1536,zne_only,unmitigated,0.004475911458332482,0.004475911458332482,-0.004475911458332482,-0.0011688801977367339,3072,ideal
2,9,71009,0.8693033854166657,-0.13069661458333426,0.13069661458333426,0.01708160506354462,4608,0.8642578125,-0.1357421875,0.1357421875,0.018425941467285156,1536,zne_only,unmitigated,0.0050455729166657415,0.0050455729166657415,-0.0050455729166657415,-0.0013443364037405356,3072,ideal
2,10,71010,0.8896484374999994,-0.11035156250000056,0.11035156250000056,0.01217746734619153,4608,0.873046875,-0.126953125,0.126953125,0.016117095947265625,1536,zne_only,unmitigated,0.016601562499999445,0.016601562499999445,-0.016601562499999445,-0.003939628601074096,3072,ideal
2,11,71011,0.9012044270833328,-0.09879557291666718,0.09879557291666718,0.009760565227932503,4608,0.8876953125,-0.1123046875,0.1123046875,0.012612342834472656,1536,zne_only,unmitigated,0.013509114583332815,0.013509114583332815,-0.013509114583332815,-0.002851777606540153,3072,ideal
2,12,71012,0.8950195312499994,-0.10498046875000056,0.10498046875000056,0.011020898818969843,4608,0.8798828125,-0.1201171875,0.1201171875,0.014428138732910156,1536,zne_only,unmitigated,0.015136718749999445,0.015136718749999445,-0.015136718749999445,-0.0034072399139403135,3072,ideal
2,13,71013,0.8850097656249996,-0.11499023437500044,0.11499023437500044,0.013222754001617534,4608,0.8759765625,-0.1240234375,0.1240234375,0.015381813049316406,1536,zne_only,unmitigated,0.009033203124999556,0.009033203124999556,-0.009033203124999556,-0.0021590590476988723,3072,ideal
2,14,71014,0.8863932291666659,-0.11360677083333415,0.11360677083333415,0.012906498379177702,4608,0.8681640625,-0.1318359375,0.1318359375,0.017380714416503906,1536,zne_only,unmitigated,0.018229166666665853,0.018229166666665853,-0.018229166666665853,-0.004474216037326204,3072,ideal
2,15,71015,0.879313151041666,-0.12068684895833404,0.12068684895833404,0.014565315511491733,4608,0.8662109375,-0.1337890625,0.1337890625,0.017899513244628906,1536,zne_only,unmitigated,0.013102213541665964,0.013102213541665964,-0.013102213541665964,-0.003334197733137173,3072,ideal
2,16,71016,0.8931477864583326,-0.1068522135416674,0.1068522135416674,0.011417395538754092,4608,0.8798828125,-0.1201171875,0.1201171875,0.014428138732910156,1536,zne_only,unmitigated,0.013264973958332593,0.013264973958332593,-0.013264973958332593,-0.0030107431941560642,3072,ideal
2,17,71017,0.8902994791666664,-0.10970052083333359,0.10970052083333359,0.012034204271104658,4608,0.884765625,-0.115234375,0.115234375,0.013278961181640625,1536,zne_only,unmitigated,0.005533854166666408,0.005533854166666408,-0.005533854166666408,-0.0012447569105359674,3072,ideal
2,18,71018,0.8690592447916663,-0.1309407552083337,0.1309407552083337,0.01714548137452877,4608,0.865234375,-0.134765625,0.134765625,0.018161773681640625,1536,zne_only,unmitigated,0.0038248697916662966,0.0038248697916662966,-0.0038248697916662966,-0.0010162923071118553,3072,ideal
2,19,71019,0.8819986979166662,-0.11800130208333381,0.11800130208333381,0.013924307293362201,4608,0.8681640625,-0.1318359375,0.1318359375,0.017380714416503906,1536,zne_only,unmitigated,0.013834635416666186,0.013834635416666186,-0.013834635416666186,-0.003456407123141705,3072,ideal
3,0,72000,0.8163791232638885,-0.1836208767361115,0.1836208767361115,0.03371662637333825,6144,0.7975260416666667,-0.20247395833333326,0.20247395833333326,0.040995703803168373,2048,zne_only,unmitigated,0.018853081597221766,0.018853081597221766,-0.018853081597221766,-0.007279077429830125,4096,ideal
3,1,72001,0.8252495659722215,-0.17475043402777846,0.17475043402777846,0.03053771419289695,6144,0.8098958333333333,-0.19010416666666674,0.19010416666666674,0.036139594184027804,2048,zne_only,unmitigated,0.015353732638888284,0.015353732638888284,-0.015353732638888284,-0.005601879991130855,4096,ideal
3,2,72002,0.8330349392361105,-0.1669650607638895,0.1669650607638895,0.027877331515889316,6144,0.8040364583333333,-0.19596354166666674,0.19596354166666674,0.03840170966254343,2048,zne_only,unmitigated,0.028998480902777235,0.028998480902777235,-0.028998480902777235,-0.010524378146654113,4096,ideal
3,3,72003,0.8298611111111107,-0.17013888888888928,0.17013888888888928,0.028947241512345814,6144,0.8076171875,-0.1923828125,0.1923828125,0.037011146545410156,2048,zne_only,unmitigated,0.022243923611110716,0.022243923611110716,-0.022243923611110716,-0.008063905033064343,4096,ideal
3,4,72004,0.838297526041666,-0.16170247395833404,0.16170247395833404,0.0261476900842457,6144,0.8173828125,-0.1826171875,0.1826171875,0.033349037170410156,2048,zne_only,unmitigated,0.020914713541665964,0.020914713541665964,-0.020914713541665964,-0.007201347086164458,4096,ideal
3,5,72005,0.8261447482638882,-0.17385525173611183,0.17385525173611183,0.030225648556226815,6144,0.8063151041666667,-0.19368489583333326,0.19368489583333326,0.037513838873969155,2048,zne_only,unmitigated,0.019829644097221433,0.019829644097221433,-0.019829644097221433,-0.007288190317742339,4096,ideal
3,6,72006,0.8281792534722219,-0.17182074652777812,0.17182074652777812,0.02952236893736298,6144,0.7985026041666667,-0.20149739583333326,0.20149739583333326,0.04060120052761499,2048,zne_only,unmitigated,0.029676649305555136,0.029676649305555136,-0.029676649305555136,-0.011078831590252011,4096,ideal
3,7,72007,0.8211805555555551,-0.17881944444444486,0.17881944444444486,0.0319763937114199,6144,0.806640625,-0.193359375,0.193359375,0.037387847900390625,2048,zne_only,unmitigated,0.014539930555555136,0.014539930555555136,-0.014539930555555136,-0.005411454188970724,4096,ideal
3,8,72008,0.8342285156249997,-0.16577148437500033,0.16577148437500033,0.02748018503189098,6144,0.8160807291666667,-0.18391927083333326,0.18391927083333326,0.03382629818386499,2048,zne_only,unmitigated,0.018147786458332926,0.018147786458332926,-0.018147786458332926,-0.00634611315197401,4096,ideal
3,9,72009,0.8263617621527772,-0.17363823784722276,0.17363823784722276,0.030150237642688704,6144,0.810546875,-0.189453125,0.189453125,0.035892486572265625,2048,zne_only,unmitigated,0.015814887152777235,0.015814887152777235,-0.015814887152777235,-0.005742248929576921,4096,ideal
3,10,72010,0.8424750434027773,-0.15752495659722265,0.15752495659722265,0.024814111950956882,6144,0.8147786458333333,-0.18522135416666674,0.18522135416666674,0.034306950039333796,2048,zne_only,unmitigated,0.027696397569444087,0.027696397569444087,-0.027696397569444087,-0.009492838088376913,4096,ideal
3,11,72011,0.8259006076388885,-0.1740993923611115,0.1740993923611115,0.030310598420508247,6144,0.8089192708333333,-0.19108072916666674,0.19108072916666674,0.036511845058865046,2048,zne_only,unmitigated,0.016981336805555247,0.016981336805555247,-0.016981336805555247,-0.0062012466383567985,4096,ideal
3,12,72012,0.8151584201388885,-0.1848415798611115,0.1848415798611115,0.034166409645551656,6144,0.8040364583333333,-0.19596354166666674,0.19596354166666674,0.03840170966254343,2048,zne_only,unmitigated,0.011121961805555247,0.011121961805555247,-0.011121961805555247,-0.0042353000169917734,4096,ideal
3,13,72013,0.8124457465277773,-0.18755425347222265,0.18755425347222265,0.035176597995522745,6144,0.7890625,-0.2109375,0.2109375,0.04449462890625,2048,zne_only,unmitigated,0.023383246527777346,0.023383246527777346,-0.023383246527777346,-0.009318030910727255,4096,ideal
3,14,72014,0.8526475694444441,-0.1473524305555559,0.1473524305555559,0.02171273879062993,6144,0.8225911458333333,-0.17740885416666674,0.17740885416666674,0.031473901536729625,2048,zne_only,unmitigated,0.030056423611110827,0.030056423611110827,-0.030056423611110827,-0.009761162746099696,4096,ideal
3,15,72015,0.8429361979166663,-0.1570638020833337,0.1570638020833337,0.02466903792487262,6144,0.8248697916666667,-0.17513020833333326,0.17513020833333326,0.03067058987087671,2048,zne_only,unmitigated,0.018066406249999556,0.018066406249999556,-0.018066406249999556,-0.006001551946004088,4096,ideal
3,16,72016,0.818956163194444,-0.18104383680555602,0.18104383680555602,0.0327768708452768,6144,0.7962239583333333,-0.20377604166666674,0.20377604166666674,0.0415246751573351,2048,zne_only,unmitigated,0.022732204861110716,0.022732204861110716,-0.022732204861110716,-0.0087478043120583,4096,ideal
3,17,72017,0.8100857204861106,-0.1899142795138894,0.1899142795138894,0.03606743356327971,6144,0.798828125,-0.201171875,0.201171875,0.040470123291015625,2048,zne_only,unmitigated,0.011257595486110605,0.011257595486110605,-0.011257595486110605,-0.0044026897277359145,4096,ideal
3,18,72018,0.8420410156249997,-0.15795898437500033,0.15795898437500033,0.024951040744781598,6144,0.8095703125,-0.1904296875,0.1904296875,0.036263465881347656,2048,zne_only,unmitigated,0.03247070312499967,0.03247070312499967,-0.03247070312499967,-0.011312425136566058,4096,ideal
3,19,72019,0.8369683159722217,-0.16303168402777835,0.16303168402777835,0.026579329996933358,6144,0.8050130208333333,-0.19498697916666674,0.19498697916666674,0.03801992204454213,2048,zne_only,unmitigated,0.031955295138888395,0.031955295138888395,-0.031955295138888395,-0.011440592047608774,4096,ideal
4,0,73000,0.7777506510416664,-0.2222493489583336,0.2222493489583336,0.04939477311240314,7680,0.75341796875,-0.24658203125,0.24658203125,0.06080269813537598,2560,zne_only,unmitigated,0.024332682291666408,0.024332682291666408,-0.024332682291666408,-0.011407925022972838,5120,ideal
4,1,73001,0.7772623697916665,-0.22273763020833348,0.22273763020833348,0.04961205191082431,7680,0.75927734375,-0.24072265625,0.24072265625,0.057947397232055664,2560,zne_only,unmitigated,0.01798502604166652,0.01798502604166652,-0.01798502604166652,-0.008335345321231355,5120,ideal
4,2,73002,0.777303059895833,-0.22269694010416696,0.22269694010416696,0.049593927131758926,7680,0.74853515625,-0.25146484375,0.25146484375,0.06323456764221191,2560,zne_only,unmitigated,0.028767903645833037,0.028767903645833037,-0.028767903645833037,-0.013640640510452988,5120,ideal
4,3,73003,0.7959798177083328,-0.20402018229166718,0.20402018229166718,0.04162423478232511,7680,0.7587890625,-0.2412109375,0.2412109375,0.058182716369628906,2560,zne_only,unmitigated,0.037190755208332815,0.037190755208332815,-0.037190755208332815,-0.016558481587303796,5120,ideal
4,4,73004,0.8091227213541663,-0.1908772786458337,0.1908772786458337,0.03643413550323924,7680,0.77197265625,-0.22802734375,0.22802734375,0.051996469497680664,2560,zne_only,unmitigated,0.0371500651041663,0.0371500651041663,-0.0371500651041663,-0.015562333994441423,5120,ideal
4,5,73005,0.7802327473958333,-0.21976725260416674,0.21976725260416674,0.048297645317183634,7680,0.751953125,-0.248046875,0.248046875,0.061527252197265625,2560,zne_only,unmitigated,0.02827962239583326,0.02827962239583326,-0.02827962239583326,-0.013229606880081991,5120,ideal
4,6,73006,0.7596435546874998,-0.24035644531250022,0.24035644531250022,0.05777122080326091,7680,0.732421875,-0.267578125,0.267578125,0.07159805297851562,2560,zne_only,unmitigated,0.027221679687499778,0.027221679687499778,-0.027221679687499778,-0.013826832175254718,5120,ideal
4,7,73007,0.7553710937499992,-0.24462890625000078,0.24462890625000078,0.05984330177307167,7680,0.732421875,-0.267578125,0.267578125,0.07159805297851562,2560,zne_only,unmitigated,0.022949218749999223,0.022949218749999223,-0.022949218749999223,-0.011754751205443954,5120,ideal
4,8,73008,0.7866617838541659,-0.21333821614583415,0.21333821614583415,0.04551319446828665,7680,0.7626953125,-0.2373046875,0.2373046875,0.056313514709472656,2560,zne_only,unmitigated,0.023966471354165853,0.023966471354165853,-0.023966471354165853,-0.010800320241186004,5120,ideal
4,9,73009,0.7895507812499994,-0.21044921875000056,0.21044921875000056,0.04428887367248559,7680,0.7587890625,-0.2412109375,0.2412109375,0.058182716369628906,2560,zne_only,unmitigated,0.030761718749999445,0.030761718749999445,-0.030761718749999445,-0.013893842697143319,5120,ideal
4,10,73010,0.759724934895833,-0.24027506510416696,0.24027506510416696,0.057732106910811674,7680,0.74365234375,-0.25634765625,0.25634765625,0.06571412086486816,2560,zne_only,unmitigated,0.016072591145833037,0.016072591145833037,-0.016072591145833037,-0.00798201395405649,5120,ideal
4,11,73011,0.7878824869791666,-0.21211751302083337,0.21211751302083337,0.04499383933014341,7680,0.76025390625,-0.23974609375,0.23974609375,0.05747818946838379,2560,zne_only,unmitigated,0.02762858072916663,0.02762858072916663,-0.02762858072916663,-0.012484350138240376,5120,ideal
4,12,73012,0.7656656901041663,-0.2343343098958337,0.2343343098958337,0.054912568794356624,7680,0.74169921875,-0.25830078125,0.25830078125,0.06671929359436035,2560,zne_only,unmitigated,0.023966471354166297,0.023966471354166297,-0.023966471354166297,-0.011806724800003728,5120,ideal
4,13,73013,0.7535400390624998,-0.24645996093750022,0.24645996093750022,0.06074251234531414,7680,0.7353515625,-0.2646484375,0.2646484375,0.0700387954711914,2560,zne_only,unmitigated,0.018188476562499778,0.018188476562499778,-0.018188476562499778,-0.00929628312587727,5120,ideal
4,14,73014,0.7602945963541662,-0.23970540364583381,0.23970540364583381,0.05745868053701212,7680,0.74853515625,-0.25146484375,0.25146484375,0.06323456764221191,2560,zne_only,unmitigated,0.011759440104166186,0.011759440104166186,-0.011759440104166186,-0.005775887105199794,5120,ideal
4,15,73015,0.7761637369791663,-0.2238362630208337,0.2238362630208337,0.05010267264313185,7680,0.75634765625,-0.24365234375,0.24365234375,0.059366464614868164,2560,zne_only,unmitigated,0.019816080729166297,0.019816080729166297,-0.019816080729166297,-0.009263791971736317,5120,ideal
4,16,73016,0.7777099609374994,-0.22229003906250056,0.22229003906250056,0.049412861466408026,7680,0.75390625,-0.24609375,0.24609375,0.0605621337890625,2560,zne_only,unmitigated,0.023803710937499445,0.023803710937499445,-0.023803710937499445,-0.011149272322654474,5120,ideal
4,17,73017,0.7801920572916663,-0.2198079427083337,0.2198079427083337,0.04831553167767011,7680,0.7568359375,-0.2431640625,0.2431640625,0.059128761291503906,2560,zne_only,unmitigated,0.023356119791666297,0.023356119791666297,-0.023356119791666297,-0.010813229613833797,5120,ideal
4,18,73018,0.8031005859374997,-0.19689941406250033,0.19689941406250033,0.038769379258155955,7680,0.7783203125,-0.2216796875,0.2216796875,0.049141883850097656,2560,zne_only,unmitigated,0.024780273437499667,0.024780273437499667,-0.024780273437499667,-0.010372504591941702,5120,ideal
4,19,73019,0.7795410156249996,-0.22045898437500044,0.22045898437500044,0.04860216379165669,7680,0.75537109375,-0.24462890625,0.24462890625,0.05984330177307129,2560,zne_only,unmitigated,0.024169921874999556,0.024169921874999556,-0.024169921874999556,-0.0112411379814146,5120,ideal
5,0,74000,0.726057942708333,-0.273942057291667,0.273942057291667,0.07504425075319096,9216,0.7,-0.30000000000000004,0.30000000000000004,0.09000000000000002,3072,zne_only,unmitigated,0.02605794270833306,0.02605794270833306,-0.02605794270833306,-0.014955749246809064,6144,ideal
5,1,74001,0.725862630208333,-0.27413736979166703,0.27413736979166703,0.0751512975162932,9216,0.7013671875,-0.29863281249999996,0.29863281249999996,0.08918155670166013,3072,zne_only,unmitigated,0.024495442708332926,0.024495442708332926,-0.024495442708332926,-0.014030259185366933,6144,ideal
5,2,74002,0.7270345052083329,-0.2729654947916671,0.2729654947916671,0.07451016134685963,9216,0.69609375,-0.30390625000000004,0.30390625000000004,0.09235900878906253,3072,zne_only,unmitigated,0.03094075520833295,0.03094075520833295,-0.03094075520833295,-0.0178488474422029,6144,ideal
5,3,74003,0.7307454427083333,-0.2692545572916667,0.2692545572916667,0.07249801662233142,9216,0.69140625,-0.30859375,0.30859375,0.0952301025390625,3072,zne_only,unmitigated,0.039339192708333304,0.039339192708333304,-0.039339192708333304,-0.02273208591673108,6144,ideal
5,4,74004,0.7273925781249996,-0.2726074218750004,0.2726074218750004,0.07431480646133445,9216,0.69375,-0.30625,0.30625,0.09378906250000002,3072,zne_only,unmitigated,0.0336425781249996,0.0336425781249996,-0.0336425781249996,-0.019474256038665566,6144,ideal
5,5,74005,0.7065592447916661,-0.2934407552083339,0.2934407552083339,0.08610747681723734,9216,0.691796875,-0.308203125,0.308203125,0.09498916625976564,3072,zne_only,unmitigated,0.014762369791666119,0.014762369791666119,-0.014762369791666119,-0.008881689442528304,6144,ideal
5,6,74006,0.7418294270833329,-0.2581705729166671,0.2581705729166671,0.06665204472012014,9216,0.707421875,-0.292578125,0.292578125,0.08560195922851564,3072,zne_only,unmitigated,0.034407552083332904,0.034407552083332904,-0.034407552083332904,-0.018949914508395505,6144,ideal
5,7,74007,0.7509277343749997,-0.2490722656250003,0.2490722656250003,0.0620369935035707,9216,0.719140625,-0.280859375,0.280859375,0.07888198852539063,3072,zne_only,unmitigated,0.031787109374999734,0.031787109374999734,-0.031787109374999734,-0.016844995021819936,6144,ideal
5,8,74008,0.7408691406249998,-0.25913085937500024,0.25913085937500024,0.06714880228042615,9216,0.71640625,-0.28359375,0.28359375,0.08042541503906249,3072,zne_only,unmitigated,0.024462890624999734,0.024462890624999734,-0.024462890624999734,-0.013276612758636341,6144,ideal
5,9,74009,0.7060058593749996,-0.2939941406250004,0.2939941406250004,0.0864325547218325,9216,0.6787109375,-0.3212890625,0.3212890625,0.1032266616821289,3072,zne_only,unmitigated,0.0272949218749996,0.0272949218749996,-0.0272949218749996,-0.0167941069602964,6144,ideal
5,10,74010,0.7317545572916664,-0.2682454427083336,0.2682454427083336,0.07195561753378989,9216,0.705859375,-0.29414062500000004,0.29414062500000004,0.08651870727539065,3072,zne_only,unmitigated,0.02589518229166643,0.02589518229166643,-0.02589518229166643,-0.014563089741600768,6144,ideal
5,11,74011,0.7487955729166664,-0.25120442708333357,0.25120442708333357,0.06310366418626585,9216,0.711328125,-0.288671875,0.288671875,0.08333145141601564,3072,zne_only,unmitigated,0.03746744791666645,0.03746744791666645,-0.03746744791666645,-0.020227787229749786,6144,ideal
5,12,74012,0.7382161458333332,-0.26178385416666683,0.26178385416666683,0.06853078630235468,9216,0.70234375,-0.29765624999999996,0.29765624999999996,0.08859924316406248,3072,zne_only,unmitigated,0.035872395833333126,0.035872395833333126,-0.035872395833333126,-0.0200684568617078,6144,ideal
5,13,74013,0.7106770833333329,-0.2893229166666671,0.2893229166666671,0.08370775010850719,9216,0.6861328125,-0.3138671875,0.3138671875,0.09851261138916015,3072,zne_only,unmitigated,0.024544270833332882,0.024544270833332882,-0.024544270833332882,-0.014804861280652962,6144,ideal
5,14,74014,0.7320475260416661,-0.2679524739583339,0.2679524739583339,0.0717985283003916,9216,0.6939453125,-0.3060546875,0.3060546875,0.09366947174072264,3072,zne_only,unmitigated,0.0381022135416661,0.0381022135416661,-0.0381022135416661,-0.02187094344033104,6144,ideal
5,15,74015,0.7294433593749996,-0.2705566406250004,0.2705566406250004,0.07320089578628562,9216,0.692578125,-0.30742187499999996,0.30742187499999996,0.09450820922851559,3072,zne_only,unmitigated,0.036865234374999556,0.036865234374999556,-0.036865234374999556,-0.02130731344222997,6144,ideal
5,16,74016,0.7199707031249999,-0.2800292968750001,0.2800292968750001,0.07841640710830694,9216,0.6892578125,-0.31074218750000004,0.31074218750000004,0.09656070709228519,3072,zne_only,unmitigated,0.030712890624999933,0.030712890624999933,-0.030712890624999933,-0.01814429998397825,6144,ideal
5,17,74017,0.7315429687499997,-0.2684570312500003,0.2684570312500003,0.07206917762756364,9216,0.702734375,-0.297265625,0.297265625,0.08836685180664061,3072,zne_only,unmitigated,0.028808593749999667,0.028808593749999667,-0.028808593749999667,-0.016297674179076974,6144,ideal
5,18,74018,0.7424153645833331,-0.2575846354166669,0.2575846354166669,0.0663498444027372,9216,0.7056640625,-0.2943359375,0.2943359375,0.0866336441040039,3072,zne_only,unmitigated,0.036751302083333104,0.036751302083333104,-0.036751302083333104,-0.020283799701266703,6144,ideal
5,19,74019,0.7162597656249996,-0.2837402343750004,0.2837402343750004,0.08050852060318016,9216,0.68984375,-0.31015625,0.31015625,0.09619689941406251,3072,zne_only,unmitigated,0.026416015624999623,0.026416015624999623,-0.026416015624999623,-0.01568837881088235,6144,ideal
2,0,71000,1.025612167874396,0.025612167874395908,0.025612167874395908,0.0006559831432262378,5632,0.89453125,-0.10546875,0.10546875,0.0111236572265625,1536,readout_mitigation_plus_zne,unmitigated,0.1310809178743959,0.1310809178743959,-0.07985658212560409,-0.010467674083336263,4096,ideal
2,1,71001,1.017464551663158,0.017464551663157968,0.017464551663157968,0.00030501056479511376,5632,0.8779296875,-0.1220703125,0.1220703125,0.014901161193847656,1536,readout_mitigation_plus_zne,unmitigated,0.13953486416315797,0.13953486416315797,-0.10460576083684203,-0.014596150629052543,4096,ideal
2,2,71002,1.0114073914138684,0.011407391413868373,0.011407391413868373,0.00013012857886919788,5632,0.8837890625,-0.1162109375,0.1162109375,0.013504981994628906,1536,readout_mitigation_plus_zne,unmitigated,0.12761832891386837,0.12761832891386837,-0.10480354608613163,-0.013374853415759709,4096,ideal
2,3,71003,0.9804975690262718,-0.01950243097372817,0.01950243097372817,0.00038034481388503187,5632,0.8740234375,-0.1259765625,0.1259765625,0.015870094299316406,1536,readout_mitigation_plus_zne,unmitigated,0.10647413152627183,0.10647413152627183,-0.10647413152627183,-0.015489749485431374,4096,ideal
2,4,71004,0.9727928178115404,-0.027207182188459633,0.027207182188459633,0.0007402307626360351,5632,0.865234375,-0.134765625,0.134765625,0.018161773681640625,1536,readout_mitigation_plus_zne,unmitigated,0.10755844281154037,0.10755844281154037,-0.10755844281154037,-0.01742154291900459,4096,ideal
2,5,71005,1.0373101374887674,0.037310137488767436,0.037310137488767436,0.0013920463594307292,5632,0.8798828125,-0.1201171875,0.1201171875,0.014428138732910156,1536,readout_mitigation_plus_zne,unmitigated,0.15742732498876744,0.15742732498876744,-0.08280705001123256,-0.013036092373479427,4096,ideal
2,6,71006,0.9952592229662288,-0.004740777033771182,0.004740777033771182,2.2474966883932285e-05,5632,0.8701171875,-0.1298828125,0.1298828125,0.016869544982910156,1536,readout_mitigation_plus_zne,unmitigated,0.12514203546622882,0.12514203546622882,-0.12514203546622882,-0.016847070016026224,4096,ideal
2,7,71007,0.9985824409508616,-0.0014175590491384282,0.0014175590491384282,2.0094736577942446e-06,5632,0.8720703125,-0.1279296875,0.1279296875,0.016366004943847656,1536,readout_mitigation_plus_zne,unmitigated,0.12651212845086157,0.12651212845086157,-0.12651212845086157,-0.016363995470189862,4096,ideal
2,8,71008,0.9821907380391272,-0.017809261960872846,0.017809261960872846,0.00031716981159099256,5632,0.8671875,-0.1328125,0.1328125,0.01763916015625,1536,readout_mitigation_plus_zne,unmitigated,0.11500323803912715,0.11500323803912715,-0.11500323803912715,-0.01732199034465901,4096,ideal
2,9,71009,1.0033108642707909,0.0033108642707908587,0.0033108642707908587,1.0961822219599484e-05,5632,0.8642578125,-0.1357421875,0.1357421875,0.018425941467285156,1536,readout_mitigation_plus_zne,unmitigated,0.13905305177079086,0.13905305177079086,-0.13243132322920914,-0.018414979645065558,4096,ideal
2,10,71010,1.016607083883123,0.01660708388312293,0.01660708388312293,0.0002757952351010814,5632,0.873046875,-0.126953125,0.126953125,0.016117095947265625,1536,readout_mitigation_plus_zne,unmitigated,0.14356020888312293,0.14356020888312293,-0.11034604111687707,-0.015841300712164545,4096,ideal
2,11,71011,1.0291314115589565,0.029131411558956488,0.029131411558956488,0.0008486391394173036,5632,0.8876953125,-0.1123046875,0.1123046875,0.012612342834472656,1536,readout_mitigation_plus_zne,unmitigated,0.1414360990589565,0.1414360990589565,-0.08317327594104351,-0.011763703695055352,4096,ideal
2,12,71012,1.0077228942652323,0.007722894265232316,0.007722894265232316,5.96430958319582e-05,5632,0.8798828125,-0.1201171875,0.1201171875,0.014428138732910156,1536,readout_mitigation_plus_zne,unmitigated,0.12784008176523232,0.12784008176523232,-0.11239429323476768,-0.014368495637078198,4096,ideal
2,13,71013,1.008427387382451,0.008427387382450968,0.008427387382450968,7.102085809389379e-05,5632,0.8759765625,-0.1240234375,0.1240234375,0.015381813049316406,1536,readout_mitigation_plus_zne,unmitigated,0.13245082488245097,0.13245082488245097,-0.11559605011754903,-0.015310792191222512,4096,ideal
2,14,71014,0.9989301852350596,-0.001069814764940391,0.001069814764940391,1.144503631284464e-06,5632,0.8681640625,-0.1318359375,0.1318359375,0.017380714416503906,1536,readout_mitigation_plus_zne,unmitigated,0.1307661227350596,0.1307661227350596,-0.1307661227350596,-0.017379569912872622,4096,ideal
2,15,71015,1.0000164804939142,1.6480493914228234e-05,1.6480493914228234e-05,2.7160667965691387e-10,5632,0.8662109375,-0.1337890625,0.1337890625,0.017899513244628906,1536,readout_mitigation_plus_zne,unmitigated,0.13380554299391423,0.13380554299391423,-0.13377258200608577,-0.017899512973022228,4096,ideal
2,16,71016,0.9816287022055196,-0.018371297794480435,0.018371297794480435,0.0003375045826534817,5632,0.8798828125,-0.1201171875,0.1201171875,0.014428138732910156,1536,readout_mitigation_plus_zne,unmitigated,0.10174588970551957,0.10174588970551957,-0.10174588970551957,-0.014090634150256675,4096,ideal
2,17,71017,1.019446163957478,0.01944616395747789,0.01944616395747789,0.0003781532926611122,5632,0.884765625,-0.115234375,0.115234375,0.013278961181640625,1536,readout_mitigation_plus_zne,unmitigated,0.1346805389574779,0.1346805389574779,-0.09578821104252211,-0.012900807888979514,4096,ideal
2,18,71018,0.9898973699870178,-0.010102630012982172,0.010102630012982172,0.00010206313317920817,5632,0.865234375,-0.134765625,0.134765625,0.018161773681640625,1536,readout_mitigation_plus_zne,unmitigated,0.12466299498701783,0.12466299498701783,-0.12466299498701783,-0.01805971054846142,4096,ideal
2,19,71019,0.9635775367309452,-0.03642246326905485,0.03642246326905485,0.0013265958305856498,5632,0.8681640625,-0.1318359375,0.1318359375,0.017380714416503906,1536,readout_mitigation_plus_zne,unmitigated,0.09541347423094515,0.09541347423094515,-0.09541347423094515,-0.016054118585918258,4096,ideal
3,0,72000,0.941938612586448,-0.058061387413552046,0.058061387413552046,0.00337112470838658,7168,0.7975260416666667,-0.20247395833333326,0.20247395833333326,0.040995703803168373,2048,readout_mitigation_plus_zne,unmitigated,0.1444125709197812,0.1444125709197812,-0.1444125709197812,-0.03762457909478179,5120,ideal
3,1,72001,1.0078070288407828,0.00780702884078277,0.00780702884078277,6.094969932081397e-05,7168,0.8098958333333333,-0.19010416666666674,0.19010416666666674,0.036139594184027804,2048,readout_mitigation_plus_zne,unmitigated,0.1979111955074495,0.1979111955074495,-0.18229713782588397,-0.03607864448470699,5120,ideal
3,2,72002,1.0166990283165946,0.016699028316594644,0.016699028316594644,0.00027885754671842973,7168,0.8040364583333333,-0.19596354166666674,0.19596354166666674,0.03840170966254343,2048,readout_mitigation_plus_zne,unmitigated,0.21266256998326138,0.21266256998326138,-0.1792645133500721,-0.038122852115825,5120,ideal
3,3,72003,0.9821769327717146,-0.017823067228285416,0.017823067228285416,0.0003176617254239816,7168,0.8076171875,-0.1923828125,0.1923828125,0.037011146545410156,2048,readout_mitigation_plus_zne,unmitigated,0.17455974527171458,0.17455974527171458,-0.17455974527171458,-0.036693484819986175,5120,ideal
3,4,72004,1.0265576504639504,0.026557650463950422,0.026557650463950422,0.000705308798165366,7168,0.8173828125,-0.1826171875,0.1826171875,0.033349037170410156,2048,readout_mitigation_plus_zne,unmitigated,0.20917483796395042,0.20917483796395042,-0.15605953703604958,-0.03264372837224479,5120,ideal
3,5,72005,1.0047060782501132,0.004706078250113155,0.004706078250113155,2.2147172496188093e-05,7168,0.8063151041666667,-0.19368489583333326,0.19368489583333326,0.037513838873969155,2048,readout_mitigation_plus_zne,unmitigated,0.19839097408344641,0.19839097408344641,-0.1889788175832201,-0.037491691701472964,5120,ideal
3,6,72006,0.9939484949095572,-0.0060515050904428325,0.0060515050904428325,3.6620713859655516e-05,7168,0.7985026041666667,-0.20149739583333326,0.20149739583333326,0.04060120052761499,2048,readout_mitigation_plus_zne,unmitigated,0.19544589074289043,0.19544589074289043,-0.19544589074289043,-0.04056457981375534,5120,ideal
3,7,72007,1.0105487685152597,0.010548768515259654,0.010548768515259654,0.00011127651718853337,7168,0.806640625,-0.193359375,0.193359375,0.037387847900390625,2048,readout_mitigation_plus_zne,unmitigated,0.20390814351525965,0.20390814351525965,-0.18281060648474035,-0.03727657138320209,5120,ideal
3,8,72008,0.9900558979290206,-0.0099441020709794,0.0099441020709794,9.888516599805677e-05,7168,0.8160807291666667,-0.18391927083333326,0.18391927083333326,0.03382629818386499,2048,readout_mitigation_plus_zne,unmitigated,0.17397516876235386,0.17397516876235386,-0.17397516876235386,-0.033727413017866935,5120,ideal
3,9,72009,1.022518534816961,0.022518534816960978,0.022518534816960978,0.0005070844103026837,7168,0.810546875,-0.189453125,0.189453125,0.035892486572265625,2048,readout_mitigation_plus_zne,unmitigated,0.21197165981696098,0.21197165981696098,-0.16693459018303902,-0.03538540216196294,5120,ideal
3,10,72010,0.9991817477102491,-0.0008182522897508537,0.0008182522897508537,6.695368096825151e-07,7168,0.8147786458333333,-0.18522135416666674,0.18522135416666674,0.034306950039333796,2048,readout_mitigation_plus_zne,unmitigated,0.1844031018769159,0.1844031018769159,-0.1844031018769159,-0.034306280502524114,5120,ideal
3,11,72011,0.9672913817763118,-0.0327086182236882,0.0327086182236882,0.0010698537061029879,7168,0.8089192708333333,-0.19108072916666674,0.19108072916666674,0.036511845058865046,2048,readout_mitigation_plus_zne,unmitigated,0.15837211094297854,0.15837211094297854,-0.15837211094297854,-0.035441991352762055,5120,ideal
3,12,72012,0.9861008231589204,-0.013899176841079552,0.013899176841079552,0.00019318711685960217,7168,0.8040364583333333,-0.19596354166666674,0.19596354166666674,0.03840170966254343,2048,readout_mitigation_plus_zne,unmitigated,0.1820643648255872,0.1820643648255872,-0.1820643648255872,-0.038208522545683826,5120,ideal
3,13,72013,0.9816761922140584,-0.01832380778594156,0.01832380778594156,0.0003357619317761325,7168,0.7890625,-0.2109375,0.2109375,0.04449462890625,2048,readout_mitigation_plus_zne,unmitigated,0.19261369221405844,0.19261369221405844,-0.19261369221405844,-0.04415886697447387,5120,ideal
3,14,72014,1.0141834796568665,0.014183479656866504,0.014183479656866504,0.00020117109517674598,7168,0.8225911458333333,-0.17740885416666674,0.17740885416666674,0.031473901536729625,2048,readout_mitigation_plus_zne,unmitigated,0.19159233382353325,0.19159233382353325,-0.16322537450980024,-0.031272730441552876,5120,ideal
3,15,72015,0.9888706266477114,-0.011129373352288585,0.011129373352288585,0.00012386295121463126,7168,0.8248697916666667,-0.17513020833333326,0.17513020833333326,0.03067058987087671,2048,readout_mitigation_plus_zne,unmitigated,0.16400083498104467,0.16400083498104467,-0.16400083498104467,-0.03054672691966208,5120,ideal
3,16,72016,0.9842673453152868,-0.015732654684713188,0.015732654684713188,0.0002475164234284278,7168,0.7962239583333333,-0.20377604166666674,0.20377604166666674,0.0415246751573351,2048,readout_mitigation_plus_zne,unmitigated,0.18804338698195355,0.18804338698195355,-0.18804338698195355,-0.04127715873390667,5120,ideal
3,17,72017,0.9533570066524628,-0.04664299334753719,0.04664299334753719,0.0021755688284183982,7168,0.798828125,-0.201171875,0.201171875,0.040470123291015625,2048,readout_mitigation_plus_zne,unmitigated,0.1545288816524628,0.1545288816524628,-0.1545288816524628,-0.038294554462597226,5120,ideal
3,18,72018,1.0225091430038091,0.02250914300380913,0.02250914300380913,0.0005066615187659295,7168,0.8095703125,-0.1904296875,0.1904296875,0.036263465881347656,2048,readout_mitigation_plus_zne,unmitigated,0.21293883050380913,0.21293883050380913,-0.16792054449619087,-0.035756804362581725,5120,ideal
3,19,72019,0.9795340964252268,-0.02046590357477318,0.02046590357477318,0.0004188532091319137,7168,0.8050130208333333,-0.19498697916666674,0.19498697916666674,0.03801992204454213,2048,readout_mitigation_plus_zne,unmitigated,0.17452107559189356,0.17452107559189356,-0.17452107559189356,-0.037601068835410215,5120,ideal
4,0,73000,1.0064004696916742,0.006400469691674182,0.006400469691674182,4.09660122740398e-05,8704,0.75341796875,-0.24658203125,0.24658203125,0.06080269813537598,2560,readout_mitigation_plus_zne,unmitigated,0.2529825009416742,0.2529825009416742,-0.24018156155832582,-0.06076173212310194,6144,ideal
4,1,73001,0.978857733200898,-0.021142266799102027,0.021142266799102027,0.00044699544540441187,8704,0.75927734375,-0.24072265625,0.24072265625,0.057947397232055664,2560,readout_mitigation_plus_zne,unmitigated,0.21958038945089797,0.21958038945089797,-0.21958038945089797,-0.05750040178665125,6144,ideal
4,2,73002,0.9822972757000762,-0.01770272429992381,0.01770272429992381,0.000313386447639113,8704,0.74853515625,-0.25146484375,0.25146484375,0.06323456764221191,2560,readout_mitigation_plus_zne,unmitigated,0.2337621194500762,0.2337621194500762,-0.2337621194500762,-0.0629211811945728,6144,ideal
4,3,73003,0.992606979103213,-0.00739302089678695,0.00739302089678695,5.465675798032853e-05,8704,0.7587890625,-0.2412109375,0.2412109375,0.058182716369628906,2560,readout_mitigation_plus_zne,unmitigated,0.23381791660321305,0.23381791660321305,-0.23381791660321305,-0.058128059611648575,6144,ideal
4,4,73004,1.0105669294680213,0.010566929468021291,0.010566929468021291,0.00011165999838213672,8704,0.77197265625,-0.22802734375,0.22802734375,0.051996469497680664,2560,readout_mitigation_plus_zne,unmitigated,0.2385942732180213,0.2385942732180213,-0.2174604142819787,-0.05188480949929853,6144,ideal
4,5,73005,0.9912701277635398,-0.008729872236460157,0.008729872236460157,7.621066926491786e-05,8704,0.751953125,-0.248046875,0.248046875,0.061527252197265625,2560,readout_mitigation_plus_zne,unmitigated,0.23931700276353984,0.23931700276353984,-0.23931700276353984,-0.06145104152800071,6144,ideal
4,6,73006,0.9851512022236364,-0.01484879777636361,0.01484879777636361,0.00022048679540334086,8704,0.732421875,-0.267578125,0.267578125,0.07159805297851562,2560,readout_mitigation_plus_zne,unmitigated,0.2527293272236364,0.2527293272236364,-0.2527293272236364,-0.07137756618311228,6144,ideal
4,7,73007,0.9819210058772344,-0.01807899412276559,0.01807899412276559,0.00032685002849099277,8704,0.732421875,-0.267578125,0.267578125,0.07159805297851562,2560,readout_mitigation_plus_zne,unmitigated,0.2494991308772344,0.2494991308772344,-0.2494991308772344,-0.07127120295002463,6144,ideal
4,8,73008,0.9963353004265908,-0.0036646995734092025,0.0036646995734092025,1.3430022963345591e-05,8704,0.7626953125,-0.2373046875,0.2373046875,0.056313514709472656,2560,readout_mitigation_plus_zne,unmitigated,0.2336399879265908,0.2336399879265908,-0.2336399879265908,-0.05630008468650931,6144,ideal
4,9,73009,0.991512166039762,-0.008487833960238,0.008487833960238,7.20433253365695e-05,8704,0.7587890625,-0.2412109375,0.2412109375,0.058182716369628906,2560,readout_mitigation_plus_zne,unmitigated,0.232723103539762,0.232723103539762,-0.232723103539762,-0.058110673044292335,6144,ideal
4,10,73010,0.9487927655721836,-0.051207234427816384,0.051207234427816384,0.0026221808577453435,8704,0.74365234375,-0.25634765625,0.25634765625,0.06571412086486816,2560,readout_mitigation_plus_zne,unmitigated,0.20514042182218362,0.20514042182218362,-0.20514042182218362,-0.06309194000712282,6144,ideal
4,11,73011,1.022037972694862,0.022037972694862074,0.022037972694862074,0.0004856722404994863,8704,0.76025390625,-0.23974609375,0.23974609375,0.05747818946838379,2560,readout_mitigation_plus_zne,unmitigated,0.2617840664448621,0.2617840664448621,-0.21770812105513793,-0.0569925172278843,6144,ideal
4,12,73012,0.9954363642090618,-0.004563635790938214,0.004563635790938214,2.082677163233226e-05,8704,0.74169921875,-0.25830078125,0.25830078125,0.06671929359436035,2560,readout_mitigation_plus_zne,unmitigated,0.2537371454590618,0.2537371454590618,-0.2537371454590618,-0.06669846682272802,6144,ideal
4,13,73013,0.9666048017919904,-0.033395198208009624,0.033395198208009624,0.0011152392633522492,8704,0.7353515625,-0.2646484375,0.2646484375,0.0700387954711914,2560,readout_mitigation_plus_zne,unmitigated,0.23125323929199038,0.23125323929199038,-0.23125323929199038,-0.06892355620783916,6144,ideal
4,14,73014,0.9955933142268708,-0.004406685773129193,0.004406685773129193,1.9418879503099235e-05,8704,0.74853515625,-0.25146484375,0.25146484375,0.06323456764221191,2560,readout_mitigation_plus_zne,unmitigated,0.2470581579768708,0.2470581579768708,-0.2470581579768708,-0.06321514876270881,6144,ideal
4,15,73015,1.0346756299081918,0.03467562990819184,0.03467562990819184,0.0012023993095298885,8704,0.75634765625,-0.24365234375,0.24365234375,0.059366464614868164,2560,readout_mitigation_plus_zne,unmitigated,0.27832797365819184,0.27832797365819184,-0.20897671384180816,-0.058164065305338276,6144,ideal
4,16,73016,0.9750978225637924,-0.024902177436207595,0.024902177436207595,0.0006201184410643667,8704,0.75390625,-0.24609375,0.24609375,0.0605621337890625,2560,readout_mitigation_plus_zne,unmitigated,0.2211915725637924,0.2211915725637924,-0.2211915725637924,-0.05994201534799813,6144,ideal
4,17,73017,1.011780433289019,0.01178043328901901,0.01178043328901901,0.00013877860847702725,8704,0.7568359375,-0.2431640625,0.2431640625,0.059128761291503906,2560,readout_mitigation_plus_zne,unmitigated,0.254944495789019,0.254944495789019,-0.231383629210981,-0.05898998268302688,6144,ideal
4,18,73018,1.051753390144147,0.05175339014414693,0.05175339014414693,0.0026784133914122842,8704,0.7783203125,-0.2216796875,0.2216796875,0.049141883850097656,2560,readout_mitigation_plus_zne,unmitigated,0.2734330776441469,0.2734330776441469,-0.16992629735585307,-0.046463470458685374,6144,ideal
4,19,73019,0.99592390336994,-0.004076096630060033,0.004076096630060033,1.661456373758676e-05,8704,0.75537109375,-0.24462890625,0.24462890625,0.05984330177307129,2560,readout_mitigation_plus_zne,unmitigated,0.24055280961993997,0.24055280961993997,-0.24055280961993997,-0.0598266872093337,6144,ideal
5,0,74000,0.9705106409785218,-0.0294893590214782,0.0294893590214782,0.0008696222954976378,10240,0.7,-0.30000000000000004,0.30000000000000004,0.09000000000000002,3072,readout_mitigation_plus_zne,unmitigated,0.27051064097852184,0.27051064097852184,-0.27051064097852184,-0.08913037770450238,7168,ideal
5,1,74001,0.9685509994839144,-0.03144900051608557,0.03144900051608557,0.0009890396334607504,10240,0.7013671875,-0.29863281249999996,0.29863281249999996,0.08918155670166013,3072,readout_mitigation_plus_zne,unmitigated,0.2671838119839144,0.2671838119839144,-0.2671838119839144,-0.08819251706819937,7168,ideal
5,2,74002,1.0017124381665818,0.0017124381665818422,0.0017124381665818422,2.932444474366181e-06,10240,0.69609375,-0.30390625000000004,0.30390625000000004,0.09235900878906253,3072,readout_mitigation_plus_zne,unmitigated,0.3056186881665819,0.3056186881665819,-0.3021938118334182,-0.09235607634458816,7168,ideal
5,3,74003,0.9868047941356471,-0.013195205864352855,0.013195205864352855,0.00017411345780265198,10240,0.69140625,-0.30859375,0.30859375,0.0952301025390625,3072,readout_mitigation_plus_zne,unmitigated,0.29539854413564715,0.29539854413564715,-0.29539854413564715,-0.09505598908125985,7168,ideal
5,4,74004,1.0057064359346075,0.005706435934607512,0.005706435934607512,3.256341107577991e-05,10240,0.69375,-0.30625,0.30625,0.09378906250000002,3072,readout_mitigation_plus_zne,unmitigated,0.31195643593460753,0.31195643593460753,-0.3005435640653925,-0.09375649908892424,7168,ideal
5,5,74005,0.9590388363258262,-0.040961163674173795,0.040961163674173795,0.0016778169295424549,10240,0.691796875,-0.308203125,0.308203125,0.09498916625976564,3072,readout_mitigation_plus_zne,unmitigated,0.2672419613258262,0.2672419613258262,-0.2672419613258262,-0.09331134933022318,7168,ideal
5,6,74006,0.9898771233419776,-0.010122876658022362,0.010122876658022362,0.00010247263183353398,10240,0.707421875,-0.292578125,0.292578125,0.08560195922851564,3072,readout_mitigation_plus_zne,unmitigated,0.28245524834197766,0.28245524834197766,-0.28245524834197766,-0.0854994865966821,7168,ideal
5,7,74007,1.0214235252154638,0.021423525215463757,0.021423525215463757,0.0004589674326576114,10240,0.719140625,-0.280859375,0.280859375,0.07888198852539063,3072,readout_mitigation_plus_zne,unmitigated,0.3022829002154638,0.3022829002154638,-0.25943584978453627,-0.07842302109273303,7168,ideal
5,8,74008,1.0046732347422331,0.004673234742233134,0.004673234742233134,2.183912295601479e-05,10240,0.71640625,-0.28359375,0.28359375,0.08042541503906249,3072,readout_mitigation_plus_zne,unmitigated,0.2882669847422331,0.2882669847422331,-0.27892051525776684,-0.08040357591610647,7168,ideal
5,9,74009,0.983476549491494,-0.01652345050850601,0.01652345050850601,0.0002730244167070475,10240,0.6787109375,-0.3212890625,0.3212890625,0.1032266616821289,3072,readout_mitigation_plus_zne,unmitigated,0.304765611991494,0.304765611991494,-0.304765611991494,-0.10295363726542187,7168,ideal
5,10,74010,1.0162516574824494,0.01625165748244939,0.01625165748244939,0.0002641163709268532,10240,0.705859375,-0.29414062500000004,0.29414062500000004,0.08651870727539065,3072,readout_mitigation_plus_zne,unmitigated,0.31039228248244943,0.31039228248244943,-0.27788896751755066,-0.0862545909044638,7168,ideal
5,11,74011,0.9940212942788642,-0.005978705721135791,0.005978705721135791,3.5744922099941835e-05,10240,0.711328125,-0.288671875,0.288671875,0.08333145141601564,3072,readout_mitigation_plus_zne,unmitigated,0.28269316927886423,0.28269316927886423,-0.28269316927886423,-0.0832957064939157,7168,ideal
5,12,74012,1.0107126910700917,0.010712691070091651,0.010712691070091651,0.0001147617499632214,10240,0.70234375,-0.29765624999999996,0.29765624999999996,0.08859924316406248,3072,readout_mitigation_plus_zne,unmitigated,0.3083689410700916,0.3083689410700916,-0.2869435589299083,-0.08848448141409926,7168,ideal
5,13,74013,0.927644984731184,-0.07235501526881605,0.07235501526881605,0.005235248234550603,10240,0.6861328125,-0.3138671875,0.3138671875,0.09851261138916015,3072,readout_mitigation_plus_zne,unmitigated,0.24151217223118393,0.24151217223118393,-0.24151217223118393,-0.09327736315460955,7168,ideal
5,14,74014,1.0287496326730463,0.02874963267304631,0.02874963267304631,0.000826541378835092,10240,0.6939453125,-0.3060546875,0.3060546875,0.09366947174072264,3072,readout_mitigation_plus_zne,unmitigated,0.3348043201730463,0.3348043201730463,-0.27730505482695367,-0.09284293036188755,7168,ideal
5,15,74015,0.9964256036706306,-0.0035743963293694003,0.0035743963293694003,1.2776309119409443e-05,10240,0.692578125,-0.30742187499999996,0.30742187499999996,0.09450820922851559,3072,readout_mitigation_plus_zne,unmitigated,0.30384747867063056,0.30384747867063056,-0.30384747867063056,-0.09449543291939619,7168,ideal
5,16,74016,0.9829660103835088,-0.017033989616491163,0.017033989616491163,0.00029015680225472876,10240,0.6892578125,-0.31074218750000004,0.31074218750000004,0.09656070709228519,3072,readout_mitigation_plus_zne,unmitigated,0.2937081978835089,0.2937081978835089,-0.2937081978835089,-0.09627055029003045,7168,ideal
5,17,74017,0.980174128968672,-0.019825871031328046,0.019825871031328046,0.0003930651621508526,10240,0.702734375,-0.297265625,0.297265625,0.08836685180664061,3072,readout_mitigation_plus_zne,unmitigated,0.27743975396867193,0.27743975396867193,-0.27743975396867193,-0.08797378664448977,7168,ideal
5,18,74018,1.0300528952101522,0.030052895210152197,0.030052895210152197,0.0009031765105123889,10240,0.7056640625,-0.2943359375,0.2943359375,0.0866336441040039,3072,readout_mitigation_plus_zne,unmitigated,0.3243888327101522,0.3243888327101522,-0.2642830422898478,-0.08573046759349151,7168,ideal
5,19,74019,0.986033069624648,-0.013966930375352016,0.013966930375352016,0.0001950751441099308,10240,0.68984375,-0.31015625,0.31015625,0.09619689941406251,3072,readout_mitigation_plus_zne,unmitigated,0.296189319624648,0.296189319624648,-0.296189319624648,-0.09600182426995257,7168,ideal
